day,ticker,trades,net,gross,wins
2026-09-24,ADANIPOWER,2,0.1456634545203386,0.41826345452033864,2
2026-09-25,ADANIPOWER,2,0.03181533026542005,0.30441533026542006,1
2026-09-22,MAHABANK,1,-0.006310905125405386,0.12998909487459462,0
2026-09-22,IDFCFIRSTB,1,-0.28629999999999856,-0.14999999999999852,0
2026-09-24,IDFCFIRSTB,2,-0.21254519895161586,0.06005480104838412,1
2026-09-25,IDFCFIRSTB,1,-0.28629999999999334,-0.14999999999999336,0
2026-09-22,LICI,1,-0.28629999999999833,-0.1499999999999983,0
2026-09-24,LICI,1,0.11002398368961325,0.24632398368961325,1
2026-09-25,MOTHERSON,1,-0.017594089029433338,0.11870591097056667,0
2026-09-22,TATASTEEL,1,-0.008527349221003788,0.12777265077899622,0
2026-09-25,TATASTEEL,1,0.007617197452230662,0.14391719745223067,1
2026-09-15,ADANIPOWER,1,-0.028479930795834232,0.10782006920416577,0
2026-09-15,MAHABANK,1,0.03692580645162266,0.17322580645162267,1
2026-09-16,MAHABANK,1,-0.2863000000000014,-0.15000000000000138,0
2026-09-15,IDFCFIRSTB,1,-0.2863000000000099,-0.15000000000000985,0
2026-09-15,MOTHERSON,2,-0.2656279882286641,0.006972011771335884,1
2026-09-16,MOTHERSON,1,-0.2863000000000023,-0.15000000000000227,0
2026-09-16,TATASTEEL,2,-0.5725999999999979,-0.2999999999999979,0
2026-09-17,TATASTEEL,1,-0.2862999999999917,-0.1499999999999917,0
2026-09-09,ADANIPOWER,2,0.11228214040003472,0.3848821404000347,1
2026-09-10,ADANIPOWER,1,-0.05218785046728654,0.08411214953271347,0
2026-09-11,ADANIPOWER,1,0.04518908734896693,0.18148908734896693,1
2026-09-09,MAHABANK,1,0.08366441281138395,0.21996441281138396,1
2026-09-10,MAHABANK,1,-0.2863,-0.15000000000000002,0
2026-09-09,IDFCFIRSTB,1,0.07643043478261216,0.21273043478261217,1
2026-09-11,IDFCFIRSTB,2,-0.5726000000000135,-0.30000000000001353,0
2026-09-11,LICI,1,-0.2862999999999989,-0.1499999999999989,0
2026-09-09,MOTHERSON,1,-0.2862999999999951,-0.1499999999999951,0
2026-09-11,MOTHERSON,2,-0.30410668286755427,-0.03150668286755423,0
2026-09-11,TATASTEEL,1,-0.2863000000000082,-0.1500000000000082,0
2026-08-31,ADANIPOWER,1,-0.286300000000007,-0.15000000000000702,0
2026-08-31,LICI,1,-0.2862999999999931,-0.14999999999999308,0
2026-08-31,MOTHERSON,1,0.04835029041626954,0.18465029041626954,1
2026-09-01,MOTHERSON,1,-0.28630000000000055,-0.15000000000000055,0
2026-08-31,TATASTEEL,1,-0.2862999999999986,-0.1499999999999986,0
2026-09-02,TATASTEEL,1,-0.2863000000000091,-0.1500000000000091,0
2026-08-19,IDFCFIRSTB,1,-0.2862999999999931,-0.14999999999999314,0
2026-08-19,MOTHERSON,1,-0.28629999999999256,-0.14999999999999258,0
2026-08-20,MOTHERSON,1,-0.28630000000000216,-0.15000000000000216,0
2026-08-17,TATASTEEL,1,-0.2863000000000018,-0.1500000000000018,0
2026-08-19,TATASTEEL,1,0.043135593496810454,0.17943559349681046,1
2026-08-11,ADANIPOWER,1,0.05182765957447663,0.18812765957447664,1
2026-08-12,IDFCFIRSTB,1,0.1275275375939849,0.2638275375939849,1
2026-08-12,LICI,1,-0.28629999999999084,-0.14999999999999084,0
2026-08-12,MOTHERSON,1,-0.2862999999999908,-0.14999999999999078,0
2026-08-14,MOTHERSON,1,-0.28629999999999967,-0.14999999999999966,0
2026-08-14,TATASTEEL,2,0.0025099959830505447,0.2751099959830505,1
2026-08-07,MAHABANK,1,-0.28629999999998834,-0.14999999999998836,0
2026-08-05,IDFCFIRSTB,1,0.0680620629166381,0.2043620629166381,1
2026-08-04,MOTHERSON,1,-0.009919795131018927,0.12638020486898108,0
2026-07-30,ADANIPOWER,2,-0.5726000000000092,-0.30000000000000926,0
2026-07-30,MAHABANK,1,-0.28629999999999345,-0.14999999999999342,0
2026-07-30,IDFCFIRSTB,1,-0.2863000000000023,-0.15000000000000227,0
2026-07-30,LICI,1,-0.286299999999988,-0.149999999999988,0
2026-07-30,MOTHERSON,2,-0.035897716404432775,0.23670228359556722,0
2026-07-30,TATASTEEL,1,-0.2862999999999949,-0.1499999999999949,0
2026-07-21,ADANIPOWER,1,-0.28630000000000266,-0.15000000000000263,0
2026-07-24,ADANIPOWER,1,-0.2862999999999978,-0.1499999999999978,0
2026-07-23,MAHABANK,1,-0.032214198161374094,0.10408580183862591,0
2026-07-24,MAHABANK,2,0.10474300699763942,0.37734300699763945,2
2026-07-24,IDFCFIRSTB,2,-0.0738353381582155,0.1987646618417845,1
2026-07-20,LICI,1,0.0369902033271719,0.1732902033271719,1
2026-07-21,LICI,1,-0.2863000000000032,-0.1500000000000032,0
2026-07-20,MOTHERSON,1,-0.28629999999999045,-0.14999999999999047,0
2026-07-22,MOTHERSON,1,0.08483993174061621,0.22113993174061622,1
2026-07-23,MOTHERSON,1,-0.2862999999999907,-0.14999999999999067,0
2026-07-24,MOTHERSON,1,-0.286299999999995,-0.14999999999999503,0
2026-07-20,TATASTEEL,1,-0.10950902320097983,0.026790976799020184,0
2026-07-15,ADANIPOWER,1,0.006405521753063359,0.14270552175306336,1
2026-07-17,ADANIPOWER,2,-0.26919724804760287,0.0034027519523971705,1
2026-07-15,MAHABANK,1,-0.01247391304345262,0.12382608695654738,0
2026-07-17,MAHABANK,1,-0.28629999999999955,-0.14999999999999955,0
2026-07-15,IDFCFIRSTB,1,-0.28629999999999883,-0.14999999999999883,0
2026-07-17,IDFCFIRSTB,1,0.014925952470772025,0.15122595247077203,1
2026-07-15,LICI,1,-0.020346780969667855,0.11595321903033215,0
2026-07-17,LICI,1,-0.2862999999999939,-0.14999999999999392,0
2026-07-13,MOTHERSON,1,-0.28629999999999933,-0.1499999999999993,0
2026-07-15,MOTHERSON,1,-0.28630000000001526,-0.15000000000001526,0
2026-07-17,MOTHERSON,1,-0.28629999999999517,-0.14999999999999516,0
2026-07-13,TATASTEEL,1,-0.2863000000000095,-0.1500000000000095,0
2026-07-15,TATASTEEL,1,0.05685761448351109,0.1931576144835111,1
2026-07-17,TATASTEEL,1,-0.2862999999999968,-0.14999999999999677,0
2026-07-07,ADANIPOWER,1,-0.2863000000000078,-0.15000000000000782,0
2026-07-08,ADANIPOWER,6,-0.7560944128701168,0.06170558712988328,1
2026-07-09,ADANIPOWER,3,-0.523793421536183,-0.11489342153618298,1
2026-07-08,MAHABANK,3,-0.11683222112654307,0.2920677788734569,2
2026-07-09,MAHABANK,2,-0.25326176470586903,0.01933823529413098,1
2026-07-08,IDFCFIRSTB,3,-0.10546447453136734,0.3034355254686326,2
2026-07-09,IDFCFIRSTB,2,-0.5725999999999931,-0.29999999999999316,0
2026-07-08,LICI,3,-0.6014388601036218,-0.19253886010362187,0
2026-07-09,LICI,1,-0.28629999999999434,-0.14999999999999433,0
2026-07-07,MOTHERSON,1,-0.027250226244334652,0.10904977375566535,0
2026-07-08,MOTHERSON,3,-0.2748911897539952,0.13400881024600492,2
2026-07-09,MOTHERSON,1,-0.28629999999999567,-0.14999999999999566,0
2026-07-08,TATASTEEL,3,-0.22694104547459124,0.18195895452540875,2
2026-07-09,TATASTEEL,2,-0.5726000000000009,-0.3000000000000009,0
2026-06-29,ADANIPOWER,1,-0.2863000000000008,-0.15000000000000077,0
2026-06-30,ADANIPOWER,1,0.013994695481350516,0.15029469548135052,1
2026-06-29,MAHABANK,2,-0.5726000000000118,-0.3000000000000118,0
2026-06-30,MAHABANK,2,-0.23959716713880352,0.03300283286119646,1
2026-07-03,MAHABANK,1,-0.2862999999999989,-0.14999999999999886,0
2026-06-29,IDFCFIRSTB,1,-0.006888235294095407,0.1294117647059046,0
2026-06-30,IDFCFIRSTB,3,-0.2404939877118853,0.16840601228811472,2
2026-07-03,IDFCFIRSTB,1,-0.28629999999999856,-0.14999999999999855,0
2026-06-29,LICI,1,0.042530083565471666,0.17883008356547167,1
2026-06-30,LICI,1,-0.2863000000000082,-0.15000000000000818,0
2026-07-01,LICI,1,-0.28629999999998834,-0.1499999999999883,0
2026-06-29,MOTHERSON,2,-0.5726000000000112,-0.30000000000001126,0
2026-06-30,MOTHERSON,3,-0.47907012978277186,-0.07017012978277193,1
2026-06-30,TATASTEEL,3,-0.5855574585635221,-0.1766574585635222,0
2026-07-01,TATASTEEL,1,-0.021285501020283884,0.11501449897971612,0
2026-07-03,TATASTEEL,1,-0.2863000000000074,-0.15000000000000738,0
2026-06-23,ADANIPOWER,3,-0.02315053552347557,0.3857494644765245,2
2026-06-24,ADANIPOWER,1,0.036307961190273436,0.17260796119027344,1
2026-06-23,MAHABANK,1,-0.28630000000001055,-0.15000000000001054,0
2026-06-25,MAHABANK,1,-0.2863000000000018,-0.15000000000000177,0
2026-06-23,IDFCFIRSTB,2,-0.5726000000000213,-0.3000000000000213,0
2026-06-24,IDFCFIRSTB,1,-0.032734029546605745,0.10356597045339426,0
2026-06-23,LICI,3,-0.24945882650553391,0.1594411734944661,2
2026-06-23,MOTHERSON,2,0.05781341250081057,0.3304134125008106,1
2026-06-23,TATASTEEL,1,-0.286300000000002,-0.150000000000002,0
2026-06-24,TATASTEEL,1,-0.28629999999999,-0.14999999999999,0
2026-06-25,TATASTEEL,2,-0.5726000000000012,-0.30000000000000115,0
2026-06-18,ADANIPOWER,1,-0.28630000000000133,-0.1500000000000013,0
2026-06-19,ADANIPOWER,2,-0.006184833059110273,0.26641516694088974,1
2026-06-17,MAHABANK,1,-0.002628803742488861,0.13367119625751114,0
2026-06-18,MAHABANK,1,-0.28630000000001343,-0.15000000000001346,0
2026-06-19,MAHABANK,1,-0.28629999999999023,-0.14999999999999022,0
2026-06-19,IDFCFIRSTB,1,-0.020450991357416445,0.11584900864258356,0
2026-06-16,MOTHERSON,1,-0.03334747071170531,0.1029525292882947,0
2026-06-17,MOTHERSON,1,-0.02989504132230511,0.1064049586776949,0
2026-06-18,MOTHERSON,1,-0.2862999999999868,-0.1499999999999868,0
2026-06-15,TATASTEEL,1,0.10327974683544827,0.23957974683544828,1
2026-06-17,TATASTEEL,1,-0.2862999999999907,-0.14999999999999067,0
2026-06-09,ADANIPOWER,3,-0.8589000000000135,-0.4500000000000136,0
2026-06-11,ADANIPOWER,1,-0.28629999999999095,-0.14999999999999095,0
2026-06-12,ADANIPOWER,2,0.12199987399664844,0.3945998739966484,1
2026-06-09,MAHABANK,1,0.0569844036697128,0.1932844036697128,1
2026-06-11,MAHABANK,3,-0.35287584081614354,0.0560241591838565,0
2026-06-11,IDFCFIRSTB,2,-0.5726000000000072,-0.30000000000000726,0
2026-06-08,LICI,1,-0.2862999999999989,-0.14999999999999888,0
2026-06-11,LICI,1,-0.286299999999997,-0.14999999999999702,0
2026-06-09,MOTHERSON,2,-0.5726000000000078,-0.3000000000000077,0
2026-06-10,MOTHERSON,1,0.037561802876201256,0.17386180287620126,1
2026-06-11,MOTHERSON,1,-0.2863000000000052,-0.15000000000000518,0
2026-06-09,TATASTEEL,4,-0.8381207700301834,-0.2929207700301834,1
2026-06-10,TATASTEEL,2,-0.5726000000000127,-0.3000000000000126,0
2026-06-11,TATASTEEL,4,-1.1451999999999862,-0.5999999999999861,0
2026-06-01,ADANIPOWER,2,-0.5726000000000205,-0.3000000000000206,0
2026-06-02,ADANIPOWER,3,-0.4997738287208634,-0.09087382872086341,1
2026-06-03,ADANIPOWER,3,-0.5392123794832439,-0.1303123794832438,1
2026-06-04,ADANIPOWER,3,-0.858899999999998,-0.44999999999999796,0
2026-06-05,ADANIPOWER,5,-0.07947099970400448,0.6020290002959956,2
2026-06-01,MAHABANK,1,-0.28630000000001066,-0.15000000000001062,0
2026-06-03,MAHABANK,2,-0.5725999999999984,-0.2999999999999985,0
2026-06-04,MAHABANK,3,-0.2045132533225779,0.20438674667742207,2
2026-06-05,MAHABANK,4,-0.7697122561280463,-0.22451225612804634,1
2026-06-01,IDFCFIRSTB,5,-1.1284382022471724,-0.4469382022471724,1
2026-06-02,IDFCFIRSTB,2,-0.2396372468488761,0.032962753151123875,1
2026-06-03,IDFCFIRSTB,5,-0.42924274546255814,0.25225725453744197,2
2026-06-04,IDFCFIRSTB,3,-0.3302206262560531,0.0786793737439469,0
2026-06-05,IDFCFIRSTB,6,-0.6833220355291325,0.13447796447086752,2
2026-06-02,LICI,1,-0.2863000000000059,-0.15000000000000585,0
2026-06-03,LICI,4,-0.2333339278907046,0.3118660721092954,1
2026-06-04,LICI,1,0.0527521029504108,0.1890521029504108,1
2026-06-05,LICI,3,-0.5592740648378965,-0.1503740648378965,1
2026-06-02,MOTHERSON,4,-0.8914514944792178,-0.3462514944792178,0
2026-06-03,MOTHERSON,6,-0.47308892463413943,0.34471107536586076,2
2026-06-04,MOTHERSON,3,-0.33250997785519637,0.07639002214480364,0
2026-06-05,MOTHERSON,6,-1.2865326869806222,-0.4687326869806223,1
2026-06-01,TATASTEEL,1,-0.03416096256683497,0.10213903743316503,0
2026-06-02,TATASTEEL,1,0.22441887034660038,0.3607188703466004,1
2026-06-03,TATASTEEL,4,-0.48878679536222625,0.056413204637773745,2
2026-06-04,TATASTEEL,2,-0.28019043007689703,-0.00759043007689697,1
2026-06-05,TATASTEEL,4,-0.8672591085271424,-0.3220591085271424,0
