day,ticker,trades,net,gross,wins,targets
2026-09-25,ADANIPOWER,3,0.01110000000000666,0.4200000000000067,2,2
2026-09-24,MAHABANK,1,0.16369999999998222,0.2999999999999822,1,1
2026-09-25,MAHABANK,1,-0.31629999999999925,-0.17999999999999922,0,0
2026-09-23,IDFCFIRSTB,3,-0.14353479158744417,0.26536520841255584,1,1
2026-09-21,LICI,1,-0.31630000000000746,-0.1800000000000075,0,0
2026-09-24,LICI,1,0.1636999999999865,0.2999999999999865,1,1
2026-09-22,MOTHERSON,1,-0.08113604045356826,0.05516395954643175,0,0
2026-09-25,MOTHERSON,1,0.043824223602479506,0.1801242236024795,1,0
2026-09-21,TATASTEEL,1,0.16369999999999643,0.29999999999999644,1,1
2026-09-23,TATASTEEL,1,-0.3163000000000067,-0.18000000000000668,0,0
2026-09-17,MAHABANK,1,-0.31629999999999514,-0.17999999999999514,0,0
2026-09-18,MAHABANK,1,0.1636999999999955,0.2999999999999955,1,1
2026-09-16,MOTHERSON,1,0.163699999999996,0.299999999999996,1,1
2026-09-17,MOTHERSON,1,0.1637000000000017,0.3000000000000017,1,1
2026-09-16,TATASTEEL,2,-0.17211359163568513,0.1004864083643149,0,0
2026-09-17,TATASTEEL,2,-0.15260000000001037,0.11999999999998961,1,1
2026-09-08,ADANIPOWER,1,-0.3163000000000004,-0.1800000000000004,0,0
2026-09-09,ADANIPOWER,3,-0.46889999999999576,-0.05999999999999578,1,1
2026-09-11,MAHABANK,2,-0.511701654846344,-0.23910165484634394,0,0
2026-09-07,MOTHERSON,1,-0.06335167173252004,0.07294832826747996,0,0
2026-09-08,MOTHERSON,1,-0.3163000000000061,-0.18000000000000607,0,0
2026-09-09,TATASTEEL,4,-0.8904529080477924,-0.3452529080477923,1,0
2026-08-31,ADANIPOWER,2,-0.1526000000000138,0.11999999999998617,1,1
2026-09-01,ADANIPOWER,4,-0.30520000000001085,0.23999999999998908,2,2
2026-09-02,ADANIPOWER,1,-0.3163000000000064,-0.1800000000000064,0,0
2026-09-01,MAHABANK,1,-0.316300000000001,-0.18000000000000105,0,0
2026-09-03,MAHABANK,2,-0.03054414184724824,0.24205585815275177,1,1
2026-09-03,IDFCFIRSTB,2,0.32739999999999775,0.5999999999999978,2,2
2026-08-31,MOTHERSON,1,0.16369999999998278,0.2999999999999828,1,1
2026-09-01,TATASTEEL,2,-0.15260000000000493,0.11999999999999506,1,1
2026-09-02,TATASTEEL,1,-0.3163000000000026,-0.18000000000000257,0,0
2026-09-04,TATASTEEL,1,-0.3163000000000019,-0.18000000000000188,0,0
2026-08-27,ADANIPOWER,4,-0.7852000000000033,-0.24000000000000327,1,1
2026-08-25,MAHABANK,1,0.1636999999999936,0.2999999999999936,1,1
2026-08-28,MAHABANK,1,0.16369999999999055,0.29999999999999055,1,1
2026-08-24,LICI,1,0.16369999999999899,0.299999999999999,1,1
2026-08-25,LICI,1,0.16370000000000653,0.30000000000000654,1,1
2026-08-28,LICI,1,-0.31630000000000413,-0.18000000000000413,0,0
2026-08-27,MOTHERSON,1,-0.13023718928095618,0.006062810719043838,0,0
2026-08-28,MOTHERSON,1,-0.31630000000000896,-0.18000000000000896,0,0
2026-08-26,TATASTEEL,2,-0.0017033124325911142,0.2708966875674089,1,0
2026-08-17,ADANIPOWER,1,-0.31629999999999914,-0.1799999999999991,0,0
2026-08-18,ADANIPOWER,2,0.2442152252469362,0.5168152252469362,2,1
2026-08-21,MAHABANK,1,0.038700000000000706,0.1750000000000007,1,0
2026-08-19,MOTHERSON,1,-0.3163000000000106,-0.1800000000000106,0,0
2026-08-10,ADANIPOWER,1,-0.31629999999999747,-0.17999999999999744,0,0
2026-08-12,MAHABANK,2,-0.33026087594812886,-0.05766087594812887,0,0
2026-08-13,MAHABANK,2,-0.15260000000000098,0.119999999999999,1,1
2026-08-12,IDFCFIRSTB,1,0.16369999999999688,0.2999999999999969,1,1
2026-08-11,LICI,3,-0.7197478741705561,-0.3108478741705561,0,0
2026-08-12,LICI,1,-0.31630000000000025,-0.18000000000000022,0,0
2026-08-10,MOTHERSON,2,-0.28020670550471005,-0.007606705504710098,1,0
2026-08-14,MOTHERSON,1,-0.15998826246594341,-0.023688262465943407,0,0
2026-08-12,TATASTEEL,2,-0.6326000000000089,-0.36000000000000887,0,0
2026-08-06,ADANIPOWER,1,-0.3163000000000006,-0.18000000000000058,0,0
2026-08-07,ADANIPOWER,1,-0.31630000000000824,-0.18000000000000824,0,0
2026-08-03,MAHABANK,1,0.1636999999999947,0.2999999999999947,1,1
2026-08-03,IDFCFIRSTB,1,-0.31629999999999653,-0.17999999999999652,0,0
2026-08-04,MOTHERSON,2,-0.5842742379353467,-0.3116742379353467,0,0
2026-08-05,MOTHERSON,2,0.1380050748210654,0.4106050748210654,1,1
2026-08-06,MOTHERSON,6,-1.250568945923532,-0.43276894592353204,1,1
2026-08-07,MOTHERSON,6,-1.4178000000000102,-0.6000000000000102,1,1
2026-08-05,TATASTEEL,1,-0.31630000000000946,-0.18000000000000946,0,0
2026-07-29,ADANIPOWER,1,0.16370000000000415,0.30000000000000415,1,1
2026-07-31,ADANIPOWER,1,-0.316299999999996,-0.17999999999999597,0,0
2026-07-27,IDFCFIRSTB,2,-0.16699067174514756,0.10560932825485246,1,0
2026-07-28,IDFCFIRSTB,1,0.16370000000000265,0.30000000000000265,1,1
2026-07-30,LICI,1,0.09018706639646887,0.22648706639646887,1,0
2026-07-28,MOTHERSON,1,-0.3162999999999956,-0.17999999999999558,0,0
2026-07-29,MOTHERSON,1,-0.31630000000001157,-0.1800000000000116,0,0
2026-07-30,MOTHERSON,1,-0.2248558583106236,-0.0885558583106236,0,0
2026-07-29,TATASTEEL,1,-0.31629999999999564,-0.17999999999999564,0,0
2026-07-31,TATASTEEL,2,-0.4367295032534593,-0.1641295032534592,0,0
2026-07-20,ADANIPOWER,1,-0.3163000000000005,-0.18000000000000052,0,0
2026-07-21,ADANIPOWER,1,-0.14080714382295528,-0.0045071438229552915,0,0
2026-07-22,ADANIPOWER,7,-0.29410000000004244,0.6599999999999576,4,4
2026-07-23,ADANIPOWER,3,-0.6839021249468914,-0.2750021249468914,0,0
2026-07-24,ADANIPOWER,1,-0.022722791159902958,0.11357720884009705,0,0
2026-07-20,MAHABANK,1,-0.24800410822887356,-0.11170410822887356,0,0
2026-07-23,MAHABANK,3,0.204675568163,0.613575568163,2,1
2026-07-24,MAHABANK,1,-0.08590947341900726,0.050390526580992745,0,0
2026-07-22,IDFCFIRSTB,1,-0.010955302080729118,0.1253446979192709,0,0
2026-07-24,IDFCFIRSTB,1,-0.17358097427612917,-0.03728097427612916,0,0
2026-07-22,MOTHERSON,2,0.22919528216545845,0.5017952821654584,2,1
2026-07-23,MOTHERSON,1,-0.14997427868180654,-0.013674278681806531,0,0
2026-07-14,ADANIPOWER,6,-0.4578000000000022,0.3599999999999978,3,3
2026-07-17,ADANIPOWER,1,-0.028521180880979505,0.1077788191190205,0,0
2026-07-13,MAHABANK,2,-0.15260000000000704,0.11999999999999295,1,1
2026-07-17,IDFCFIRSTB,4,0.17479999999999132,0.7199999999999913,3,3
2026-07-13,LICI,1,-0.0006608002712732708,0.13563919972872673,0,0
2026-07-17,LICI,1,-0.3162999999999973,-0.1799999999999973,0,0
2026-07-13,MOTHERSON,3,-0.09979788485783023,0.30910211514216984,2,1
2026-07-15,MOTHERSON,2,-0.522706561974192,-0.2501065619741919,0,0
2026-07-16,MOTHERSON,1,-0.10851257381035635,0.027787426189643655,0,0
2026-07-17,MOTHERSON,1,0.1423485545106076,0.2786485545106076,1,0
2026-07-15,TATASTEEL,1,-0.3163000000000065,-0.18000000000000652,0,0
2026-07-06,ADANIPOWER,3,0.49109999999999476,0.8999999999999948,3,3
2026-07-07,ADANIPOWER,1,-0.3163000000000027,-0.1800000000000027,0,0
2026-07-08,ADANIPOWER,4,-0.16127178284786875,0.3839282171521312,2,2
2026-07-10,ADANIPOWER,1,0.1637000000000046,0.3000000000000046,1,1
2026-07-06,MAHABANK,2,-0.23737571363842225,0.035224286361577734,1,0
2026-07-08,MAHABANK,1,0.1636999999999936,0.2999999999999936,1,1
2026-07-09,MAHABANK,1,-0.3163000000000028,-0.18000000000000277,0,0
2026-07-10,MAHABANK,12,-2.3556000000000363,-0.720000000000036,3,3
2026-07-06,IDFCFIRSTB,2,-0.5138294881214825,-0.2412294881214825,0,0
2026-07-08,IDFCFIRSTB,2,-0.6325999999999988,-0.3599999999999988,0,0
2026-07-08,LICI,1,-0.3163000000000039,-0.18000000000000393,0,0
2026-07-09,LICI,1,-0.316300000000005,-0.180000000000005,0,0
2026-07-10,LICI,1,0.1637000000000047,0.3000000000000047,1,1
2026-07-06,MOTHERSON,2,-0.6325999999999965,-0.35999999999999643,0,0
2026-07-07,MOTHERSON,2,-0.15260000000001642,0.11999999999998359,1,1
2026-07-08,MOTHERSON,2,-0.6325999999999978,-0.3599999999999978,0,0
2026-07-09,MOTHERSON,3,0.1371643059150161,0.5460643059150161,2,1
2026-07-10,TATASTEEL,1,0.16370000000000248,0.3000000000000025,1,1
2026-06-29,ADANIPOWER,1,-0.3162999999999969,-0.1799999999999969,0,0
2026-07-01,ADANIPOWER,3,-0.7295213082476496,-0.32062130824764956,0,0
2026-07-02,ADANIPOWER,1,-0.3162999999999967,-0.17999999999999666,0,0
2026-06-29,MAHABANK,7,-1.1971437226469623,-0.24304372264696217,1,1
2026-06-30,MAHABANK,3,-0.3106746325530989,0.09822536744690111,1,1
2026-07-01,MAHABANK,3,-0.5405507874978199,-0.1316507874978199,0,0
2026-07-02,MAHABANK,1,0.16369999999999577,0.29999999999999577,1,1
2026-07-03,MAHABANK,1,-0.31630000000000447,-0.18000000000000443,0,0
2026-07-03,IDFCFIRSTB,2,-0.37815831265510885,-0.10555831265510884,0,0
2026-06-29,LICI,1,-0.3162999999999976,-0.17999999999999755,0,0
2026-06-29,MOTHERSON,1,0.16369999999998228,0.2999999999999823,1,1
2026-06-30,MOTHERSON,1,0.1636999999999976,0.2999999999999976,1,1
2026-07-01,MOTHERSON,1,-0.16353682418631382,-0.027236824186313808,0,0
2026-06-23,ADANIPOWER,2,-0.6326000000000074,-0.36000000000000737,0,0
2026-06-25,ADANIPOWER,1,0.16369999999999482,0.2999999999999948,1,1
2026-06-25,MAHABANK,1,-0.3163000000000098,-0.18000000000000976,0,0
2026-06-22,IDFCFIRSTB,3,-0.9489000000000177,-0.5400000000000177,0,0
2026-06-25,IDFCFIRSTB,1,0.16370000000000076,0.30000000000000077,1,1
2026-06-25,MOTHERSON,3,-0.9489000000000037,-0.5400000000000038,0,0
2026-06-22,TATASTEEL,1,-0.09633596762912755,0.03996403237087246,0,0
2026-06-23,TATASTEEL,1,-0.14147920033147884,-0.005179200331478831,0,0
2026-06-24,TATASTEEL,2,-0.15260000000001725,0.11999999999998276,1,1
2026-06-16,ADANIPOWER,1,-0.3163000000000037,-0.18000000000000366,0,0
2026-06-18,ADANIPOWER,3,0.28357027741083174,0.6924702774108318,2,2
2026-06-19,ADANIPOWER,3,-0.6488159411588172,-0.23991594115881718,0,0
2026-06-15,MAHABANK,1,-0.21488987313348284,-0.07858987313348285,0,0
2026-06-17,MAHABANK,6,-0.25540859829824825,0.5623914017017518,3,3
2026-06-18,MAHABANK,1,-0.003453769511785082,0.13284623048821492,0,0
2026-06-19,MAHABANK,1,0.14030986944014165,0.27660986944014165,1,0
2026-06-15,IDFCFIRSTB,1,-0.3162999999999963,-0.1799999999999963,0,0
2026-06-18,IDFCFIRSTB,1,-0.3162999999999959,-0.17999999999999594,0,0
2026-06-17,LICI,1,-0.051574751876053565,0.08472524812394644,0,0
2026-06-18,LICI,3,-0.7222799533799581,-0.313379953379958,0,0
2026-06-19,LICI,3,-0.9489000000000096,-0.5400000000000096,0,0
2026-06-16,MOTHERSON,1,-0.316300000000004,-0.18000000000000402,0,0
2026-06-17,MOTHERSON,2,-0.15260000000001014,0.11999999999998984,1,1
2026-06-19,MOTHERSON,1,-0.108827472527478,0.027472527472522008,0,0
2026-06-08,ADANIPOWER,1,0.16369999999999854,0.29999999999999855,1,1
2026-06-09,ADANIPOWER,2,-0.15260000000000748,0.1199999999999925,1,1
2026-06-10,ADANIPOWER,1,-0.2426546929008283,-0.10635469290082829,0,0
2026-06-11,ADANIPOWER,2,-0.15260000000001325,0.11999999999998676,1,1
2026-06-12,ADANIPOWER,1,0.1637000000000041,0.3000000000000041,1,1
2026-06-09,MAHABANK,4,-0.7493614608361417,-0.20416146083614162,1,1
2026-06-10,MAHABANK,1,-0.31629999999999586,-0.17999999999999586,0,0
2026-06-11,MAHABANK,1,-0.005518880038046098,0.1307811199619539,0,0
2026-06-12,MAHABANK,3,-0.05291179941002455,0.3559882005899755,2,1
2026-06-12,IDFCFIRSTB,1,-0.31629999999999403,-0.179999999999994,0,0
2026-06-11,MOTHERSON,1,0.1637000000000091,0.3000000000000091,1,1
2026-06-12,MOTHERSON,1,-0.1292517902452841,0.00704820975471589,0,0
2026-06-01,ADANIPOWER,3,0.491099999999954,0.8999999999999542,3,3
2026-06-02,ADANIPOWER,3,-0.8072795309168407,-0.39837953091684064,0,0
2026-06-04,ADANIPOWER,1,-0.05057346763823892,0.08572653236176109,0,0
2026-06-05,ADANIPOWER,1,-0.050093103448280774,0.08620689655171923,0,0
2026-06-02,MAHABANK,1,0.16369999999999837,0.2999999999999984,1,1
2026-06-03,MAHABANK,1,-0.06045623814940934,0.07584376185059066,0,0
2026-06-05,MAHABANK,2,-0.1526000000000011,0.11999999999999894,1,1
2026-06-02,IDFCFIRSTB,3,-0.6429906547286004,-0.2340906547286005,0,0
2026-06-03,IDFCFIRSTB,1,-0.31629999999999436,-0.1799999999999944,0,0
2026-06-01,MOTHERSON,3,-0.0025271565271952068,0.4063728434728048,2,1
2026-06-02,MOTHERSON,2,-0.13168147738275968,0.1409185226172403,1,1
2026-06-03,MOTHERSON,1,-0.31629999999999725,-0.17999999999999722,0,0
2026-06-04,MOTHERSON,1,-0.12940297261880757,0.00689702738119243,0,0
2026-06-05,MOTHERSON,1,-0.3163000000000069,-0.1800000000000069,0,0
