ret1_pct,ret2_pct,ret3_pct,prev_ret1_pct,same_dir_2bar,accel_pct,range_pct,body_pct,body_efficiency,close_loc,upper_wick_pct,lower_wick_pct,vol_z20,vol_accel,range_z20,break_up10,break_dn10,dist_hi10_pct,dist_lo10_pct,dist_vwap_pct,mkt_ret1_pct,mkt_ret3_pct,rel_ret1_pct,rel_ret3_pct,vix_ret1_pct,sector_ret1_pct,sector_rel1_pct,tod_sin,tod_cos,gap_pct,ts,direction,event_score,long_score,short_score,outcome_net_pct,gross_pct,best_fav_pct,exit_bar,exit_reason,target_pct,stop_pct,ticker
0.17921146953403522,0.3230437903804617,0.41916167664670656,0.1435750179468842,1.0,0.01768957434380436,0.17889087656528502,0.17889087656528502,1.0,1.0,0.0,0.0,3.9322120672612315,2.9445661456206143,4.242302289577755,1.0,0.0,0.15527950310558758,0.47932893948470223,-2.767239423533685,0.012129928866633222,-0.0054141968905185855,0.167081540667402,0.42457587353722515,0.1607717041800738,0.0,0.17921146953403522,0.9631625667976582,0.2689198206152657,0.011950286806872157,2026-09-25 11:50:00,1,7.658482456891309,7.658482456891309,2.7627011298464126,0.018738759689940515,0.15503875968994052,0.15503875968994052,159,PROFIT_LOCK,0.2629516994633187,0.08050089445437826,IDFCFIRSTB
0.2218189151038441,0.3888299752562885,0.46492823933697025,0.16664141796698395,1.0,0.027403927475699863,0.2515090543259557,0.2515090543259557,1.0,1.0,0.0,0.0,1.5592872224157968,1.5873101742725761,1.8988897447951432,1.0,0.0,0.2218189151038441,1.1704834605598124,-2.904848747181976,0.046568749553266287,0.08450557736809916,0.17525016555057782,0.3804226619688711,-0.23980815347721673,0.0,0.2218189151038441,0.4295656758274283,0.9030356195360872,0.4369005172500495,2026-09-25 10:08:00,1,6.4351883974960575,6.4351883974960575,1.0486131357452337,-0.03571661637498083,0.10058338362501917,0.21625427479381454,54,PROFIT_LOCK,0.32504024144869215,0.11317907444668007,ADANIPOWER
0.2626492888646581,0.2626492888646581,0.267618198037467,0.0,0.0,0.13132464443232905,0.3015025701858509,0.23724792408065923,0.786885245901605,0.8688524590163759,0.0395413206801169,0.02471332542507482,6.279167039465247,6.540464263035349,2.982206621876162,1.0,0.0,0.2080237741456159,0.4568023833167789,-1.1203377756017763,0.013661676179221871,0.009757959242095993,0.24898761268543623,0.257860238795371,-0.1577287066246047,0.0,0.2626492888646581,0.7375131173581739,0.6753328081210245,0.4369005172500495,2026-09-25 10:54:00,1,8.315900025719188,8.315900025719188,2.9763629640436613,-0.19561198102017144,-0.059311981020171434,0.05931198102016033,100,ADVERSE_CLOSE,0.3677846975089025,0.1356761565836329,ADANIPOWER
0.14837529056828114,0.21776787923781793,0.22272817263908617,0.06928977975748651,1.0,0.03949135094937217,0.1580324954318698,0.14815546446738673,0.9375000000000555,0.9687500000000278,0.0049385154822415445,0.0049385154822415445,2.438584047747907,4.93980709692784,1.4871205503522356,1.0,0.0,0.08897236913647522,0.43648628540251533,-1.0312984162548222,0.00584806721379838,0.028163643768897018,0.14252722335448276,0.19456452887018916,0.0,0.0,0.14837529056828114,0.8015669848708765,0.5979049830575189,0.4369005172500495,2026-09-25 11:06:00,1,6.073388270469175,6.073388270469175,2.414215249338013,-0.07703781421304315,0.059262185786956856,0.10370882512715784,115,TIMEOUT,0.25,0.07111462294434141,ADANIPOWER
0.16790123456791317,0.14317452480867576,0.20253914933556771,-0.024685262898060945,0.0,0.09631397216357529,0.17254979294024567,0.14789982252021858,0.8571428571429035,0.971428571428597,0.004929994084002615,0.019719976336024472,1.898435768396246,2.268964928748187,2.3983679849790756,1.0,0.0,0.06906758756783926,0.32644178454841466,-0.8568123482715295,0.003680912519876678,0.03378795459418882,0.1642203220480365,0.1687511947413789,0.1607717041800738,0.0,0.16790123456791317,0.8487871761338818,0.5287346495461317,0.4369005172500495,2026-09-25 11:16:00,1,5.895376440782964,5.895376440782964,1.6462166543917034,-0.21394740682311056,-0.07764740682311055,0.029588716835982076,122,HARD_STOP,0.25753007296391006,0.07764740682311055,ADANIPOWER
0.1434152613619455,0.10876013446707855,0.22271714922048602,-0.034605497330431056,0.0,0.08903519412840621,0.15308641975308754,0.1135802469135752,0.7419354838709293,1.0,0.0,0.03950617283951235,5.034751595623406,3.9657981838241536,2.9171077910506997,1.0,0.0,0.049407114624511195,0.47633224173861954,-0.9995214858712909,0.009983527180157381,0.0036893321874620355,0.1334317341817881,0.21902781703302399,-0.07843137254901489,0.0,0.1434152613619455,0.861806272254755,-0.5072375667301892,0.4369005172500495,2026-09-25 13:26:00,1,6.784970744776256,6.784970744776256,2.5981929929886123,-0.15111481481481195,-0.01481481481481195,0.0,253,STALL,0.25,0.07,ADANIPOWER
0.192118226600968,0.20199034387624604,0.16251354279521735,0.009853187506170258,1.0,0.09112305466284498,0.21633315305570466,0.1966665027779032,0.9090909090908621,1.0,0.0,0.019666650277801498,3.3326259472163815,4.513299906518229,2.5503665403702627,1.0,0.0,0.0688806888068827,0.33545459030139835,-0.5539646045566782,0.043698824242022205,0.01968137795598235,0.1484194023589458,0.142832164839235,-0.2421307506053405,0.0,0.192118226600968,0.5180270093731302,-0.8553642601605066,0.4369005172500495,2026-09-25 14:25:00,1,7.073494517881793,7.073494517881793,2.882064823281793,-0.1707234079173833,-0.0344234079173833,0.024588148512427743,311,ADVERSE_CLOSE,0.2949648458626275,0.0973499188750671,ADANIPOWER
0.14820303816227565,0.15350412873174069,0.13760254035459774,0.005293245818349668,1.0,0.0714509737964053,0.14269858886951547,0.12155805718514782,0.8518518518518869,1.0,0.0,0.021140531684367657,5.305224168925488,5.652824945970979,2.4331374841497904,1.0,0.0,0.08992805755396738,0.23308788472744535,1.677454295346692,-0.009529564390620138,-0.001949376849208484,0.15773260255289578,0.13955191720380622,-0.0802568218298716,0.0,0.14820303816227565,0.9457456346131168,0.32490797868047655,-0.1588141874007465,2026-09-25 11:43:00,1,5.8262941059095645,5.8262941059095645,2.770236056448586,-0.18385614266842568,-0.04755614266842567,0.05284015852047297,149,ADVERSE_CLOSE,0.25,0.07,TATASTEEL
0.1907809711366948,0.17228648781688616,0.1661231772595917,-0.018459266551806852,0.0,0.10463772722825171,0.22113022113022948,0.2088452088452109,0.9444444444444181,1.0,0.0,0.012285012285018571,1.4091779697663969,2.9449846692947874,4.042104286909584,1.0,0.0,0.12300123001232066,0.41324862764449133,0.12694623619804446,0.031646598532542036,0.04010353214569662,0.15913437260415275,0.12601964511389507,-0.07993605115906854,0.0,0.1907809711366948,0.9936113105200084,0.1128563848734816,-0.0920584264146318,2026-09-25 12:09:00,1,6.711427513884546,6.711427513884546,2.390243457189926,0.10337551622419147,0.23967551622419148,0.2642576204523239,178,TIMEOUT,0.2990663390663462,0.09950859950860327,MOTHERSON
0.12224938875307068,0.1712328767123239,0.2018719031015026,0.04892367906066397,1.0,0.036632950396908726,0.16483516483517108,0.16483516483517108,1.0,1.0,0.0,0.0,1.8671997638157378,1.3521159474148743,4.709123329705452,1.0,0.0,0.12224938875307068,0.29390154298312154,0.7318407146716055,0.005640757510350092,0.010414203237507635,0.11660863124272058,0.19145769986399497,-0.07861635220125507,0.0,0.12224938875307068,0.7144726796328033,-0.6996633405133655,-0.0920584264146318,2026-09-25 13:55:00,1,5.990625603387015,5.990625603387015,2.5833685249109832,0.010264885496180959,0.14656488549618096,0.15267175572519776,284,PROFIT_LOCK,0.2509340659340713,0.074175824175827,MOTHERSON
0.24140012070006378,0.26560424966799445,0.26560424966799445,0.024145840878908587,1.0,0.10859799586606655,0.27694160144491753,0.22877784467188167,0.8260869565217149,0.8695652173913017,0.03612281757977259,0.012040939193263236,7.322196529105062,5.317588813808791,3.1472078298510437,1.0,0.0,0.16885779761186548,0.3989361702127603,1.0711920131525554,0.010621993596449109,0.04597262460315221,0.23077812710361467,0.21963162506484224,-0.2371541501976382,0.0,0.24140012070006378,0.748724377134086,0.6628814427068953,-0.33906514894648243,2026-09-25 10:56:00,1,8.61415761690267,8.61415761690267,3.5931980963135057,-0.12425616042392976,0.012043839576070248,0.07226303745635487,103,STALL,0.3467850692354045,0.12462372065021289,MAHABANK
0.21005807487952666,0.23482882214806988,0.21005807487952666,0.02471882338399567,1.0,0.09264366380549172,0.2589395807644911,0.20961775585697234,0.8095238095238224,0.9523809523809421,0.012330456226883196,0.03699136868063557,2.8577309322809032,3.731607533328631,1.9482052823700888,1.0,0.0,0.14818473697209011,0.35886647692116025,1.1917049151042747,-0.00043371058925378847,0.005855461193471356,0.21049178546878045,0.2042026136860553,-0.15698587127158659,0.0,0.21005807487952666,0.3759008207205867,0.9266599014641722,-0.2716049382716079,2026-09-25 10:01:00,1,6.818043728307406,6.818043728307406,2.769035768974873,-0.252822811344021,-0.116522811344021,0.012330456226883335,47,HARD_STOP,0.33139334155363986,0.116522811344021,LICI
