regime,trades,win,avg_net,pf
bear,409,0.7359413202933985,0.0022584725053827587,4.0979054467072755
bull,589,0.9626485568760611,0.00417600585835066,42.4855274710156
close_accel,567,0.8377425044091711,0.0031505877402653215,8.345555632944885
false_breakout,626,0.8498402555910544,0.0031187987270587516,9.547386934992458
liquidity_shock,669,0.8550074738415545,0.0031895557634309957,8.61807591524601
midday,337,0.7922848664688428,0.002439158653168773,6.81501843808068
open_shock,181,0.7569060773480663,0.002562733040538291,5.116359020393801
range,525,0.88,0.0032752273330613163,13.692629380012683
reversal,380,0.8763157894736842,0.0034761605451956324,12.31525174134946
vol_compress,334,0.8892215568862275,0.0034440541396247013,11.679677423459754
vol_expand,930,0.8268817204301075,0.003104846869991769,7.646250548328246
