day,ticker,model,init_stop,trail_start,trail_gap,maxh,trades,net,gross,wins,trail_exits
2026-09-21,ADANIPOWER,MOMT,0.15,0.2,0.1,30,7,-0.6125174706022057,0.3415825293977943,2,6
2026-09-22,ADANIPOWER,MOMT,0.15,0.2,0.1,30,11,-1.5171316504709984,-0.017831650470998578,1,10
2026-09-23,ADANIPOWER,MOMT,0.15,0.2,0.1,30,6,-1.31167156079817,-0.4938715607981702,0,5
2026-09-24,ADANIPOWER,MOMT,0.15,0.2,0.1,30,12,-2.0775139252502206,-0.4419139252502204,3,12
2026-09-25,ADANIPOWER,MOMT,0.15,0.2,0.1,30,20,-1.6053483278653218,1.1206516721346782,8,20
2026-09-21,MAHABANK,MOMT,0.15,0.2,0.1,30,9,-1.985263611239759,-0.7585636112397591,0,8
2026-09-22,MAHABANK,MOMT,0.15,0.2,0.1,30,6,-1.4378109051254193,-0.6200109051254193,0,6
2026-09-23,MAHABANK,MOMT,0.15,0.2,0.1,30,9,-1.954154718779788,-0.7274547187797882,1,9
2026-09-24,MAHABANK,MOMT,0.15,0.2,0.1,30,12,-2.1354269785385345,-0.49982697853853425,3,12
2026-09-25,MAHABANK,MOMT,0.15,0.2,0.1,30,13,-1.7105100886538014,0.061389911346198645,3,11
2026-09-21,IDFCFIRSTB,MOMT,0.15,0.2,0.1,30,6,0.035125246849032926,0.8529252468490329,4,5
2026-09-22,IDFCFIRSTB,MOMT,0.15,0.2,0.1,30,5,-1.2932302052785953,-0.6117302052785953,0,4
2026-09-23,IDFCFIRSTB,MOMT,0.15,0.2,0.1,30,19,-1.3371231400414803,1.25257685995852,9,19
2026-09-24,IDFCFIRSTB,MOMT,0.15,0.2,0.1,30,10,-1.9742847828825794,-0.6112847828825794,1,10
2026-09-25,IDFCFIRSTB,MOMT,0.15,0.2,0.1,30,13,-1.5917935634030729,0.18010643659692713,5,13
2026-09-21,LICI,MOMT,0.15,0.2,0.1,30,6,-1.2545931258134568,-0.43679312581345686,0,5
2026-09-22,LICI,MOMT,0.15,0.2,0.1,30,8,-1.233117099337488,-0.14271709933748772,3,6
2026-09-23,LICI,MOMT,0.15,0.2,0.1,30,10,-2.071522023610961,-0.7085220236109608,1,9
2026-09-24,LICI,MOMT,0.15,0.2,0.1,30,18,-3.121492911043002,-0.6680929110430021,3,17
2026-09-25,LICI,MOMT,0.15,0.2,0.1,30,8,-1.600698457005273,-0.5102984570052725,2,8
2026-09-21,MOTHERSON,MOMT,0.15,0.2,0.1,30,12,-2.418476784991894,-0.7828767849918935,1,12
2026-09-22,MOTHERSON,MOMT,0.15,0.2,0.1,30,12,-0.5005023672955509,1.1350976327044493,5,12
2026-09-23,MOTHERSON,MOMT,0.15,0.2,0.1,30,12,-1.2267441853668413,0.4088558146331589,4,12
2026-09-24,MOTHERSON,MOMT,0.15,0.2,0.1,30,10,-1.762003445516219,-0.399003445516219,2,9
2026-09-25,MOTHERSON,MOMT,0.15,0.2,0.1,30,14,-0.7971838951457598,1.1110161048542402,7,13
2026-09-21,TATASTEEL,MOMT,0.15,0.2,0.1,30,5,-0.15190869691191938,0.5295913030880807,2,4
2026-09-22,TATASTEEL,MOMT,0.15,0.2,0.1,30,15,-3.2015695916740414,-1.1570695916740414,2,15
2026-09-23,TATASTEEL,MOMT,0.15,0.2,0.1,30,19,-1.1755808305884492,1.414119169411551,9,17
2026-09-24,TATASTEEL,MOMT,0.15,0.2,0.1,30,8,-1.3944478736187826,-0.3040478736187825,1,7
2026-09-25,TATASTEEL,MOMT,0.15,0.2,0.1,30,13,-2.134791479602159,-0.3628914796021592,3,12
2026-09-15,ADANIPOWER,MOMT,0.15,0.2,0.1,30,13,-2.052643524468529,-0.2807435244685287,3,12
2026-09-16,ADANIPOWER,MOMT,0.15,0.2,0.1,30,14,-1.7980650824121995,0.11013491758780053,4,12
2026-09-17,ADANIPOWER,MOMT,0.15,0.2,0.1,30,10,-2.466633167301488,-1.1036331673014876,1,10
2026-09-18,ADANIPOWER,MOMT,0.15,0.2,0.1,30,14,-2.073356880770392,-0.16515688077039192,5,13
2026-09-15,MAHABANK,MOMT,0.15,0.2,0.1,30,16,-2.4401583060411443,-0.2593583060411435,3,16
2026-09-16,MAHABANK,MOMT,0.15,0.2,0.1,30,15,-2.7175342397501723,-0.6730342397501722,3,15
2026-09-17,MAHABANK,MOMT,0.15,0.2,0.1,30,17,-3.3540736924584906,-1.0369736924584907,3,16
2026-09-18,MAHABANK,MOMT,0.15,0.2,0.1,30,10,-1.235799128505194,0.12720087149480602,4,10
2026-09-15,IDFCFIRSTB,MOMT,0.15,0.2,0.1,30,8,-1.5015908225295242,-0.4111908225295238,1,7
2026-09-16,IDFCFIRSTB,MOMT,0.15,0.2,0.1,30,5,-0.8396084358575404,-0.15810843585754036,1,5
2026-09-17,IDFCFIRSTB,MOMT,0.15,0.2,0.1,30,8,-0.3155460255985177,0.7748539744014824,4,8
2026-09-18,IDFCFIRSTB,MOMT,0.15,0.2,0.1,30,8,-1.5366860622047351,-0.446286062204735,1,6
2026-09-15,LICI,MOMT,0.15,0.2,0.1,30,6,-1.2896537335297964,-0.4718537335297966,1,5
2026-09-16,LICI,MOMT,0.15,0.2,0.1,30,10,-1.962104886693072,-0.5991048866930717,2,10
2026-09-17,LICI,MOMT,0.15,0.2,0.1,30,18,-2.025307525757303,0.4280924742426965,6,18
2026-09-18,LICI,MOMT,0.15,0.2,0.1,30,4,-0.6202857473324568,-0.07508574733245679,1,3
2026-09-15,MOTHERSON,MOMT,0.15,0.2,0.1,30,17,-2.6629267345137384,-0.3458267345137379,5,17
2026-09-16,MOTHERSON,MOMT,0.15,0.2,0.1,30,14,-2.5593473657709094,-0.6511473657709097,3,14
2026-09-17,MOTHERSON,MOMT,0.15,0.2,0.1,30,12,-0.9343204216736234,0.7012795783263768,3,10
2026-09-18,MOTHERSON,MOMT,0.15,0.2,0.1,30,8,-1.8716323642176453,-0.781232364217645,0,7
2026-09-15,TATASTEEL,MOMT,0.15,0.2,0.1,30,14,-1.86530281815711,0.04289718184289035,5,13
2026-09-16,TATASTEEL,MOMT,0.15,0.2,0.1,30,16,-2.527822257774642,-0.34702225777464235,4,16
2026-09-17,TATASTEEL,MOMT,0.15,0.2,0.1,30,21,-2.0170060895819915,0.8452939104180085,7,19
2026-09-18,TATASTEEL,MOMT,0.15,0.2,0.1,30,13,-2.8619460213898895,-1.0900460213898888,2,11
2026-09-07,ADANIPOWER,MOMT,0.15,0.2,0.1,30,5,-1.0855955669389203,-0.4040955669389201,0,4
2026-09-08,ADANIPOWER,MOMT,0.15,0.2,0.1,30,19,-2.105057616457006,0.4846423835429943,8,19
2026-09-09,ADANIPOWER,MOMT,0.15,0.2,0.1,30,13,-0.9649339867066203,0.8069660132933798,5,13
2026-09-10,ADANIPOWER,MOMT,0.15,0.2,0.1,30,9,-1.2718158433876878,-0.045115843387687926,0,7
2026-09-11,ADANIPOWER,MOMT,0.15,0.2,0.1,30,12,-1.9751871587443557,-0.33958715874435597,2,12
2026-09-07,MAHABANK,MOMT,0.15,0.2,0.1,30,12,-1.6300068678027846,0.005593132197215411,4,11
2026-09-08,MAHABANK,MOMT,0.15,0.2,0.1,30,13,-0.8423584156398138,0.9295415843601861,6,13
2026-09-09,MAHABANK,MOMT,0.15,0.2,0.1,30,16,-2.6895886802726467,-0.5087886802726469,4,16
2026-09-10,MAHABANK,MOMT,0.15,0.2,0.1,30,16,-1.1523864385052487,1.0284135614947514,6,15
2026-09-11,MAHABANK,MOMT,0.15,0.2,0.1,30,22,-3.3464211753433735,-0.34782117534337365,7,22
2026-09-07,IDFCFIRSTB,MOMT,0.15,0.2,0.1,30,5,-0.9420643150887898,-0.26056431508878986,0,4
2026-09-08,IDFCFIRSTB,MOMT,0.15,0.2,0.1,30,8,-1.8404537441347177,-0.7500537441347177,1,6
2026-09-09,IDFCFIRSTB,MOMT,0.15,0.2,0.1,30,11,-1.497221714526069,0.0020782854739312406,3,8
2026-09-10,IDFCFIRSTB,MOMT,0.15,0.2,0.1,30,9,-1.6359530387079566,-0.4092530387079567,2,8
2026-09-11,IDFCFIRSTB,MOMT,0.15,0.2,0.1,30,7,-1.1016468508599473,-0.14754685085994718,2,7
2026-09-07,LICI,MOMT,0.15,0.2,0.1,30,5,-0.44183953501355255,0.23966046498644739,2,4
2026-09-08,LICI,MOMT,0.15,0.2,0.1,30,8,-1.9291856065588913,-0.8387856065588912,0,6
2026-09-09,LICI,MOMT,0.15,0.2,0.1,30,7,-1.1187246947107843,-0.16462469471078428,2,7
2026-09-10,LICI,MOMT,0.15,0.2,0.1,30,9,-1.324196045603785,-0.09749604560378489,1,8
2026-09-11,LICI,MOMT,0.15,0.2,0.1,30,15,-2.4171422161408596,-0.37264221614085935,2,13
2026-09-07,MOTHERSON,MOMT,0.15,0.2,0.1,30,15,-2.9452084020073848,-0.9007084020073853,4,15
2026-09-08,MOTHERSON,MOMT,0.15,0.2,0.1,30,14,-1.752428414647189,0.15577158535281138,3,13
2026-09-09,MOTHERSON,MOMT,0.15,0.2,0.1,30,9,-1.66332085280442,-0.43662085280442,2,9
2026-09-10,MOTHERSON,MOMT,0.15,0.2,0.1,30,11,-1.8022432506240267,-0.30294325062402655,2,11
2026-09-11,MOTHERSON,MOMT,0.15,0.2,0.1,30,13,-2.2969683071553715,-0.5250683071553714,3,12
2026-09-07,TATASTEEL,MOMT,0.15,0.2,0.1,30,9,-1.1542926339520743,0.07240736604792591,4,7
2026-09-08,TATASTEEL,MOMT,0.15,0.2,0.1,30,10,-1.013597725288828,0.349402274711172,4,10
2026-09-09,TATASTEEL,MOMT,0.15,0.2,0.1,30,18,-0.60056840936425,1.8528315906357498,10,18
2026-09-10,TATASTEEL,MOMT,0.15,0.2,0.1,30,12,-1.8471856101119997,-0.21158561011199944,2,12
2026-09-11,TATASTEEL,MOMT,0.15,0.2,0.1,30,8,-1.18752098626161,-0.09712098626161003,0,5
2026-08-31,ADANIPOWER,MOMT,0.15,0.2,0.1,30,14,-0.07659961809689933,1.8316003819031006,7,13
2026-09-01,ADANIPOWER,MOMT,0.15,0.2,0.1,30,23,-1.7666053180706687,1.3682946819293318,11,23
2026-09-02,ADANIPOWER,MOMT,0.15,0.2,0.1,30,21,-3.767575524967859,-0.9052755249678593,4,21
2026-09-03,ADANIPOWER,MOMT,0.15,0.2,0.1,30,10,-0.7658085737581065,0.5971914262418935,2,8
2026-09-04,ADANIPOWER,MOMT,0.15,0.2,0.1,30,7,-1.5589092614550326,-0.6048092614550323,0,4
2026-08-31,MAHABANK,MOMT,0.15,0.2,0.1,30,15,-2.070941279627313,-0.026441279627312575,2,15
2026-09-01,MAHABANK,MOMT,0.15,0.2,0.1,30,15,-2.7154221007448442,-0.6709221007448439,3,15
2026-09-02,MAHABANK,MOMT,0.15,0.2,0.1,30,22,-2.3967503441866325,0.6018496558133679,7,20
2026-09-03,MAHABANK,MOMT,0.15,0.2,0.1,30,14,-2.0115695877524478,-0.10336958775244742,3,14
2026-09-04,MAHABANK,MOMT,0.15,0.2,0.1,30,14,-2.4364384473460876,-0.5282384473460873,2,11
2026-08-31,IDFCFIRSTB,MOMT,0.15,0.2,0.1,30,10,-0.5811380113594197,0.7818619886405805,5,10
2026-09-01,IDFCFIRSTB,MOMT,0.15,0.2,0.1,30,12,-1.832812435155097,-0.1972124351550969,4,11
2026-09-02,IDFCFIRSTB,MOMT,0.15,0.2,0.1,30,7,-1.4801000625410614,-0.5260000625410612,0,7
2026-09-03,IDFCFIRSTB,MOMT,0.15,0.2,0.1,30,17,-2.495165551617963,-0.17806555161796284,5,16
2026-09-04,IDFCFIRSTB,MOMT,0.15,0.2,0.1,30,5,-1.1185450904096754,-0.43704509040967543,1,5
2026-08-31,LICI,MOMT,0.15,0.2,0.1,30,13,-2.1930454050228825,-0.42114540502288234,4,12
2026-09-01,LICI,MOMT,0.15,0.2,0.1,30,5,-0.8714329783695969,-0.18993297836959686,1,5
2026-09-02,LICI,MOMT,0.15,0.2,0.1,30,11,-1.2168521687961886,0.28244783120381156,2,7
2026-09-03,LICI,MOMT,0.15,0.2,0.1,30,8,-1.987470147996608,-0.8970701479966077,1,8
2026-09-04,LICI,MOMT,0.15,0.2,0.1,30,8,-1.5668452050736204,-0.47644520507362037,2,8
2026-08-31,MOTHERSON,MOMT,0.15,0.2,0.1,30,18,-3.1122238837032685,-0.6588238837032676,4,16
2026-09-01,MOTHERSON,MOMT,0.15,0.2,0.1,30,19,-3.2038791142213086,-0.6141791142213083,4,19
2026-09-02,MOTHERSON,MOMT,0.15,0.2,0.1,30,13,-2.178123842067705,-0.4062238420677047,3,12
2026-09-03,MOTHERSON,MOMT,0.15,0.2,0.1,30,12,-2.243947075777928,-0.6083470757779275,3,11
2026-09-04,MOTHERSON,MOMT,0.15,0.2,0.1,30,8,-1.4959537287490519,-0.4055537287490518,2,8
2026-08-31,TATASTEEL,MOMT,0.15,0.2,0.1,30,8,-1.7517008725364647,-0.6613008725364646,0,8
2026-09-01,TATASTEEL,MOMT,0.15,0.2,0.1,30,12,-1.110698101110523,0.5249018988894769,3,12
2026-09-02,TATASTEEL,MOMT,0.15,0.2,0.1,30,9,-1.2249740446438981,0.0017259553561018992,3,9
2026-09-03,TATASTEEL,MOMT,0.15,0.2,0.1,30,8,-1.1816422202547496,-0.09124222025474946,1,8
2026-09-04,TATASTEEL,MOMT,0.15,0.2,0.1,30,14,-1.3615430158245259,0.5466569841754741,4,13
2026-08-24,ADANIPOWER,MOMT,0.15,0.2,0.1,30,1,-0.28629999999999567,-0.14999999999999566,0,1
2026-08-25,ADANIPOWER,MOMT,0.15,0.2,0.1,30,13,-1.9054876962184806,-0.13358769621848063,3,12
2026-08-26,ADANIPOWER,MOMT,0.15,0.2,0.1,30,4,-0.7110418246696224,-0.16584182466962233,1,3
2026-08-27,ADANIPOWER,MOMT,0.15,0.2,0.1,30,19,-0.8221522890164579,1.7675477109835427,9,19
2026-08-28,ADANIPOWER,MOMT,0.15,0.2,0.1,30,6,-0.5810852212922188,0.23671477870778124,2,3
2026-08-24,MAHABANK,MOMT,0.15,0.2,0.1,30,16,-2.171811310579106,0.008988689420894036,2,15
2026-08-25,MAHABANK,MOMT,0.15,0.2,0.1,30,8,-1.0247717124360325,0.0656282875639676,3,8
2026-08-26,MAHABANK,MOMT,0.15,0.2,0.1,30,16,-2.386708046095249,-0.20590804609524863,5,15
2026-08-27,MAHABANK,MOMT,0.15,0.2,0.1,30,7,-1.430572016875493,-0.47647201687549257,1,7
2026-08-28,MAHABANK,MOMT,0.15,0.2,0.1,30,12,-1.358667637227867,0.2769323627721332,1,9
2026-08-24,IDFCFIRSTB,MOMT,0.15,0.2,0.1,30,4,-0.5606063858142544,-0.01540638581425438,1,3
2026-08-25,IDFCFIRSTB,MOMT,0.15,0.2,0.1,30,6,-1.3304429168873586,-0.5126429168873587,0,5
2026-08-26,IDFCFIRSTB,MOMT,0.15,0.2,0.1,30,7,-1.008509402357145,-0.054409402357145004,1,6
2026-08-27,IDFCFIRSTB,MOMT,0.15,0.2,0.1,30,8,-1.4268722083098764,-0.3364722083098764,2,8
2026-08-28,IDFCFIRSTB,MOMT,0.15,0.2,0.1,30,6,-0.4023974120354666,0.4154025879645335,3,5
2026-08-24,LICI,MOMT,0.15,0.2,0.1,30,14,-2.923299913017225,-1.015099913017225,2,14
2026-08-25,LICI,MOMT,0.15,0.2,0.1,30,10,-2.516460125607307,-1.1534601256073063,1,10
2026-08-26,LICI,MOMT,0.15,0.2,0.1,30,7,-0.7029340459862051,0.25116595401379493,2,6
2026-08-27,LICI,MOMT,0.15,0.2,0.1,30,11,-1.0087405299156977,0.49055947008430234,4,10
2026-08-28,LICI,MOMT,0.15,0.2,0.1,30,18,-3.2182041435630158,-0.7648041435630155,2,17
2026-08-24,MOTHERSON,MOMT,0.15,0.2,0.1,30,6,-1.4428533301730244,-0.6250533301730246,0,6
2026-08-25,MOTHERSON,MOMT,0.15,0.2,0.1,30,10,-1.4937513974212997,-0.13075139742129954,4,9
2026-08-26,MOTHERSON,MOMT,0.15,0.2,0.1,30,11,-2.144487984308886,-0.6451879843088861,2,10
2026-08-27,MOTHERSON,MOMT,0.15,0.2,0.1,30,6,-1.1763857357251604,-0.35858573572516034,0,6
2026-08-28,MOTHERSON,MOMT,0.15,0.2,0.1,30,8,-2.1947905239621033,-1.1043905239621032,0,7
2026-08-24,TATASTEEL,MOMT,0.15,0.2,0.1,30,13,-2.2469375631349076,-0.47503756313490775,3,13
2026-08-25,TATASTEEL,MOMT,0.15,0.2,0.1,30,9,-2.08331407151709,-0.8566140715170901,0,8
2026-08-26,TATASTEEL,MOMT,0.15,0.2,0.1,30,19,-2.253934135023701,0.3357658649762998,4,16
2026-08-27,TATASTEEL,MOMT,0.15,0.2,0.1,30,9,-1.762106745667095,-0.5354067456670951,1,9
2026-08-28,TATASTEEL,MOMT,0.15,0.2,0.1,30,12,-1.3865660765637213,0.24903392343627878,4,10
2026-08-17,ADANIPOWER,MOMT,0.15,0.2,0.1,30,12,-0.844909249111635,0.7906907508883652,3,12
2026-08-18,ADANIPOWER,MOMT,0.15,0.2,0.1,30,13,-2.203460933518239,-0.4315609335182394,3,11
2026-08-19,ADANIPOWER,MOMT,0.15,0.2,0.1,30,7,-1.1184271313850065,-0.16432713138500651,1,5
2026-08-20,ADANIPOWER,MOMT,0.15,0.2,0.1,30,5,-0.831812344193631,-0.15031234419363101,2,5
2026-08-21,ADANIPOWER,MOMT,0.15,0.2,0.1,30,7,-0.8670084397947936,0.08709156020520659,3,6
2026-08-17,MAHABANK,MOMT,0.15,0.2,0.1,30,10,-1.6830815042986411,-0.3200815042986408,2,9
2026-08-18,MAHABANK,MOMT,0.15,0.2,0.1,30,9,-1.7596073424209897,-0.5329073424209896,1,9
2026-08-19,MAHABANK,MOMT,0.15,0.2,0.1,30,5,-0.6450312467191062,0.036468753280893884,1,4
2026-08-20,MAHABANK,MOMT,0.15,0.2,0.1,30,13,-2.139851601736127,-0.36795160173612657,2,12
2026-08-21,MAHABANK,MOMT,0.15,0.2,0.1,30,10,-1.4350674989662757,-0.07206749896627564,3,9
2026-08-17,IDFCFIRSTB,MOMT,0.15,0.2,0.1,30,5,-0.7728785813212286,-0.09137858132122864,1,4
2026-08-18,IDFCFIRSTB,MOMT,0.15,0.2,0.1,30,4,-0.5872907809747591,-0.042090780974759046,1,4
2026-08-19,IDFCFIRSTB,MOMT,0.15,0.2,0.1,30,8,-1.8792755497420064,-0.7888755497420061,0,7
2026-08-20,IDFCFIRSTB,MOMT,0.15,0.2,0.1,30,4,-0.5847879387240772,-0.039587938724077204,1,3
2026-08-21,IDFCFIRSTB,MOMT,0.15,0.2,0.1,30,6,-1.6720028482111768,-0.8542028482111769,0,5
2026-08-17,LICI,MOMT,0.15,0.2,0.1,30,10,-1.8966347253799185,-0.5336347253799185,1,9
2026-08-18,LICI,MOMT,0.15,0.2,0.1,30,8,-0.7911708101138234,0.2992291898861765,3,6
2026-08-19,LICI,MOMT,0.15,0.2,0.1,30,9,-1.474593890368157,-0.24789389036815718,2,7
2026-08-20,LICI,MOMT,0.15,0.2,0.1,30,17,-2.5450676376703503,-0.2279676376703499,4,17
2026-08-21,LICI,MOMT,0.15,0.2,0.1,30,9,-1.3600836617108643,-0.13338366171086422,2,9
2026-08-17,MOTHERSON,MOMT,0.15,0.2,0.1,30,7,-1.2619959503522409,-0.3078959503522408,1,5
2026-08-18,MOTHERSON,MOMT,0.15,0.2,0.1,30,10,-1.317631485222298,0.045368514777702235,3,9
2026-08-19,MOTHERSON,MOMT,0.15,0.2,0.1,30,15,-1.0466319398129018,0.997868060187098,5,14
2026-08-20,MOTHERSON,MOMT,0.15,0.2,0.1,30,8,-1.9691901990811773,-0.8787901990811773,1,8
2026-08-21,MOTHERSON,MOMT,0.15,0.2,0.1,30,5,-0.7924289801465695,-0.11092898014656943,1,3
2026-08-17,TATASTEEL,MOMT,0.15,0.2,0.1,30,11,-2.0710438651041057,-0.5717438651041057,2,10
2026-08-18,TATASTEEL,MOMT,0.15,0.2,0.1,30,4,-0.31764858195830925,0.2275514180416908,1,3
2026-08-19,TATASTEEL,MOMT,0.15,0.2,0.1,30,7,-1.0477150081451017,-0.09361500814510168,2,6
2026-08-20,TATASTEEL,MOMT,0.15,0.2,0.1,30,8,-1.6044838862013624,-0.5140838862013626,1,6
2026-08-21,TATASTEEL,MOMT,0.15,0.2,0.1,30,7,-0.6598254041152111,0.2942745958847889,2,5
2026-08-10,ADANIPOWER,MOMT,0.15,0.2,0.1,30,12,-1.1237032897004142,0.5118967102995858,4,10
2026-08-11,ADANIPOWER,MOMT,0.15,0.2,0.1,30,14,-1.6465036408061757,0.2616963591938246,4,13
2026-08-12,ADANIPOWER,MOMT,0.15,0.2,0.1,30,8,-1.3837131248016823,-0.2933131248016825,2,8
2026-08-13,ADANIPOWER,MOMT,0.15,0.2,0.1,30,7,-0.7363269881475455,0.21777301185245457,3,5
2026-08-14,ADANIPOWER,MOMT,0.15,0.2,0.1,30,12,-2.4714094936030273,-0.8358094936030269,2,10
2026-08-10,MAHABANK,MOMT,0.15,0.2,0.1,30,8,-1.3926610211814854,-0.302261021181485,3,7
2026-08-11,MAHABANK,MOMT,0.15,0.2,0.1,30,7,-1.4582107525740613,-0.5041107525740612,0,7
2026-08-12,MAHABANK,MOMT,0.15,0.2,0.1,30,14,-2.7632161477650787,-0.8550161477650783,3,14
2026-08-13,MAHABANK,MOMT,0.15,0.2,0.1,30,6,-0.41972816188408635,0.3980718381159135,1,6
2026-08-14,MAHABANK,MOMT,0.15,0.2,0.1,30,10,-0.7348062314383518,0.6281937685616483,3,10
2026-08-10,IDFCFIRSTB,MOMT,0.15,0.2,0.1,30,5,-1.2697477376895243,-0.5882477376895244,0,4
2026-08-11,IDFCFIRSTB,MOMT,0.15,0.2,0.1,30,6,-1.2494080586678658,-0.43160805866786556,1,4
2026-08-12,IDFCFIRSTB,MOMT,0.15,0.2,0.1,30,10,-0.9633711208708018,0.3996288791291982,3,8
2026-08-13,IDFCFIRSTB,MOMT,0.15,0.2,0.1,30,8,-1.0124860723836329,0.07791392761636728,2,8
2026-08-14,IDFCFIRSTB,MOMT,0.15,0.2,0.1,30,2,-0.364324941724939,-0.09172494172493897,0,1
2026-08-10,LICI,MOMT,0.15,0.2,0.1,30,9,-0.9109413182295868,0.3157586817704132,2,8
2026-08-11,LICI,MOMT,0.15,0.2,0.1,30,17,-3.191458096028179,-0.874358096028179,4,17
2026-08-12,LICI,MOMT,0.15,0.2,0.1,30,21,-2.731563384439553,0.13073661556044677,6,21
2026-08-13,LICI,MOMT,0.15,0.2,0.1,30,9,-1.7835258622508479,-0.5568258622508476,1,8
2026-08-14,LICI,MOMT,0.15,0.2,0.1,30,13,-1.9446071248988208,-0.17270712489882106,2,12
2026-08-10,MOTHERSON,MOMT,0.15,0.2,0.1,30,16,-2.9649375141955265,-0.7841375141955265,3,15
2026-08-11,MOTHERSON,MOMT,0.15,0.2,0.1,30,13,-1.4883335247188032,0.2835664752811968,3,12
2026-08-12,MOTHERSON,MOMT,0.15,0.2,0.1,30,9,-1.9767934184752867,-0.7500934184752868,1,9
2026-08-13,MOTHERSON,MOMT,0.15,0.2,0.1,30,15,-2.1011834676932732,-0.05668346769327312,3,11
2026-08-14,MOTHERSON,MOMT,0.15,0.2,0.1,30,12,-2.642311160273855,-1.006711160273855,2,11
2026-08-10,TATASTEEL,MOMT,0.15,0.2,0.1,30,11,-1.2125106843716398,0.2867893156283602,2,10
2026-08-11,TATASTEEL,MOMT,0.15,0.2,0.1,30,12,-1.8932150660618665,-0.25761506606186646,2,11
2026-08-12,TATASTEEL,MOMT,0.15,0.2,0.1,30,6,-1.130166749390673,-0.31236674939067316,1,5
2026-08-13,TATASTEEL,MOMT,0.15,0.2,0.1,30,7,-0.7434896557271359,0.21061034427286413,1,6
2026-08-14,TATASTEEL,MOMT,0.15,0.2,0.1,30,12,-0.7763674159204492,0.8592325840795507,5,9
2026-08-03,ADANIPOWER,MOMT,0.15,0.2,0.1,30,8,-1.374102361388025,-0.28370236138802485,3,8
2026-08-04,ADANIPOWER,MOMT,0.15,0.2,0.1,30,7,-1.3453351474457915,-0.39123514744579124,2,7
2026-08-05,ADANIPOWER,MOMT,0.15,0.2,0.1,30,12,-2.0566759047643077,-0.42107590476430756,3,10
2026-08-06,ADANIPOWER,MOMT,0.15,0.2,0.1,30,14,-1.8949978237005425,0.013202176299457274,4,14
2026-08-07,ADANIPOWER,MOMT,0.15,0.2,0.1,30,12,-1.8840236925413314,-0.24842369254133143,2,10
2026-08-03,MAHABANK,MOMT,0.15,0.2,0.1,30,14,-0.7808377366265782,1.1273622633734217,7,13
2026-08-04,MAHABANK,MOMT,0.15,0.2,0.1,30,5,-0.3469801086656591,0.334519891334341,3,3
2026-08-05,MAHABANK,MOMT,0.15,0.2,0.1,30,14,-1.585818175430301,0.3223818245696993,4,14
2026-08-06,MAHABANK,MOMT,0.15,0.2,0.1,30,6,-0.5618188995808577,0.25598110041914235,1,5
2026-08-07,MAHABANK,MOMT,0.15,0.2,0.1,30,14,-2.1470170636125805,-0.23881706361258073,1,13
2026-08-03,IDFCFIRSTB,MOMT,0.15,0.2,0.1,30,10,-0.5305090478779808,0.8324909521220192,5,10
2026-08-04,IDFCFIRSTB,MOMT,0.15,0.2,0.1,30,6,-0.6152655705731277,0.20253442942687222,1,2
2026-08-05,IDFCFIRSTB,MOMT,0.15,0.2,0.1,30,7,-1.3887049082710243,-0.43460490827102416,1,7
2026-08-06,IDFCFIRSTB,MOMT,0.15,0.2,0.1,30,5,-1.129007331378318,-0.4475073313783179,1,4
2026-08-07,IDFCFIRSTB,MOMT,0.15,0.2,0.1,30,5,-1.1249294927729703,-0.4434294927729704,0,4
2026-08-03,LICI,MOMT,0.15,0.2,0.1,30,6,-0.8706280850178754,-0.05282808501787521,0,4
2026-08-04,LICI,MOMT,0.15,0.2,0.1,30,17,-2.1718960994882903,0.14520390051170987,6,17
2026-08-05,LICI,MOMT,0.15,0.2,0.1,30,14,-2.561797515655635,-0.6535975156556346,3,14
2026-08-06,LICI,MOMT,0.15,0.2,0.1,30,2,-0.35836567317574436,-0.08576567317574431,0,1
2026-08-07,LICI,MOMT,0.15,0.2,0.1,30,6,-1.1520988248007265,-0.3342988248007265,1,4
2026-08-03,MOTHERSON,MOMT,0.15,0.2,0.1,30,11,-2.0094959341414222,-0.5101959341414228,2,10
2026-08-04,MOTHERSON,MOMT,0.15,0.2,0.1,30,24,-2.417171335624695,0.854028664375305,9,24
2026-08-05,MOTHERSON,MOMT,0.15,0.2,0.1,30,19,-2.7850765747438353,-0.19537657474383574,5,18
2026-08-06,MOTHERSON,MOMT,0.15,0.2,0.1,30,22,-0.6585242563273586,2.3400757436726414,8,22
2026-08-07,MOTHERSON,MOMT,0.15,0.2,0.1,30,30,-4.669640225809661,-0.5806402258096596,9,30
2026-08-03,TATASTEEL,MOMT,0.15,0.2,0.1,30,9,-1.429084883528056,-0.20238488352805584,2,8
2026-08-04,TATASTEEL,MOMT,0.15,0.2,0.1,30,6,-1.4679891153603633,-0.6501891153603632,0,5
2026-08-05,TATASTEEL,MOMT,0.15,0.2,0.1,30,9,-1.0003534628905164,0.2263465371094835,4,8
2026-08-06,TATASTEEL,MOMT,0.15,0.2,0.1,30,7,-0.9206122565621947,0.03348774343780539,2,6
2026-08-07,TATASTEEL,MOMT,0.15,0.2,0.1,30,5,-0.5404973352932658,0.14100266470673423,2,3
2026-07-27,ADANIPOWER,MOMT,0.15,0.2,0.1,30,7,-1.5563936898195814,-0.602293689819581,1,6
2026-07-28,ADANIPOWER,MOMT,0.15,0.2,0.1,30,11,-2.33513324927812,-0.83583324927812,0,11
2026-07-29,ADANIPOWER,MOMT,0.15,0.2,0.1,30,15,-2.5069997213385573,-0.4624997213385576,4,15
2026-07-30,ADANIPOWER,MOMT,0.15,0.2,0.1,30,10,-1.1260611248071195,0.23693887519288032,4,9
2026-07-31,ADANIPOWER,MOMT,0.15,0.2,0.1,30,13,-1.6557347315940594,0.11616526840594085,6,13
2026-07-27,MAHABANK,MOMT,0.15,0.2,0.1,30,14,-2.2453140496311605,-0.33711404963116065,4,14
2026-07-28,MAHABANK,MOMT,0.15,0.2,0.1,30,11,-2.5517090489425613,-1.0524090489425617,1,11
2026-07-29,MAHABANK,MOMT,0.15,0.2,0.1,30,10,-2.1423725997967416,-0.7793725997967412,2,10
2026-07-30,MAHABANK,MOMT,0.15,0.2,0.1,30,9,-1.572906435966766,-0.346206435966766,2,8
2026-07-31,MAHABANK,MOMT,0.15,0.2,0.1,30,6,-1.2150653445645911,-0.3972653445645913,1,5
2026-07-27,IDFCFIRSTB,MOMT,0.15,0.2,0.1,30,14,-2.340912725014624,-0.43271272501462443,3,14
2026-07-28,IDFCFIRSTB,MOMT,0.15,0.2,0.1,30,13,-2.9125814926643656,-1.1406814926643658,2,13
2026-07-29,IDFCFIRSTB,MOMT,0.15,0.2,0.1,30,12,-2.1310849091694144,-0.4954849091694147,3,12
2026-07-30,IDFCFIRSTB,MOMT,0.15,0.2,0.1,30,8,-0.8729969504171657,0.21740304958283432,3,7
2026-07-31,IDFCFIRSTB,MOMT,0.15,0.2,0.1,30,10,-1.5629058598081058,-0.19990585980810585,1,9
2026-07-27,LICI,MOMT,0.15,0.2,0.1,30,9,-1.106827453788744,0.11987254621125601,3,8
2026-07-28,LICI,MOMT,0.15,0.2,0.1,30,9,-1.1823041902990972,0.0443958097009031,1,6
2026-07-29,LICI,MOMT,0.15,0.2,0.1,30,4,-0.2923262334831705,0.25287376651682947,0,1
2026-07-30,LICI,MOMT,0.15,0.2,0.1,30,7,-1.5025650001222348,-0.5484650001222348,0,7
2026-07-31,LICI,MOMT,0.15,0.2,0.1,30,10,-1.9381152645697053,-0.5751152645697052,1,7
2026-07-27,MOTHERSON,MOMT,0.15,0.2,0.1,30,17,-3.358041650375396,-1.0409416503753954,4,17
2026-07-28,MOTHERSON,MOMT,0.15,0.2,0.1,30,6,-0.41348760293256603,0.40431239706743394,2,5
2026-07-29,MOTHERSON,MOMT,0.15,0.2,0.1,30,13,-1.7585663652410415,0.013333634758958601,3,12
2026-07-30,MOTHERSON,MOMT,0.15,0.2,0.1,30,15,-2.507669547293617,-0.46316954729361737,2,14
2026-07-31,MOTHERSON,MOMT,0.15,0.2,0.1,30,19,-3.9852877098469532,-1.3955877098469531,2,19
2026-07-27,TATASTEEL,MOMT,0.15,0.2,0.1,30,3,-0.6491206401826133,-0.24022064018261322,0,2
2026-07-28,TATASTEEL,MOMT,0.15,0.2,0.1,30,9,-0.6708685036207137,0.5558314963792864,5,9
2026-07-29,TATASTEEL,MOMT,0.15,0.2,0.1,30,6,-0.8376655613875675,-0.019865561387567565,2,6
2026-07-30,TATASTEEL,MOMT,0.15,0.2,0.1,30,8,-1.3752189397823524,-0.2848189397823525,3,8
2026-07-31,TATASTEEL,MOMT,0.15,0.2,0.1,30,14,-2.8405024167682016,-0.9323024167682014,2,13
2026-07-20,ADANIPOWER,MOMT,0.15,0.2,0.1,30,14,-2.542443168563877,-0.634243168563877,4,13
2026-07-21,ADANIPOWER,MOMT,0.15,0.2,0.1,30,16,-3.4204158860611433,-1.2396158860611433,1,16
2026-07-22,ADANIPOWER,MOMT,0.15,0.2,0.1,30,22,-3.3662171328483192,-0.3676171328483189,6,22
2026-07-23,ADANIPOWER,MOMT,0.15,0.2,0.1,30,24,-3.832051163048236,-0.5608511630482357,5,24
2026-07-24,ADANIPOWER,MOMT,0.15,0.2,0.1,30,21,-5.144947855426025,-2.2826478554260263,1,21
2026-07-20,MAHABANK,MOMT,0.15,0.2,0.1,30,7,-0.9219461337971067,0.0321538662028934,3,7
2026-07-21,MAHABANK,MOMT,0.15,0.2,0.1,30,10,-1.2494563672961614,0.11354363270383883,3,10
2026-07-22,MAHABANK,MOMT,0.15,0.2,0.1,30,5,-0.9689570618153549,-0.28745706181535496,1,4
2026-07-23,MAHABANK,MOMT,0.15,0.2,0.1,30,5,-0.5984429424881372,0.08305705751186276,1,5
2026-07-24,MAHABANK,MOMT,0.15,0.2,0.1,30,20,-3.6755127978642568,-0.9495127978642571,3,20
2026-07-20,IDFCFIRSTB,MOMT,0.15,0.2,0.1,30,14,-2.3849416451358185,-0.47674164513581807,3,14
2026-07-21,IDFCFIRSTB,MOMT,0.15,0.2,0.1,30,9,-0.9077077051365565,0.3189922948634435,3,8
2026-07-22,IDFCFIRSTB,MOMT,0.15,0.2,0.1,30,8,-1.055806239729685,0.03459376027031513,2,7
2026-07-23,IDFCFIRSTB,MOMT,0.15,0.2,0.1,30,8,-1.185515231670835,-0.0951152316708348,1,8
2026-07-24,IDFCFIRSTB,MOMT,0.15,0.2,0.1,30,10,-1.1161664609946955,0.24683353900530466,4,10
2026-07-20,LICI,MOMT,0.15,0.2,0.1,30,6,-0.708923392381992,0.10887660761800814,2,3
2026-07-21,LICI,MOMT,0.15,0.2,0.1,30,9,-0.44469679755618086,0.7820032024438193,4,7
2026-07-22,LICI,MOMT,0.15,0.2,0.1,30,5,-1.110096739900782,-0.4285967399007818,1,5
2026-07-23,LICI,MOMT,0.15,0.2,0.1,30,7,-1.225731366478192,-0.2716313664781919,0,7
2026-07-24,LICI,MOMT,0.15,0.2,0.1,30,13,-3.144143528569709,-1.372243528569709,1,13
2026-07-20,MOTHERSON,MOMT,0.15,0.2,0.1,30,7,-1.434189679713523,-0.4800896797135231,1,7
2026-07-21,MOTHERSON,MOMT,0.15,0.2,0.1,30,17,-1.4121417927990145,0.9049582072009854,3,17
2026-07-22,MOTHERSON,MOMT,0.15,0.2,0.1,30,20,-2.171352206080037,0.554647793919963,7,20
2026-07-23,MOTHERSON,MOMT,0.15,0.2,0.1,30,24,-3.393022443526563,-0.12182244352656266,5,24
2026-07-24,MOTHERSON,MOMT,0.15,0.2,0.1,30,16,-2.062424823406242,0.11837517659375828,4,16
2026-07-20,TATASTEEL,MOMT,0.15,0.2,0.1,30,5,-0.8475416753917582,-0.16604167539175796,1,2
2026-07-21,TATASTEEL,MOMT,0.15,0.2,0.1,30,9,-0.9551760287612442,0.2715239712387558,3,9
2026-07-22,TATASTEEL,MOMT,0.15,0.2,0.1,30,6,-0.8052362199273965,0.012563780072603614,1,5
2026-07-23,TATASTEEL,MOMT,0.15,0.2,0.1,30,6,-1.4019497854776475,-0.5841497854776474,1,6
2026-07-24,TATASTEEL,MOMT,0.15,0.2,0.1,30,6,-1.373599588685598,-0.5557995886855981,1,5
2026-07-13,ADANIPOWER,MOMT,0.15,0.2,0.1,30,9,-1.7643769556674669,-0.5376769556674666,1,9
2026-07-14,ADANIPOWER,MOMT,0.15,0.2,0.1,30,17,-1.976824389427191,0.34027561057280886,5,17
2026-07-15,ADANIPOWER,MOMT,0.15,0.2,0.1,30,19,-1.754062973182496,0.8356370268175036,9,19
2026-07-16,ADANIPOWER,MOMT,0.15,0.2,0.1,30,17,-2.4234509752042546,-0.10635097520425468,6,16
2026-07-17,ADANIPOWER,MOMT,0.15,0.2,0.1,30,14,-2.4891550507776583,-0.5809550507776584,5,13
2026-07-13,MAHABANK,MOMT,0.15,0.2,0.1,30,17,-3.257087224225676,-0.939987224225676,3,17
2026-07-14,MAHABANK,MOMT,0.15,0.2,0.1,30,15,-2.6814332814055297,-0.6369332814055291,2,15
2026-07-15,MAHABANK,MOMT,0.15,0.2,0.1,30,14,-2.8934327013087686,-0.9852327013087685,1,14
2026-07-16,MAHABANK,MOMT,0.15,0.2,0.1,30,10,-1.2443445924526046,0.11865540754739543,3,8
2026-07-17,MAHABANK,MOMT,0.15,0.2,0.1,30,6,-1.1785520809515966,-0.3607520809515965,0,6
2026-07-13,IDFCFIRSTB,MOMT,0.15,0.2,0.1,30,6,-1.2560805306296143,-0.43828053062961453,1,5
2026-07-14,IDFCFIRSTB,MOMT,0.15,0.2,0.1,30,10,-1.9330497391787618,-0.5700497391787618,0,9
2026-07-15,IDFCFIRSTB,MOMT,0.15,0.2,0.1,30,7,-0.7663179592490674,0.18778204075093283,2,6
2026-07-16,IDFCFIRSTB,MOMT,0.15,0.2,0.1,30,9,-2.3523270739587856,-1.1256270739587857,0,7
2026-07-17,IDFCFIRSTB,MOMT,0.15,0.2,0.1,30,13,-1.3538141227845033,0.4180858772154968,6,12
2026-07-13,LICI,MOMT,0.15,0.2,0.1,30,7,-1.4403160204886245,-0.4862160204886244,1,7
2026-07-14,LICI,MOMT,0.15,0.2,0.1,30,11,-1.4083858762795731,0.09091412372042681,4,11
2026-07-15,LICI,MOMT,0.15,0.2,0.1,30,9,-1.1280042348642503,0.09869576513574985,0,8
2026-07-16,LICI,MOMT,0.15,0.2,0.1,30,7,-0.4324722794329724,0.5216277205670278,2,5
2026-07-17,LICI,MOMT,0.15,0.2,0.1,30,14,-1.7617493280592065,0.1464506719407931,6,14
2026-07-13,MOTHERSON,MOMT,0.15,0.2,0.1,30,23,-4.012863654902151,-0.8779636549021506,6,23
2026-07-14,MOTHERSON,MOMT,0.15,0.2,0.1,30,7,-1.6302293960110172,-0.6761293960110175,1,7
2026-07-15,MOTHERSON,MOMT,0.15,0.2,0.1,30,11,-1.2235788773221807,0.27572112267781934,5,11
2026-07-16,MOTHERSON,MOMT,0.15,0.2,0.1,30,20,-2.410733536566505,0.3152664634334952,5,20
2026-07-17,MOTHERSON,MOMT,0.15,0.2,0.1,30,21,-1.563560313292213,1.2987396867077872,11,21
2026-07-13,TATASTEEL,MOMT,0.15,0.2,0.1,30,11,-1.6845441677093018,-0.185244167709302,4,10
2026-07-14,TATASTEEL,MOMT,0.15,0.2,0.1,30,13,-2.1888743215778104,-0.41697432157781056,3,12
2026-07-15,TATASTEEL,MOMT,0.15,0.2,0.1,30,6,-1.3746423855165033,-0.5568423855165032,1,6
2026-07-16,TATASTEEL,MOMT,0.15,0.2,0.1,30,5,-0.5934588566041096,0.08804114339589054,1,5
2026-07-17,TATASTEEL,MOMT,0.15,0.2,0.1,30,11,-1.8658054095600303,-0.3665054095600298,2,11
2026-07-06,ADANIPOWER,MOMT,0.15,0.2,0.1,30,23,-0.7163448567485114,2.4185551432514893,10,23
2026-07-07,ADANIPOWER,MOMT,0.15,0.2,0.1,30,19,-3.3474632156611444,-0.7577632156611445,4,18
2026-07-08,ADANIPOWER,MOMT,0.15,0.2,0.1,30,23,-2.672478370143506,0.4624216298564939,8,23
2026-07-09,ADANIPOWER,MOMT,0.15,0.2,0.1,30,22,-3.2079121129337844,-0.20931211293378485,7,22
2026-07-10,ADANIPOWER,MOMT,0.15,0.2,0.1,30,11,-1.6361495277792448,-0.13684952777924447,2,11
2026-07-06,MAHABANK,MOMT,0.15,0.2,0.1,30,22,-2.6247950455045332,0.3738049544954674,6,22
2026-07-07,MAHABANK,MOMT,0.15,0.2,0.1,30,10,-1.9327085560226418,-0.5697085560226418,2,10
2026-07-08,MAHABANK,MOMT,0.15,0.2,0.1,30,19,-2.64476721885698,-0.055067218856979794,6,19
2026-07-09,MAHABANK,MOMT,0.15,0.2,0.1,30,16,-2.389778216037857,-0.2089782160378569,5,15
2026-07-10,MAHABANK,MOMT,0.15,0.2,0.1,30,22,-0.8466366032247779,2.1519633967752223,14,22
2026-07-06,IDFCFIRSTB,MOMT,0.15,0.2,0.1,30,6,-0.6563601445424896,0.16143985545751038,2,5
2026-07-07,IDFCFIRSTB,MOMT,0.15,0.2,0.1,30,6,-0.8106725679004224,0.007127432099577724,2,6
2026-07-08,IDFCFIRSTB,MOMT,0.15,0.2,0.1,30,11,-0.8637216460157098,0.6355783539842902,5,11
2026-07-09,IDFCFIRSTB,MOMT,0.15,0.2,0.1,30,11,-2.540844911701137,-1.0415449117011368,1,11
2026-07-10,IDFCFIRSTB,MOMT,0.15,0.2,0.1,30,5,-0.8362644945039699,-0.1547644945039699,1,4
2026-07-06,LICI,MOMT,0.15,0.2,0.1,30,12,-2.1468478640803332,-0.5112478640803331,3,11
2026-07-07,LICI,MOMT,0.15,0.2,0.1,30,9,-1.4984113017659713,-0.27171130176597125,3,9
2026-07-08,LICI,MOMT,0.15,0.2,0.1,30,8,-1.6599781322708365,-0.5695781322708365,0,7
2026-07-09,LICI,MOMT,0.15,0.2,0.1,30,11,-2.153783745724383,-0.6544837457243828,2,11
2026-07-10,LICI,MOMT,0.15,0.2,0.1,30,14,-2.364125500417721,-0.4559255004177207,4,12
2026-07-06,MOTHERSON,MOMT,0.15,0.2,0.1,30,9,-0.09008480242774955,1.1366151975722505,6,9
2026-07-07,MOTHERSON,MOMT,0.15,0.2,0.1,30,26,-5.407270303521692,-1.8634703035216913,3,26
2026-07-08,MOTHERSON,MOMT,0.15,0.2,0.1,30,23,-1.883838937389717,1.2510610626102836,10,23
2026-07-09,MOTHERSON,MOMT,0.15,0.2,0.1,30,16,-2.20916250173273,-0.028362501732729743,3,15
2026-07-10,MOTHERSON,MOMT,0.15,0.2,0.1,30,11,-1.4222472414728777,0.07705275852712226,4,11
2026-07-06,TATASTEEL,MOMT,0.15,0.2,0.1,30,8,-1.2527229923438643,-0.1623229923438642,2,5
2026-07-07,TATASTEEL,MOMT,0.15,0.2,0.1,30,9,-1.5127965045749638,-0.28609650457496383,2,7
2026-07-08,TATASTEEL,MOMT,0.15,0.2,0.1,30,14,-1.5121412063381687,0.3960587936618312,5,13
2026-07-09,TATASTEEL,MOMT,0.15,0.2,0.1,30,10,-1.4422944761740197,-0.07929447617401975,1,10
2026-07-10,TATASTEEL,MOMT,0.15,0.2,0.1,30,6,-1.4528711024820309,-0.6350711024820309,0,6
2026-06-29,ADANIPOWER,MOMT,0.15,0.2,0.1,30,11,-1.0173945989294904,0.4819054010705097,3,11
2026-06-30,ADANIPOWER,MOMT,0.15,0.2,0.1,30,12,-1.8009645797912006,-0.16536457979120062,4,11
2026-07-01,ADANIPOWER,MOMT,0.15,0.2,0.1,30,11,-0.9904116433838214,0.5088883566161787,3,11
2026-07-02,ADANIPOWER,MOMT,0.15,0.2,0.1,30,16,-2.183343874240185,-0.0025438742401848735,5,15
2026-07-03,ADANIPOWER,MOMT,0.15,0.2,0.1,30,18,-1.9252834558071403,0.5281165441928601,7,18
2026-06-29,MAHABANK,MOMT,0.15,0.2,0.1,30,24,-3.2648922156845446,0.006307784315455561,8,23
2026-06-30,MAHABANK,MOMT,0.15,0.2,0.1,30,14,-0.7755898097397806,1.132610190260219,8,14
2026-07-01,MAHABANK,MOMT,0.15,0.2,0.1,30,20,-4.543139611125867,-1.8171396111258673,2,20
2026-07-02,MAHABANK,MOMT,0.15,0.2,0.1,30,8,-1.8379330367002311,-0.747533036700231,1,7
2026-07-03,MAHABANK,MOMT,0.15,0.2,0.1,30,18,-2.8973190682409604,-0.44391906824096006,5,17
2026-06-29,IDFCFIRSTB,MOMT,0.15,0.2,0.1,30,14,-0.7632508838523724,1.1449491161476275,5,14
2026-06-30,IDFCFIRSTB,MOMT,0.15,0.2,0.1,30,6,-0.7964825953067951,0.02131740469320484,3,6
2026-07-01,IDFCFIRSTB,MOMT,0.15,0.2,0.1,30,6,-0.9473510232543715,-0.12955102325437148,1,5
2026-07-02,IDFCFIRSTB,MOMT,0.15,0.2,0.1,30,11,-1.1968994061603873,0.3024005938396125,3,11
2026-07-03,IDFCFIRSTB,MOMT,0.15,0.2,0.1,30,10,-1.3013422841654059,0.06165771583459409,3,10
2026-06-29,LICI,MOMT,0.15,0.2,0.1,30,7,-0.5587400257080382,0.39535997429196185,3,7
2026-06-30,LICI,MOMT,0.15,0.2,0.1,30,16,-2.0419877284697865,0.13881227153021392,6,16
2026-07-01,LICI,MOMT,0.15,0.2,0.1,30,11,-1.0420454012815366,0.4572545987184635,4,11
2026-07-02,LICI,MOMT,0.15,0.2,0.1,30,8,-1.4850370129132735,-0.39463701291327347,1,7
2026-07-03,LICI,MOMT,0.15,0.2,0.1,30,6,-1.0943116586593147,-0.27651165865931476,1,4
2026-06-29,MOTHERSON,MOMT,0.15,0.2,0.1,30,24,-4.192415156980622,-0.9212151569806228,6,24
2026-06-30,MOTHERSON,MOMT,0.15,0.2,0.1,30,16,-2.134505964355121,0.046294035644878814,4,16
2026-07-01,MOTHERSON,MOMT,0.15,0.2,0.1,30,23,-4.425631830444024,-1.2907318304440232,3,23
2026-07-02,MOTHERSON,MOMT,0.15,0.2,0.1,30,8,-1.6948319263670795,-0.6044319263670794,1,8
2026-07-03,MOTHERSON,MOMT,0.15,0.2,0.1,30,14,-2.0597754715160783,-0.1515754715160787,2,14
2026-06-29,TATASTEEL,MOMT,0.15,0.2,0.1,30,8,-1.373844654702479,-0.2834446547024789,1,6
2026-06-30,TATASTEEL,MOMT,0.15,0.2,0.1,30,13,-2.5665338616886104,-0.7946338616886104,1,12
2026-07-01,TATASTEEL,MOMT,0.15,0.2,0.1,30,10,-0.9151924485167221,0.4478075514832778,3,8
2026-07-02,TATASTEEL,MOMT,0.15,0.2,0.1,30,4,-0.4992959785644674,0.04590402143553263,1,2
2026-07-03,TATASTEEL,MOMT,0.15,0.2,0.1,30,12,-1.9118966838308347,-0.2762966838308344,2,10
2026-06-22,ADANIPOWER,MOMT,0.15,0.2,0.1,30,17,-2.70147451645458,-0.3843745164545805,6,16
2026-06-23,ADANIPOWER,MOMT,0.15,0.2,0.1,30,30,-2.79222289393641,1.2967771060635895,12,30
2026-06-24,ADANIPOWER,MOMT,0.15,0.2,0.1,30,10,-1.671479051095563,-0.30847905109556295,2,10
2026-06-25,ADANIPOWER,MOMT,0.15,0.2,0.1,30,17,-3.2942100136788843,-0.9771100136788838,1,16
2026-06-22,MAHABANK,MOMT,0.15,0.2,0.1,30,8,-1.4562017246747396,-0.3658017246747397,1,7
2026-06-23,MAHABANK,MOMT,0.15,0.2,0.1,30,12,-2.871485986781533,-1.235885986781533,1,12
2026-06-24,MAHABANK,MOMT,0.15,0.2,0.1,30,12,-2.0010104314486425,-0.36541043144864266,1,12
2026-06-25,MAHABANK,MOMT,0.15,0.2,0.1,30,16,-1.4533417954174,0.7274582045826001,8,16
2026-06-22,IDFCFIRSTB,MOMT,0.15,0.2,0.1,30,22,-1.320327347409718,1.6782726525902816,12,22
2026-06-23,IDFCFIRSTB,MOMT,0.15,0.2,0.1,30,15,-1.7466201759969484,0.29787982400305124,5,15
2026-06-24,IDFCFIRSTB,MOMT,0.15,0.2,0.1,30,13,-2.8248404233150146,-1.0529404233150146,1,13
2026-06-25,IDFCFIRSTB,MOMT,0.15,0.2,0.1,30,4,-0.8815527934714286,-0.3363527934714286,0,4
2026-06-22,LICI,MOMT,0.15,0.2,0.1,30,6,-0.8885195534894939,-0.07071955348949396,1,6
2026-06-23,LICI,MOMT,0.15,0.2,0.1,30,22,-2.1223913948177824,0.8762086051822179,9,22
2026-06-24,LICI,MOMT,0.15,0.2,0.1,30,5,-1.1405005743825294,-0.4590005743825293,1,5
2026-06-25,LICI,MOMT,0.15,0.2,0.1,30,10,-2.391833759556394,-1.0288337595563937,0,9
2026-06-22,MOTHERSON,MOMT,0.15,0.2,0.1,30,6,-1.0936396209274981,-0.2758396209274979,2,6
2026-06-23,MOTHERSON,MOMT,0.15,0.2,0.1,30,17,-1.6160235055140142,0.701076494485986,5,17
2026-06-24,MOTHERSON,MOMT,0.15,0.2,0.1,30,9,-0.8210534268180422,0.4056465731819579,1,9
2026-06-25,MOTHERSON,MOMT,0.15,0.2,0.1,30,21,-3.2811827829798235,-0.4188827829798232,6,21
2026-06-22,TATASTEEL,MOMT,0.15,0.2,0.1,30,5,-0.5652062092132377,0.11629379078676233,2,4
2026-06-23,TATASTEEL,MOMT,0.15,0.2,0.1,30,14,-1.5623540896093187,0.34584591039068135,5,13
2026-06-24,TATASTEEL,MOMT,0.15,0.2,0.1,30,8,-0.5625707027139105,0.5278292972860894,2,7
2026-06-25,TATASTEEL,MOMT,0.15,0.2,0.1,30,12,-2.491000949744656,-0.855400949744656,2,12
2026-06-15,ADANIPOWER,MOMT,0.15,0.2,0.1,30,12,-1.9499922056536751,-0.31439220565367487,2,12
2026-06-16,ADANIPOWER,MOMT,0.15,0.2,0.1,30,14,-1.68443806683224,0.22376193316776014,3,14
2026-06-17,ADANIPOWER,MOMT,0.15,0.2,0.1,30,8,-1.1378554882701963,-0.04745548827019627,3,6
2026-06-18,ADANIPOWER,MOMT,0.15,0.2,0.1,30,22,-1.2637471505740343,1.7348528494259658,9,21
2026-06-19,ADANIPOWER,MOMT,0.15,0.2,0.1,30,14,-2.6002861620112476,-0.6920861620112477,3,14
2026-06-15,MAHABANK,MOMT,0.15,0.2,0.1,30,15,-1.4796766072133776,0.5648233927866224,3,13
2026-06-16,MAHABANK,MOMT,0.15,0.2,0.1,30,11,-1.5283804378546206,-0.02908043785462086,0,11
2026-06-17,MAHABANK,MOMT,0.15,0.2,0.1,30,30,-3.2986774687710922,0.7903225312289077,10,30
2026-06-18,MAHABANK,MOMT,0.15,0.2,0.1,30,13,-1.6851597868802846,0.08674021311971558,3,11
2026-06-19,MAHABANK,MOMT,0.15,0.2,0.1,30,18,-3.1311172337395314,-0.6777172337395311,1,18
2026-06-15,IDFCFIRSTB,MOMT,0.15,0.2,0.1,30,13,-1.9369188552969197,-0.1650188552969195,4,13
2026-06-16,IDFCFIRSTB,MOMT,0.15,0.2,0.1,30,11,-2.62429299766463,-1.1249929976646296,0,11
2026-06-17,IDFCFIRSTB,MOMT,0.15,0.2,0.1,30,7,-0.5047092852328245,0.4493907147671755,3,4
2026-06-18,IDFCFIRSTB,MOMT,0.15,0.2,0.1,30,6,-1.0840012241173795,-0.2662012241173796,1,4
2026-06-19,IDFCFIRSTB,MOMT,0.15,0.2,0.1,30,11,-1.243594244032861,0.2557057559671392,2,11
2026-06-15,LICI,MOMT,0.15,0.2,0.1,30,7,-0.64603221924386,0.30806778075614016,1,6
2026-06-16,LICI,MOMT,0.15,0.2,0.1,30,8,-1.2410429841276744,-0.15064298412767452,1,6
2026-06-17,LICI,MOMT,0.15,0.2,0.1,30,13,-1.6013893627244409,0.17051063727555915,3,13
2026-06-18,LICI,MOMT,0.15,0.2,0.1,30,18,-2.6373976716381944,-0.18399767163819394,6,18
2026-06-19,LICI,MOMT,0.15,0.2,0.1,30,19,-3.125262690993571,-0.5355626909935707,3,19
2026-06-15,MOTHERSON,MOMT,0.15,0.2,0.1,30,10,-1.9946611097288125,-0.6316611097288125,1,10
2026-06-16,MOTHERSON,MOMT,0.15,0.2,0.1,30,13,-2.35022902537372,-0.5783290253737206,2,13
2026-06-17,MOTHERSON,MOMT,0.15,0.2,0.1,30,19,-2.803360339613071,-0.21366033961307096,5,19
2026-06-18,MOTHERSON,MOMT,0.15,0.2,0.1,30,12,-2.136226069141883,-0.5006260691418831,3,12
2026-06-19,MOTHERSON,MOMT,0.15,0.2,0.1,30,13,-2.080198052910055,-0.3082980529100553,4,12
2026-06-15,TATASTEEL,MOMT,0.15,0.2,0.1,30,8,-0.5789112461157249,0.5114887538842751,3,8
2026-06-16,TATASTEEL,MOMT,0.15,0.2,0.1,30,12,-1.790994620639475,-0.155394620639475,4,12
2026-06-17,TATASTEEL,MOMT,0.15,0.2,0.1,30,11,-1.9621792126298288,-0.4628792126298287,2,11
2026-06-18,TATASTEEL,MOMT,0.15,0.2,0.1,30,6,-0.7754577293204082,0.04234227067959176,2,6
2026-06-19,TATASTEEL,MOMT,0.15,0.2,0.1,30,7,-1.4948523964981577,-0.5407523964981577,1,6
2026-06-08,ADANIPOWER,MOMT,0.15,0.2,0.1,30,16,-2.0670672060217687,0.11373279397823155,6,16
2026-06-09,ADANIPOWER,MOMT,0.15,0.2,0.1,30,25,-4.275220027804307,-0.8677200278043073,5,25
2026-06-10,ADANIPOWER,MOMT,0.15,0.2,0.1,30,11,-1.4126205027851106,0.08667949721488954,2,11
2026-06-11,ADANIPOWER,MOMT,0.15,0.2,0.1,30,16,-2.832691125984205,-0.6518911259842051,4,16
2026-06-12,ADANIPOWER,MOMT,0.15,0.2,0.1,30,20,-2.780372384578016,-0.05437238457801519,6,20
2026-06-08,MAHABANK,MOMT,0.15,0.2,0.1,30,11,-2.059987183406397,-0.5606871834063971,1,10
2026-06-09,MAHABANK,MOMT,0.15,0.2,0.1,30,20,-2.491049600139514,0.23495039986048585,5,20
2026-06-10,MAHABANK,MOMT,0.15,0.2,0.1,30,12,-2.2934745051981666,-0.6578745051981666,3,12
2026-06-11,MAHABANK,MOMT,0.15,0.2,0.1,30,18,-3.2144660366569218,-0.7610660366569221,3,18
2026-06-12,MAHABANK,MOMT,0.15,0.2,0.1,30,16,-2.2452527061372356,-0.06445270613723508,5,16
2026-06-08,IDFCFIRSTB,MOMT,0.15,0.2,0.1,30,14,-2.700902257067033,-0.7927022570670328,2,14
2026-06-09,IDFCFIRSTB,MOMT,0.15,0.2,0.1,30,11,-1.637349803190309,-0.13804980319030885,3,11
2026-06-10,IDFCFIRSTB,MOMT,0.15,0.2,0.1,30,10,-1.6234158307416438,-0.26041583074164354,2,9
2026-06-11,IDFCFIRSTB,MOMT,0.15,0.2,0.1,30,13,-2.2371058802083743,-0.4652058802083739,3,13
2026-06-12,IDFCFIRSTB,MOMT,0.15,0.2,0.1,30,16,-1.759378515585583,0.4214214844144172,6,16
2026-06-08,LICI,MOMT,0.15,0.2,0.1,30,10,-2.0183616675916642,-0.6553616675916638,2,10
2026-06-09,LICI,MOMT,0.15,0.2,0.1,30,9,-1.7398162356343834,-0.5131162356343835,2,7
2026-06-10,LICI,MOMT,0.15,0.2,0.1,30,9,-0.5598450575600842,0.6668549424399159,4,8
2026-06-11,LICI,MOMT,0.15,0.2,0.1,30,9,-1.9168274284611793,-0.6901274284611795,2,9
2026-06-12,LICI,MOMT,0.15,0.2,0.1,30,8,-1.1784672393652587,-0.08806723936525856,2,8
2026-06-08,MOTHERSON,MOMT,0.15,0.2,0.1,30,16,-2.284189164059681,-0.10338916405968136,4,16
2026-06-09,MOTHERSON,MOMT,0.15,0.2,0.1,30,14,-3.1239893972709565,-1.2157893972709561,2,14
2026-06-10,MOTHERSON,MOMT,0.15,0.2,0.1,30,14,-3.048987942827356,-1.1407879428273568,2,13
2026-06-11,MOTHERSON,MOMT,0.15,0.2,0.1,30,12,-1.6951903908702186,-0.059590390870218446,2,12
2026-06-12,MOTHERSON,MOMT,0.15,0.2,0.1,30,14,-1.5945594282452453,0.313640571754755,6,14
2026-06-08,TATASTEEL,MOMT,0.15,0.2,0.1,30,9,-0.765869971062456,0.46083002893754405,3,9
2026-06-09,TATASTEEL,MOMT,0.15,0.2,0.1,30,13,-2.2848527753909353,-0.512952775390935,2,13
2026-06-10,TATASTEEL,MOMT,0.15,0.2,0.1,30,15,-2.7007944354933606,-0.6562944354933602,3,14
2026-06-11,TATASTEEL,MOMT,0.15,0.2,0.1,30,19,-3.796222353326156,-1.2065223533261564,3,19
2026-06-12,TATASTEEL,MOMT,0.15,0.2,0.1,30,9,-1.4220112561646434,-0.19531125616464332,2,8
2026-06-01,ADANIPOWER,MOMT,0.15,0.2,0.1,30,23,-4.103056269228274,-0.968156269228274,5,23
2026-06-02,ADANIPOWER,MOMT,0.15,0.2,0.1,30,24,-4.068868282546749,-0.7976682825467488,6,24
2026-06-03,ADANIPOWER,MOMT,0.15,0.2,0.1,30,13,-2.083183059668803,-0.3112830596688029,4,13
2026-06-04,ADANIPOWER,MOMT,0.15,0.2,0.1,30,18,-1.838548937078143,0.6148510629218569,5,18
2026-06-05,ADANIPOWER,MOMT,0.15,0.2,0.1,30,18,-2.667232071817676,-0.21383207181767613,3,18
2026-06-01,MAHABANK,MOMT,0.15,0.2,0.1,30,16,-2.4839597275638408,-0.3031597275638407,3,16
2026-06-02,MAHABANK,MOMT,0.15,0.2,0.1,30,6,-0.528430778304652,0.2893692216953479,1,6
2026-06-03,MAHABANK,MOMT,0.15,0.2,0.1,30,15,-2.960909245286177,-0.9164092452861774,2,14
2026-06-04,MAHABANK,MOMT,0.15,0.2,0.1,30,10,-1.4018918980803903,-0.038891898080390314,2,10
2026-06-05,MAHABANK,MOMT,0.15,0.2,0.1,30,14,-2.2577074220257067,-0.3495074220257067,3,14
2026-06-01,IDFCFIRSTB,MOMT,0.15,0.2,0.1,30,16,-3.7139080914029194,-1.533108091402919,2,16
2026-06-02,IDFCFIRSTB,MOMT,0.15,0.2,0.1,30,19,-2.4328762510093593,0.15682374899064114,8,19
2026-06-03,IDFCFIRSTB,MOMT,0.15,0.2,0.1,30,21,-2.0556032868524334,0.8066967131475669,9,21
2026-06-04,IDFCFIRSTB,MOMT,0.15,0.2,0.1,30,12,-1.5445540516076104,0.09104594839238961,3,12
2026-06-05,IDFCFIRSTB,MOMT,0.15,0.2,0.1,30,23,-4.28413091430668,-1.1492309143066797,5,23
2026-06-01,LICI,MOMT,0.15,0.2,0.1,30,13,-1.0324423454405993,0.7394576545594009,5,13
2026-06-02,LICI,MOMT,0.15,0.2,0.1,30,11,-1.877032627142634,-0.3777326271426337,2,11
2026-06-03,LICI,MOMT,0.15,0.2,0.1,30,14,-1.5756730618188874,0.3325269381811128,4,13
2026-06-04,LICI,MOMT,0.15,0.2,0.1,30,5,-0.7044852662545464,-0.0229852662545465,2,5
2026-06-05,LICI,MOMT,0.15,0.2,0.1,30,13,-2.371721978848975,-0.5998219788489751,2,12
2026-06-01,MOTHERSON,MOMT,0.15,0.2,0.1,30,15,-1.2296588437742617,0.8148411562257385,4,15
2026-06-02,MOTHERSON,MOMT,0.15,0.2,0.1,30,22,-2.9808000877502323,0.0177999122497675,5,22
2026-06-03,MOTHERSON,MOMT,0.15,0.2,0.1,30,21,-2.553263167605225,0.3090368323947743,8,21
2026-06-04,MOTHERSON,MOMT,0.15,0.2,0.1,30,16,-2.449708571232609,-0.26890857123260936,3,16
2026-06-05,MOTHERSON,MOMT,0.15,0.2,0.1,30,19,-3.7236388662082796,-1.1339388662082797,4,19
2026-06-01,TATASTEEL,MOMT,0.15,0.2,0.1,30,15,-2.9226652230057177,-0.8781652230057173,1,15
2026-06-02,TATASTEEL,MOMT,0.15,0.2,0.1,30,11,-1.7699151692803075,-0.27061516928030716,3,10
2026-06-03,TATASTEEL,MOMT,0.15,0.2,0.1,30,11,-1.9563725555277003,-0.4570725555277001,3,11
2026-06-04,TATASTEEL,MOMT,0.15,0.2,0.1,30,11,-1.5712384762705953,-0.07193847627059505,4,10
2026-06-05,TATASTEEL,MOMT,0.15,0.2,0.1,30,14,-1.8258339659826903,0.08236603401730971,6,14
