threshold,trades,win,avg,netpct,pf,long,short
21.349261524502186,191,0.1256544502617801,-0.001473803607027376,-28.149648894222878,0.15841996874950953,80,111
21.349261524502186,188,0.15425531914893617,-0.0015016536415778194,-28.231088461663006,0.17512231007962165,80,108
21.349261524502186,192,0.22395833333333334,-0.0014723071262692886,-28.268296824370342,0.14252847837330793,82,110
21.349261524502186,192,0.13020833333333334,-0.0014778253503129363,-28.37424672600838,0.15480058296712307,80,112
21.349261524502186,189,0.13756613756613756,-0.0015043007776660358,-28.431284697888078,0.1656563357106886,80,109
21.349261524502186,191,0.12041884816753927,-0.0014908007504796995,-28.47429433416226,0.15504577990997798,80,111
21.349261524502186,189,0.15873015873015872,-0.0015135283753147364,-28.605686293448517,0.1683685739509009,80,109
21.349261524502186,190,0.14210526315789473,-0.0015121517120880834,-28.730882529673586,0.1604980869199435,80,110
21.349261524502186,191,0.11518324607329843,-0.001505108327782815,-28.747569060651767,0.15216562314601864,80,111
21.349261524502186,196,0.12755102040816327,-0.001469037871766013,-28.793142286613854,0.1378360993783208,81,115
21.349261524502186,193,0.13471502590673576,-0.0014975349604546336,-28.902424736774428,0.1429882637095992,80,113
21.349261524502186,194,0.15463917525773196,-0.0014915379846572392,-28.93583690235044,0.13925883445787915,81,113
21.349261524502186,197,0.1319796954314721,-0.0014716601729336568,-28.991705406793038,0.13795595330092197,81,116
21.349261524502186,196,0.17857142857142858,-0.001479892498988951,-29.00589298018344,0.1232749284506543,82,114
21.349261524502186,191,0.18848167539267016,-0.0015192291345440092,-29.017276469790577,0.15295471844977757,81,110
21.349261524502186,188,0.14361702127659576,-0.0015447485701654382,-29.04127311911024,0.16011963948814542,80,108
21.349261524502186,193,0.19689119170984457,-0.0015048442000308506,-29.043493060595416,0.12955584981596502,82,111
21.349261524502186,196,0.12244897959183673,-0.0014823283206238658,-29.053635084227768,0.13651664707066788,81,115
21.349261524502186,201,0.1791044776119403,-0.0014472275818846292,-29.08927439588105,0.11932190131273625,83,118
21.349261524502186,197,0.20812182741116753,-0.0014769254695660443,-29.095431750451073,0.1307341589966476,83,114
21.349261524502186,194,0.13402061855670103,-0.0015012703625373045,-29.124645033223707,0.1422522694750103,81,113
21.349261524502186,193,0.14507772020725387,-0.0015112501927462784,-29.16712872000317,0.15048336702502504,81,112
21.349261524502186,199,0.11557788944723618,-0.001466387132142965,-29.181103929645,0.13496093554051425,83,116
21.349261524502186,187,0.1711229946524064,-0.0015617522807805115,-29.204767650595564,0.1799797813460916,80,107
21.349261524502186,198,0.1919191919191919,-0.0014757489134996835,-29.219828487293732,0.12285007636717546,83,115
21.349261524502186,190,0.1631578947368421,-0.0015412560160112925,-29.283864304214557,0.1536616668527671,80,110
21.349261524502186,199,0.15577889447236182,-0.0014723989748941977,-29.300739600394532,0.12895294436588722,82,117
21.349261524502186,188,0.13829787234042554,-0.0015592844598723273,-29.314547845599755,0.15728191676310851,80,108
21.349261524502186,198,0.1414141414141414,-0.0014811031890911211,-29.3258431440042,0.13205569327741074,81,117
21.349261524502186,191,0.14659685863874344,-0.0015358146879811323,-29.334060540439626,0.1473229868764553,80,111
21.349261524502186,196,0.11734693877551021,-0.0014969773761074742,-29.340756571706493,0.13088798799075937,81,115
21.349261524502186,189,0.12698412698412698,-0.0015524648160572664,-29.341585023482335,0.15194857860033265,80,109
21.349261524502186,188,0.15425531914893617,-0.0015616061974413266,-29.35819651189694,0.16953893334114492,80,108
21.349261524502186,192,0.22395833333333334,-0.0015297085872189725,-29.370404874604272,0.1379178027780069,82,110
21.349261524502186,195,0.13846153846153847,-0.001507600418123225,-29.398208153402887,0.14077445224480312,81,114
21.349261524502186,192,0.16666666666666666,-0.001533462120104981,-29.44247270601564,0.14211927390903736,81,111
21.349261524502186,198,0.12626262626262627,-0.0014884826913376707,-29.47195728848588,0.13634237844714495,83,115
21.349261524502186,194,0.14948453608247422,-0.0015197156414629002,-29.482483444380264,0.14836726632051964,81,113
21.349261524502186,188,0.17553191489361702,-0.001572594885574625,-29.56478384880295,0.17502503994987065,80,108
21.349261524502186,201,0.1044776119402985,-0.0014710735265471603,-29.568577883597925,0.12485565367288758,83,118
21.349261524502186,189,0.12169312169312169,-0.0015669237962948068,-29.61485974997185,0.14916135670194813,80,109
21.349261524502186,200,0.12,-0.0014834021082938843,-29.668042165877683,0.12696351281136328,83,117
21.349261524502186,201,0.1044776119402985,-0.001476479806883823,-29.677244118364843,0.12163944755816335,83,118
21.349261524502186,201,0.1044776119402985,-0.0014777657346261058,-29.703091265984728,0.12087444677938827,83,118
21.349261524502186,189,0.15873015873015872,-0.0015744864732107112,-29.75779434368244,0.16291194210978957,80,109
21.349261524502186,196,0.14795918367346939,-0.001520782953602758,-29.807345890614055,0.13340977792256606,81,115
21.349261524502186,191,0.193717277486911,-0.0015621231649884635,-29.83655245127965,0.15050909325590558,81,110
21.349261524502186,197,0.16243654822335024,-0.001515596058223573,-29.857242347004387,0.12881403275003359,82,115
21.349261524502186,199,0.11055276381909548,-0.001500742219317182,-29.864770164411926,0.12149926716601611,83,116
21.349261524502186,199,0.11055276381909548,-0.0015020410709563723,-29.890617312031807,0.12073894863683503,83,116
21.349261524502186,191,0.2356020942408377,-0.001565361104143346,-29.89839708913791,0.14145605394380764,82,109
21.349261524502186,187,0.16042780748663102,-0.0015989512389911345,-29.900388169134217,0.16603809214789397,80,107
21.349261524502186,193,0.14507772020725387,-0.0015511957955715373,-29.93807885453067,0.1471785381109344,81,112
21.349261524502186,197,0.20812182741116753,-0.0015203574432096458,-29.951041631230023,0.12747556286834313,83,114
21.349261524502186,189,0.18518518518518517,-0.0015851920524245578,-29.96012979082414,0.16205933155748248,80,109
21.349261524502186,195,0.15897435897435896,-0.0015367498041841756,-29.966621181591425,0.13951152257140434,81,114
21.349261524502186,194,0.12371134020618557,-0.001544886222499614,-29.97079271649251,0.1307117002427706,81,113
21.349261524502186,202,0.10891089108910891,-0.0014841839663282477,-29.980516119830604,0.11850066967799681,83,119
21.349261524502186,199,0.1306532663316583,-0.0015067284183275659,-29.983895524718562,0.12833253000279612,83,116
21.349261524502186,193,0.13471502590673576,-0.0015561949238821295,-30.0345620309251,0.13886007576840587,81,112
21.349261524502186,188,0.14361702127659576,-0.0015986072888529571,-30.053817030435592,0.15556425075896643,80,108
21.349261524502186,196,0.17346938775510204,-0.0015352815121419266,-30.091517637981763,0.13345739768335663,82,114
21.349261524502186,190,0.16842105263157894,-0.0015843758045107177,-30.103140285703635,0.1512224772201099,80,110
21.349261524502186,201,0.12437810945273632,-0.0014980823589654812,-30.111455415206173,0.12027250011135979,83,118
21.349261524502186,187,0.15508021390374332,-0.0016135648607285419,-30.173662895623732,0.16326663336857883,80,107
21.349261524502186,202,0.17326732673267325,-0.0014937848732707812,-30.17445444006978,0.11374582427943208,85,117
21.349261524502186,198,0.12121212121212122,-0.0015242739153157982,-30.1806235232528,0.1229337995197732,83,115
21.349261524502186,198,0.12121212121212122,-0.001525579326811752,-30.206470670872687,0.12218266661031697,83,115
21.349261524502186,207,0.11594202898550725,-0.001460772079986627,-30.23798205572318,0.11429937172709988,85,122
21.349261524502186,194,0.11855670103092783,-0.0015596862991737752,-30.257914203971236,0.12523703724086152,81,113
21.349261524502186,190,0.20526315789473684,-0.0015928129465890273,-30.263445985191517,0.15340306419656158,81,109
21.349261524502186,194,0.14948453608247422,-0.0015607439989127718,-30.27843357890777,0.14503269462912233,81,113
21.349261524502186,206,0.11650485436893204,-0.0014713771770224228,-30.31036984666191,0.11405753433543785,85,121
21.349261524502186,193,0.12953367875647667,-0.00157107168489139,-30.321683518403823,0.1334218555021227,81,112
21.349261524502186,188,0.13829787234042554,-0.001613143178559846,-30.327091756925107,0.15283324051352243,80,108
21.349261524502186,203,0.15763546798029557,-0.001494265779237971,-30.333595318530815,0.1076450356271071,85,118
21.349261524502186,203,0.11330049261083744,-0.0014950211511901032,-30.348929369159094,0.11341819087374146,83,120
21.349261524502186,198,0.12626262626262627,-0.0015332503321569858,-30.358356576708317,0.13289049635409775,83,115
21.349261524502186,195,0.1641025641025641,-0.001559093048054478,-30.402314437062323,0.13959231585717724,81,114
21.349261524502186,205,0.14634146341463414,-0.0014835026285128358,-30.411803884513134,0.10140041127336663,85,120
21.349261524502186,200,0.135,-0.0015226154387023528,-30.452308774047054,0.12162433790414269,83,117
21.349261524502186,202,0.12871287128712872,-0.0015113021750270885,-30.528303935547186,0.11237645465358563,84,118
21.349261524502186,196,0.17857142857142858,-0.0015587862700741156,-30.552210893452663,0.13353124393678567,82,114
21.349261524502186,208,0.11538461538461539,-0.0014698672302796358,-30.573238389816424,0.11128139839895801,85,123
21.349261524502186,197,0.2182741116751269,-0.0015524145940045049,-30.582567501888747,0.13082657155869326,83,114
21.349261524502186,208,0.1201923076923077,-0.0014712025527700984,-30.601013097618047,0.10867808554113138,85,123
21.349261524502186,193,0.15025906735751296,-0.0015874517361214849,-30.637818507144658,0.14903462344661747,81,112
21.349261524502186,206,0.11165048543689321,-0.001487812746947784,-30.64894258712435,0.10732148447319935,85,121
21.349261524502186,207,0.11594202898550725,-0.0014816727623553217,-30.67062618075516,0.11096725914951043,85,122
21.349261524502186,193,0.13471502590673576,-0.001589679973824022,-30.680823494803622,0.13633389443429744,81,112
21.349261524502186,204,0.11764705882352941,-0.0015044498965441227,-30.690777889500104,0.10708726253458511,84,120
21.349261524502186,207,0.12077294685990338,-0.0014830145356790718,-30.698400888556787,0.10837067759925942,85,122
21.349261524502186,207,0.1111111111111111,-0.0014839005600867743,-30.716741593796225,0.10710997353581117,85,122
21.349261524502186,206,0.11165048543689321,-0.0014931072052030525,-30.75800842718288,0.10414484201901453,85,121
21.349261524502186,207,0.1111111111111111,-0.0014891694412490222,-30.825807433854756,0.1039395916605452,85,122
21.349261524502186,198,0.12121212121212122,-0.0015586534286314646,-30.861337886903,0.12054910328575341,83,115
21.349261524502186,209,0.14832535885167464,-0.0014775438409702988,-30.880666276279246,0.09097855351526388,87,122
21.349261524502186,198,0.12121212121212122,-0.0015599588401274183,-30.887185034522886,0.11981254101372502,83,115
21.349261524502186,201,0.13930348258706468,-0.0015370227509645805,-30.89415729438807,0.11374015610083717,84,117
21.349261524502186,199,0.1306532663316583,-0.0015525273775347241,-30.89529481294101,0.12502006581964203,83,116
