ticker,entry_time,exit_time,side,gross_pct,net_pct,exit_reason,expected_stop_gross_pct,actual_stop_gross_pct,stop_overshoot_pct,raw_confidence,p_net_positive,p_adverse_stop
PAGEIND.NS,2026-10-07 15:14:35.310767,2026-10-07 15:14:48.602611,SHORT,0.02673796791443639,-0.12456203208556361,V12_THESIS_FAIL_L5_FLIP,-0.18,,0.0,100.0,0.09090909090909091,0.18181818181818182
PAGEIND.NS,2026-10-07 15:20:43.603558,2026-10-07 15:20:49.501048,LONG,-0.4232804232804255,-0.5745804232804255,STOP,-0.18,-0.4232804232804255,0.24328042328042548,100.0,0.047619047619047616,0.2857142857142857
PAGEIND.NS,2026-10-07 15:20:56.197357,2026-10-07 15:26:03.096558,LONG,0.026567481402772763,-0.12473251859722724,V12_THESIS_FAIL_L5_FLIP,-0.18,,0.0,95.9681,0.047619047619047616,0.42857142857142855
PERSISTENT.NS,2026-10-07 15:20:37.599924,2026-10-07 15:20:43.603558,LONG,0.0,-0.1513,V12_THESIS_FAIL_L5_FLIP,-0.18,,0.0,100.0,0.047619047619047616,0.2857142857142857
PERSISTENT.NS,2026-10-07 15:27:34.505549,2026-10-07 15:29:54.807415,SHORT,-0.0,-0.1513,V12_SAFETY_TIMEOUT,-0.18,,0.0,100.0,0.047619047619047616,0.14285714285714285
PETRONET.NS,2026-10-07 15:14:23.402569,2026-10-07 15:14:35.310767,SHORT,-0.21955750717783662,-0.3708575071778366,STOP,-0.18,-0.21955750717783662,0.039557507177836626,100.0,0.09523809523809523,0.19047619047619047
PETRONET.NS,2026-10-07 15:14:42.101227,2026-10-07 15:20:02.799402,SHORT,-0.7246376811594235,-0.8759376811594235,STOP,-0.18,-0.7246376811594235,0.5446376811594236,88.3098,0.09090909090909091,0.2727272727272727
PETRONET.NS,2026-10-07 15:20:10.796589,2026-10-07 15:20:30.303621,LONG,-0.10016694490818656,-0.25146694490818655,V12_THESIS_FAIL_L5_FLIP,-0.18,,0.0,100.0,0.047619047619047616,0.2857142857142857
PETRONET.NS,2026-10-07 15:22:32.408562,2026-10-07 15:29:20.904226,SHORT,0.3355704697986628,0.1842704697986628,V12_THESIS_FAIL_L5_FLIP,-0.18,,0.0,87.7522,0.09090909090909091,0.2727272727272727
PFC,2026-10-07 15:20:10.796589,2026-10-07 15:20:37.599924,LONG,0.8662613981762934,0.7149613981762935,TARGET,-0.18,,0.0,100.0,0.13636363636363635,0.2727272727272727
PFC,2026-10-07 15:20:43.603558,2026-10-07 15:21:25.503868,LONG,-0.256139822208834,-0.407439822208834,STOP,-0.18,-0.256139822208834,0.07613982220883403,100.0,0.13636363636363635,0.2727272727272727
PHOENIXLTD.NS,2026-10-07 15:26:40.404868,2026-10-07 15:29:26.952086,SHORT,0.5121293800539051,0.3608293800539051,V12_PROFIT_LOCK_L5_WEAK,-0.18,,0.0,100.0,0.047619047619047616,0.14285714285714285
PIDILITIND.NS,2026-10-07 15:20:10.796589,2026-10-07 15:20:17.104377,LONG,1.0000000000000009,0.8487000000000009,TARGET,-0.18,,0.0,100.0,0.13636363636363635,0.2727272727272727
PIDILITIND.NS,2026-10-07 15:20:23.405018,2026-10-07 15:21:55.802139,LONG,0.6798679867986879,0.5285679867986879,TARGET,-0.18,,0.0,100.0,0.047619047619047616,0.2857142857142857
PIIND.NS,2026-10-07 15:14:35.310767,2026-10-07 15:14:48.602611,SHORT,-0.40452706695151,-0.55582706695151,STOP,-0.18,-0.40452706695151,0.22452706695150998,100.0,0.09523809523809523,0.19047619047619047
PIIND.NS,2026-10-07 15:14:55.096307,2026-10-07 15:15:07.398577,SHORT,-0.4454545454545489,-0.5967545454545489,STOP,-0.18,-0.4454545454545489,0.2654545454545489,100.0,0.13636363636363635,0.22727272727272727
PIIND.NS,2026-10-07 15:15:19.305867,2026-10-07 15:20:02.799402,SHORT,-0.4454545454545489,-0.5967545454545489,STOP,-0.18,-0.4454545454545489,0.2654545454545489,100.0,0.13636363636363635,0.22727272727272727
POWERINDIA.NS,2026-10-07 15:20:10.796589,2026-10-07 15:20:23.405018,LONG,-0.14153168737223165,-0.29283168737223164,V12_THESIS_FAIL_L5_FLIP,-0.18,,0.0,100.0,0.045454545454545456,0.22727272727272727
POWERINDIA.NS,2026-10-07 15:20:37.599924,2026-10-07 15:20:56.197357,LONG,-0.18882769472855498,-0.340127694728555,STOP,-0.18,-0.18882769472855498,0.008827694728554991,100.0,0.13636363636363635,0.22727272727272727
PRESTIGE.NS,2026-10-07 15:20:37.599924,2026-10-07 15:20:49.501048,LONG,-0.35986159169550946,-0.5111615916955095,STOP,-0.18,-0.35986159169550946,0.17986159169550947,100.0,0.047619047619047616,0.3333333333333333
RELIANCE,2026-10-07 15:20:10.796589,2026-10-07 15:29:20.904226,LONG,0.0,-0.1513,V12_THESIS_FAIL_L5_FLIP,-0.18,,0.0,100.0,0.13636363636363635,0.2727272727272727
SBILIFE.NS,2026-10-07 15:14:35.310767,2026-10-07 15:14:48.602611,LONG,1.0976314269208531,0.9463314269208531,TARGET,-0.18,,0.0,100.0,0.047619047619047616,0.3333333333333333
SBILIFE.NS,2026-10-07 15:15:07.398577,2026-10-07 15:15:13.348220,SHORT,-1.7495931178795665,-1.9008931178795665,STOP,-0.18,-1.7495931178795665,1.5695931178795666,100.0,0.09090909090909091,0.18181818181818182
SBILIFE.NS,2026-10-07 15:20:56.197357,2026-10-07 15:21:13.311713,SHORT,-0.0,-0.1513,V12_THESIS_FAIL_L5_FLIP,-0.18,,0.0,100.0,0.047619047619047616,0.14285714285714285
SBIN,2026-10-07 15:20:10.796589,2026-10-07 15:20:17.104377,LONG,0.0,-0.1513,V12_THESIS_FAIL_L5_FLIP,-0.18,,0.0,100.0,0.045454545454545456,0.22727272727272727
SBIN,2026-10-07 15:22:43.953241,2026-10-07 15:24:55.596841,SHORT,0.6211180124223614,0.46981801242236143,TARGET,-0.18,,0.0,100.0,0.047619047619047616,0.14285714285714285
SBIN,2026-10-07 15:25:20.600170,2026-10-07 15:29:54.807415,SHORT,0.24572593715690427,0.09442593715690427,V12_SAFETY_TIMEOUT,-0.18,,0.0,100.0,0.047619047619047616,0.14285714285714285
SHREECEM.NS,2026-10-07 15:25:51.610493,2026-10-07 15:29:54.807415,SHORT,-0.13793103448276334,-0.2892310344827633,V12_SAFETY_TIMEOUT,-0.18,,0.0,100.0,0.047619047619047616,0.42857142857142855
SHRIRAMFIN,2026-10-07 15:20:10.796589,2026-10-07 15:20:17.104377,LONG,1.4872224549643986,1.3359224549643987,TARGET,-0.18,,0.0,100.0,0.13636363636363635,0.2727272727272727
SHRIRAMFIN,2026-10-07 15:20:23.405018,2026-10-07 15:20:56.197357,LONG,0.24251805985553432,0.09121805985553431,V12_THESIS_FAIL_L5_FLIP,-0.18,,0.0,100.0,0.047619047619047616,0.2857142857142857
SHRIRAMFIN,2026-10-07 15:21:49.210181,2026-10-07 15:24:14.747213,SHORT,0.6249999999999978,0.4736999999999978,TARGET,-0.18,,0.0,100.0,0.13636363636363635,0.22727272727272727
SHRIRAMFIN,2026-10-07 15:26:40.404868,2026-10-07 15:29:54.807415,SHORT,0.10537407797681642,-0.04592592202318359,V12_SAFETY_TIMEOUT,-0.18,,0.0,100.0,0.13636363636363635,0.22727272727272727
SIEMENS.NS,2026-10-07 15:14:48.602611,2026-10-07 15:15:01.205538,SHORT,-0.3249927339022962,-0.4762927339022962,STOP,-0.18,-0.3249927339022962,0.14499273390229622,97.5282,0.045454545454545456,0.22727272727272727
SIEMENS.NS,2026-10-07 15:20:10.796589,2026-10-07 15:20:17.104377,LONG,1.1734028683181297,1.0221028683181297,TARGET,-0.18,,0.0,100.0,0.047619047619047616,0.3333333333333333
SIEMENS.NS,2026-10-07 15:20:23.405018,2026-10-07 15:20:30.303621,LONG,-0.773195876288657,-0.924495876288657,STOP,-0.18,-0.773195876288657,0.5931958762886571,100.0,0.13636363636363635,0.22727272727272727
SIEMENS.NS,2026-10-07 15:20:37.599924,2026-10-07 15:21:13.311713,LONG,-0.3658536585365857,-0.5171536585365857,STOP,-0.18,-0.3658536585365857,0.1858536585365857,100.0,0.047619047619047616,0.2857142857142857
SIEMENS.NS,2026-10-07 15:21:37.703736,2026-10-07 15:21:49.210181,SHORT,0.5874673629242766,0.4361673629242766,V12_THESIS_FAIL_L5_FLIP,-0.18,,0.0,90.1619,0.09523809523809523,0.19047619047619047
SRF.NS,2026-10-07 15:14:48.602611,2026-10-07 15:14:55.096307,LONG,0.0,-0.1513,V12_THESIS_FAIL_L5_FLIP,-0.18,,0.0,100.0,0.045454545454545456,0.22727272727272727
SRF.NS,2026-10-07 15:15:13.348220,2026-10-07 15:20:37.599924,LONG,0.24449877750611915,0.09319877750611914,V12_THESIS_FAIL_L5_FLIP,-0.18,,0.0,100.0,0.047619047619047616,0.3333333333333333
SUNDARMFIN.NS,2026-10-07 15:28:43.502795,2026-10-07 15:29:01.412114,SHORT,-0.37819025522041194,-0.5294902552204119,STOP,-0.18,-0.37819025522041194,0.19819025522041195,87.6944,0.09090909090909091,0.2727272727272727
SUNPHARMA,2026-10-07 15:20:10.796589,2026-10-07 15:20:17.104377,LONG,0.0,-0.1513,V12_THESIS_FAIL_L5_FLIP,-0.18,,0.0,100.0,0.13636363636363635,0.2727272727272727
SUNPHARMA,2026-10-07 15:20:37.599924,2026-10-07 15:20:43.603558,LONG,0.0,-0.1513,V12_THESIS_FAIL_L5_FLIP,-0.18,,0.0,100.0,0.047619047619047616,0.2857142857142857
SUNPHARMA,2026-10-07 15:23:13.606510,2026-10-07 15:24:14.747213,SHORT,1.823691460055088,1.672391460055088,TARGET,-0.18,,0.0,100.0,0.047619047619047616,0.14285714285714285
SUNPHARMA,2026-10-07 15:24:20.294360,2026-10-07 15:26:33.809714,SHORT,-0.22371364653244186,-0.37501364653244185,STOP,-0.18,-0.22371364653244186,0.04371364653244186,100.0,0.047619047619047616,0.14285714285714285
SUNPHARMA,2026-10-07 15:26:47.052810,2026-10-07 15:29:54.807415,SHORT,-0.016847307238720965,-0.16814730723872096,V12_SAFETY_TIMEOUT,-0.18,,0.0,100.0,0.047619047619047616,0.14285714285714285
SUZLON.NS,2026-10-07 15:20:23.405018,2026-10-07 15:20:43.603558,SHORT,-0.18286311389759113,-0.3341631138975911,STOP,-0.18,-0.18286311389759113,0.0028631138975911408,98.0032,0.047619047619047616,0.42857142857142855
TATACONSUM.NS,2026-10-07 15:14:23.402569,2026-10-07 15:14:28.810739,SHORT,-0.2899901610481148,-0.4412901610481148,STOP,-0.18,-0.2899901610481148,0.10999016104811482,100.0,0.047619047619047616,0.42857142857142855
TATACONSUM.NS,2026-10-07 15:14:48.602611,2026-10-07 15:20:02.799402,LONG,2.8751354978578503,2.7238354978578503,TARGET,-0.18,,0.0,93.9975,0.045454545454545456,0.22727272727272727
TATACONSUM.NS,2026-10-07 15:20:10.796589,2026-10-07 15:20:43.603558,LONG,0.0,-0.1513,V12_THESIS_FAIL_L5_FLIP,-0.18,,0.0,100.0,0.13636363636363635,0.2727272727272727
TATACONSUM.NS,2026-10-07 15:23:31.302377,2026-10-07 15:25:14.506740,SHORT,0.9109311740890691,0.7596311740890691,TARGET,-0.18,,0.0,94.4506,0.045454545454545456,0.22727272727272727
TATACONSUM.NS,2026-10-07 15:25:20.600170,2026-10-07 15:26:14.812679,SHORT,-0.32175689479059244,-0.47305689479059243,STOP,-0.18,-0.32175689479059244,0.14175689479059245,100.0,0.047619047619047616,0.14285714285714285
TATACONSUM.NS,2026-10-07 15:26:21.707862,2026-10-07 15:26:40.404868,SHORT,0.8583690987124415,0.7070690987124415,TARGET,-0.18,,0.0,100.0,0.047619047619047616,0.14285714285714285
TATACONSUM.NS,2026-10-07 15:26:47.052810,2026-10-07 15:29:54.807415,SHORT,0.17522160379304097,0.023921603793040966,V12_SAFETY_TIMEOUT,-0.18,,0.0,100.0,0.047619047619047616,0.14285714285714285
TATASTEEL,2026-10-07 15:20:37.599924,2026-10-07 15:20:43.603558,LONG,0.0,-0.1513,V12_THESIS_FAIL_L5_FLIP,-0.18,,0.0,100.0,0.13636363636363635,0.22727272727272727
TATASTEEL,2026-10-07 15:25:20.600170,2026-10-07 15:29:54.807415,SHORT,-0.03417245699963711,-0.1854724569996371,V12_SAFETY_TIMEOUT,-0.18,,0.0,100.0,0.047619047619047616,0.14285714285714285
TCS,2026-10-07 15:20:23.405018,2026-10-07 15:29:54.807415,SHORT,-0.12513837416374685,-0.27643837416374684,V12_SAFETY_TIMEOUT,-0.18,,0.0,100.0,0.13636363636363635,0.22727272727272727
TECHM,2026-10-07 15:20:10.796589,2026-10-07 15:20:17.104377,LONG,0.5245901639344241,0.37329016393442416,V12_THESIS_FAIL_L5_FLIP,-0.18,,0.0,100.0,0.045454545454545456,0.22727272727272727
TECHM,2026-10-07 15:21:31.703551,2026-10-07 15:28:37.807401,SHORT,0.6000000000000005,0.44870000000000054,TARGET,-0.18,,0.0,100.0,0.047619047619047616,0.14285714285714285
TMCV.NS,2026-10-07 14:57:43.511361,2026-10-07 14:57:49.498124,LONG,-0.03476245654692178,-0.18606245654692177,V12_THESIS_FAIL_L5_FLIP,-0.18,,0.0,100.0,0.047619047619047616,0.3333333333333333
TMCV.NS,2026-10-07 15:00:59.394826,2026-10-07 15:01:18.994273,SHORT,-0.1166861143523823,-0.2679861143523823,V12_THESIS_FAIL_L5_FLIP,-0.18,,0.0,100.0,0.09090909090909091,0.18181818181818182
TMCV.NS,2026-10-07 15:25:26.404308,2026-10-07 15:25:39.205825,SHORT,-0.1293356848912408,-0.2806356848912408,V12_THESIS_FAIL_L5_FLIP,-0.18,,0.0,100.0,0.09090909090909091,0.18181818181818182
TORNTPHARM.NS,2026-10-07 15:20:17.104377,2026-10-07 15:20:23.405018,LONG,0.0,-0.1513,V12_THESIS_FAIL_L5_FLIP,-0.18,,0.0,100.0,0.047619047619047616,0.2857142857142857
TORNTPOWER.NS,2026-10-07 15:28:37.807401,2026-10-07 15:28:49.447436,LONG,-0.23396530859217668,-0.38526530859217667,STOP,-0.18,-0.23396530859217668,0.053965308592176686,100.0,0.13636363636363635,0.2727272727272727
TORNTPOWER.NS,2026-10-07 15:28:55.406515,2026-10-07 15:29:01.412114,LONG,0.0,-0.1513,V12_THESIS_FAIL_L5_FLIP,-0.18,,0.0,100.0,0.13636363636363635,0.2727272727272727
TRENT,2026-10-07 15:20:10.796589,2026-10-07 15:20:23.405018,LONG,0.10719966802683611,-0.04410033197316389,V12_THESIS_FAIL_L5_FLIP,-0.18,,0.0,96.2766,0.047619047619047616,0.42857142857142855
TVSMOTOR.NS,2026-10-07 15:20:10.796589,2026-10-07 15:20:17.104377,LONG,-0.4502251125562795,-0.6015251125562795,STOP,-0.18,-0.4502251125562795,0.2702251125562795,100.0,0.047619047619047616,0.3333333333333333
UNOMINDA.NS,2026-10-07 15:21:31.703551,2026-10-07 15:21:37.703736,SHORT,-0.21883833318134815,-0.37013833318134814,STOP,-0.18,-0.21883833318134815,0.03883833318134816,100.0,0.047619047619047616,0.42857142857142855
UNOMINDA.NS,2026-10-07 15:21:49.210181,2026-10-07 15:22:14.610411,SHORT,-0.2645502645502562,-0.4158502645502562,STOP,-0.18,-0.2645502645502562,0.08455026455025622,100.0,0.047619047619047616,0.42857142857142855
VBL.NS,2026-10-07 15:27:07.057498,2026-10-07 15:27:34.505549,LONG,-0.21495644303654027,-0.36625644303654026,STOP,-0.18,-0.21495644303654027,0.034956443036540275,82.6025,0.09090909090909091,0.2727272727272727
WIPRO,2026-10-07 15:20:10.796589,2026-10-07 15:20:17.104377,LONG,0.0,-0.1513,V12_THESIS_FAIL_L5_FLIP,-0.18,,0.0,100.0,0.13636363636363635,0.2727272727272727
ZYDUSLIFE.NS,2026-10-07 15:14:55.096307,2026-10-07 15:15:07.398577,LONG,-0.5354521115813138,-0.6867521115813138,STOP,-0.18,-0.5354521115813138,0.3554521115813138,100.0,0.13636363636363635,0.2727272727272727
ZYDUSLIFE.NS,2026-10-07 15:15:13.348220,2026-10-07 15:20:10.796589,LONG,-0.08636324380343341,-0.2376632438034334,V12_THESIS_FAIL_L5_FLIP,-0.18,,0.0,100.0,0.13636363636363635,0.2727272727272727
360ONE.NS,2026-10-07 15:14:55.096307,2026-10-07 15:20:02.799402,SHORT,-0.09416195856872811,-0.2454619585687281,V12_THESIS_FAIL_L5_FLIP,-0.18,,0.0,96.5486,0.047619047619047616,0.42857142857142855
ABCAPITAL.NS,2026-10-07 15:20:56.197357,2026-10-07 15:21:07.953663,LONG,0.08027829810008935,-0.07102170189991065,V12_THESIS_FAIL_L5_FLIP,-0.18,,0.0,90.5252,0.045454545454545456,0.22727272727272727
ABCAPITAL.NS,2026-10-07 15:23:56.211899,2026-10-07 15:29:54.807415,SHORT,0.10738255033556632,-0.043917449664433686,V12_SAFETY_TIMEOUT,-0.18,,0.0,100.0,0.047619047619047616,0.14285714285714285
ADANIGREEN.NS,2026-10-07 15:20:10.796589,2026-10-07 15:20:23.405018,LONG,0.0,-0.1513,V12_THESIS_FAIL_L5_FLIP,-0.18,,0.0,100.0,0.047619047619047616,0.2857142857142857
ADANIPORTS,2026-10-07 15:20:17.104377,2026-10-07 15:20:23.405018,LONG,-0.11415525114155667,-0.26545525114155666,V12_THESIS_FAIL_L5_FLIP,-0.18,,0.0,100.0,0.13636363636363635,0.22727272727272727
ADANIPORTS,2026-10-07 15:23:44.001513,2026-10-07 15:23:49.601556,SHORT,-0.32876091146127884,-0.4800609114612788,STOP,-0.18,-0.32876091146127884,0.14876091146127884,100.0,0.047619047619047616,0.14285714285714285
ADANIPORTS,2026-10-07 15:26:21.707862,2026-10-07 15:29:26.952086,SHORT,0.432383228082156,0.281083228082156,V12_PROFIT_LOCK_L5_WEAK,-0.18,,0.0,100.0,0.09523809523809523,0.19047619047619047
ALKEM.NS,2026-10-07 15:15:13.348220,2026-10-07 15:20:02.799402,LONG,0.6612647853217801,0.5099647853217801,TARGET,-0.18,,0.0,100.0,0.13636363636363635,0.2727272727272727
ALKEM.NS,2026-10-07 15:25:39.205825,2026-10-07 15:29:20.904226,SHORT,0.02802690582959233,-0.12327309417040767,V12_THESIS_FAIL_L5_FLIP,-0.18,,0.0,100.0,0.047619047619047616,0.42857142857142855
AMBUJACEM.NS,2026-10-07 15:27:27.492356,2026-10-07 15:29:14.101883,SHORT,-0.20964360587001352,-0.3609436058700135,STOP,-0.18,-0.20964360587001352,0.029643605870013523,100.0,0.047619047619047616,0.14285714285714285
APLAPOLLO.NS,2026-10-07 15:14:42.101227,2026-10-07 15:14:48.602611,LONG,0.16404968361847239,0.012749683618472382,V12_THESIS_FAIL_L5_FLIP,-0.18,,0.0,100.0,0.13636363636363635,0.22727272727272727
APOLLOHOSP.NS,2026-10-07 15:20:02.799402,2026-10-07 15:20:56.197357,LONG,-2.5215252152521517,-2.6728252152521517,STOP,-0.18,-2.5215252152521517,2.3415252152521515,100.0,0.047619047619047616,0.2857142857142857
ASHOKLEY.NS,2026-10-07 15:28:37.807401,2026-10-07 15:29:20.904226,LONG,0.0,-0.1513,V12_THESIS_FAIL_L5_FLIP,-0.18,,0.0,100.0,0.13636363636363635,0.2727272727272727
ASIANPAINT,2026-10-07 15:20:02.799402,2026-10-07 15:20:17.104377,LONG,-0.3284072249589487,-0.4797072249589487,STOP,-0.18,-0.3284072249589487,0.1484072249589487,100.0,0.13636363636363635,0.2727272727272727
ASIANPAINT,2026-10-07 15:21:07.953663,2026-10-07 15:21:25.503868,LONG,-0.601956358164013,-0.753256358164013,STOP,-0.18,-0.601956358164013,0.42195635816401306,100.0,0.13636363636363635,0.2727272727272727
ASTRAL.NS,2026-10-07 15:14:48.602611,2026-10-07 15:14:55.096307,SHORT,-0.0,-0.1513,V12_THESIS_FAIL_L5_FLIP,-0.18,,0.0,100.0,0.047619047619047616,0.42857142857142855
ASTRAL.NS,2026-10-07 15:15:13.348220,2026-10-07 15:20:30.303621,SHORT,-0.070175438596487,-0.221475438596487,V12_THESIS_FAIL_L5_FLIP,-0.18,,0.0,100.0,0.09090909090909091,0.18181818181818182
AUROPHARMA.NS,2026-10-07 15:20:37.599924,2026-10-07 15:21:07.953663,LONG,-0.6524317912218303,-0.8037317912218302,STOP,-0.18,-0.6524317912218303,0.47243179122183027,100.0,0.047619047619047616,0.3333333333333333
AXISBANK,2026-10-07 15:20:56.197357,2026-10-07 15:29:54.807415,SHORT,0.04826643069744119,-0.10303356930255882,V12_SAFETY_TIMEOUT,-0.18,,0.0,88.613,0.09090909090909091,0.2727272727272727
BAJAJ-AUTO.NS,2026-10-07 15:23:44.001513,2026-10-07 15:24:37.500855,SHORT,0.8919722497522264,0.7406722497522265,TARGET,-0.18,,0.0,100.0,0.047619047619047616,0.42857142857142855
BAJAJ-AUTO.NS,2026-10-07 15:24:43.201410,2026-10-07 15:25:57.398840,SHORT,0.7000700070006971,0.5487700070006971,TARGET,-0.18,,0.0,100.0,0.047619047619047616,0.42857142857142855
BAJAJ-AUTO.NS,2026-10-07 15:26:14.812679,2026-10-07 15:29:54.807415,SHORT,0.272424578750885,0.12112457875088499,V12_SAFETY_TIMEOUT,-0.18,,0.0,100.0,0.047619047619047616,0.42857142857142855
BAJAJFINSV,2026-10-07 15:20:10.796589,2026-10-07 15:20:17.104377,LONG,0.0,-0.1513,V12_THESIS_FAIL_L5_FLIP,-0.18,,0.0,100.0,0.13636363636363635,0.22727272727272727
BAJAJFINSV,2026-10-07 15:23:37.599491,2026-10-07 15:24:14.747213,SHORT,1.365168539325845,1.213868539325845,TARGET,-0.18,,0.0,100.0,0.09090909090909091,0.18181818181818182
BAJAJFINSV,2026-10-07 15:24:20.294360,2026-10-07 15:26:40.404868,SHORT,0.6094435267984255,0.4581435267984255,TARGET,-0.18,,0.0,100.0,0.047619047619047616,0.42857142857142855
BAJAJFINSV,2026-10-07 15:26:47.052810,2026-10-07 15:29:54.807415,SHORT,0.097421203438397,-0.05387879656160301,V12_SAFETY_TIMEOUT,-0.18,,0.0,100.0,0.047619047619047616,0.42857142857142855
BAJAJHLDNG.NS,2026-10-07 15:00:35.619190,2026-10-07 15:00:59.394826,SHORT,-0.08403361344537785,-0.23533361344537784,V12_THESIS_FAIL_L5_FLIP,-0.18,,0.0,100.0,0.047619047619047616,0.42857142857142855
BAJAJHLDNG.NS,2026-10-07 15:20:02.799402,2026-10-07 15:20:17.104377,LONG,0.009091735612321017,-0.14220826438767897,V12_THESIS_FAIL_L5_FLIP,-0.18,,0.0,100.0,0.13636363636363635,0.2727272727272727
BAJAJHLDNG.NS,2026-10-07 15:20:37.599924,2026-10-07 15:21:02.209933,LONG,0.0,-0.1513,V12_THESIS_FAIL_L5_FLIP,-0.18,,0.0,100.0,0.047619047619047616,0.2857142857142857
BAJAJHLDNG.NS,2026-10-07 15:23:25.109449,2026-10-07 15:23:37.599491,SHORT,-0.34377032425902954,-0.4950703242590295,STOP,-0.18,-0.34377032425902954,0.16377032425902954,100.0,0.047619047619047616,0.14285714285714285
BAJAJHLDNG.NS,2026-10-07 15:23:49.601556,2026-10-07 15:25:32.803730,SHORT,0.6130410551736909,0.4617410551736909,TARGET,-0.18,,0.0,100.0,0.047619047619047616,0.14285714285714285
BAJAJHLDNG.NS,2026-10-07 15:25:39.205825,2026-10-07 15:27:34.505549,SHORT,0.3551401869158921,0.20384018691589212,V12_PROFIT_LOCK_L5_WEAK,-0.18,,0.0,100.0,0.047619047619047616,0.42857142857142855
BAJFINANCE,2026-10-07 15:14:48.602611,2026-10-07 15:14:55.096307,LONG,0.0,-0.1513,V12_THESIS_FAIL_L5_FLIP,-0.18,,0.0,100.0,0.13636363636363635,0.2727272727272727
BAJFINANCE,2026-10-07 15:15:07.398577,2026-10-07 15:15:13.348220,SHORT,-0.39863325740319144,-0.5499332574031914,STOP,-0.18,-0.39863325740319144,0.21863325740319145,99.0908,0.047619047619047616,0.42857142857142855
BAJFINANCE,2026-10-07 15:20:10.796589,2026-10-07 15:29:54.807415,SHORT,-0.12465589778216657,-0.27595589778216656,V12_SAFETY_TIMEOUT,-0.18,,0.0,100.0,0.047619047619047616,0.42857142857142855
BALKRISIND.NS,2026-10-07 15:00:35.619190,2026-10-07 15:00:59.394826,SHORT,0.07958615200955865,-0.07171384799044135,V12_THESIS_FAIL_L5_FLIP,-0.18,,0.0,100.0,0.047619047619047616,0.42857142857142855
BALKRISIND.NS,2026-10-07 15:01:38.003104,2026-10-07 15:01:44.004354,SHORT,0.004989273062905308,-0.14631072693709468,V12_THESIS_FAIL_L5_FLIP,-0.18,,0.0,100.0,0.047619047619047616,0.14285714285714285
BALKRISIND.NS,2026-10-07 15:03:47.210077,2026-10-07 15:03:58.797364,LONG,-0.024921497283558747,-0.17622149728355874,V12_THESIS_FAIL_L5_FLIP,-0.18,,0.0,91.3674,0.045454545454545456,0.22727272727272727
BANKINDIA.NS,2026-10-07 15:20:10.796589,2026-10-07 15:20:43.603558,SHORT,-0.3370786516853741,-0.4883786516853741,STOP,-0.18,-0.3370786516853741,0.1570786516853741,93.8226,0.045454545454545456,0.22727272727272727
BERGEPAINT.NS,2026-10-07 15:29:26.952086,2026-10-07 15:29:33.809918,LONG,0.0,-0.1513,V12_THESIS_FAIL_L5_FLIP,-0.18,,0.0,100.0,0.047619047619047616,0.2857142857142857
BHARATFORG.NS,2026-10-07 15:09:10.494911,2026-10-07 15:09:52.804947,SHORT,0.021856729140479203,-0.1294432708595208,V12_THESIS_FAIL_L5_FLIP,-0.18,,0.0,100.0,0.047619047619047616,0.42857142857142855
BHARATFORG.NS,2026-10-07 15:20:17.104377,2026-10-07 15:20:23.405018,LONG,0.2132196162046851,0.0619196162046851,V12_THESIS_FAIL_L5_FLIP,-0.18,,0.0,100.0,0.047619047619047616,0.2857142857142857
BHARATFORG.NS,2026-10-07 15:20:37.599924,2026-10-07 15:20:43.603558,LONG,-0.40128410914928025,-0.5525841091492802,STOP,-0.18,-0.40128410914928025,0.22128410914928026,100.0,0.047619047619047616,0.2857142857142857
BHARATFORG.NS,2026-10-07 15:27:34.505549,2026-10-07 15:29:54.807415,SHORT,0.1463811330984055,-0.004918866901594501,V12_SAFETY_TIMEOUT,-0.18,,0.0,100.0,0.047619047619047616,0.14285714285714285
BHARTIARTL,2026-10-07 15:15:07.398577,2026-10-07 15:15:13.348220,SHORT,-0.43720625204939356,-0.5885062520493936,STOP,-0.18,-0.43720625204939356,0.25720625204939357,97.942,0.047619047619047616,0.42857142857142855
BHARTIARTL,2026-10-07 15:23:13.606510,2026-10-07 15:23:56.211899,SHORT,0.8288770053475947,0.6775770053475947,TARGET,-0.18,,0.0,100.0,0.047619047619047616,0.42857142857142855
BHARTIARTL,2026-10-07 15:24:55.596841,2026-10-07 15:25:51.610493,SHORT,0.6854860473902935,0.5341860473902935,TARGET,-0.18,,0.0,100.0,0.047619047619047616,0.42857142857142855
BHARTIARTL,2026-10-07 15:25:57.398840,2026-10-07 15:26:03.096558,SHORT,-0.36413043478260576,-0.5154304347826058,STOP,-0.18,-0.36413043478260576,0.18413043478260577,100.0,0.047619047619047616,0.42857142857142855
BHARTIARTL,2026-10-07 15:26:33.809714,2026-10-07 15:29:54.807415,SHORT,0.1904865570915404,0.03918655709154038,V12_SAFETY_TIMEOUT,-0.18,,0.0,100.0,0.047619047619047616,0.42857142857142855
BIOCON.NS,2026-10-07 15:20:10.796589,2026-10-07 15:20:37.599924,SHORT,0.05595970900951208,-0.09534029099048792,V12_THESIS_FAIL_L5_FLIP,-0.18,,0.0,100.0,0.047619047619047616,0.14285714285714285
BLUESTARCO.NS,2026-10-07 15:20:10.796589,2026-10-07 15:20:37.599924,SHORT,-0.36861506055818616,-0.5199150605581861,STOP,-0.18,-0.36861506055818616,0.18861506055818617,100.0,0.047619047619047616,0.42857142857142855
BLUESTARCO.NS,2026-10-07 15:20:43.603558,2026-10-07 15:22:08.695370,SHORT,-0.20987735292188336,-0.36117735292188335,STOP,-0.18,-0.20987735292188336,0.02987735292188337,100.0,0.047619047619047616,0.42857142857142855
BOSCHLTD.NS,2026-10-07 15:20:10.796589,2026-10-07 15:20:23.405018,LONG,-0.5574136008918651,-0.7087136008918651,STOP,-0.18,-0.5574136008918651,0.3774136008918651,96.6479,0.047619047619047616,0.2857142857142857
BPCL.NS,2026-10-07 15:20:37.599924,2026-10-07 15:20:43.603558,LONG,0.0,-0.1513,V12_THESIS_FAIL_L5_FLIP,-0.18,,0.0,100.0,0.047619047619047616,0.2857142857142857
BRITANNIA.NS,2026-10-07 15:20:37.599924,2026-10-07 15:22:32.408562,LONG,-0.20033388981637312,-0.3516338898163731,STOP,-0.18,-0.20033388981637312,0.02033388981637313,88.1669,0.09523809523809523,0.19047619047619047
CANBK,2026-10-07 15:20:10.796589,2026-10-07 15:20:23.405018,LONG,-0.16694490818029983,-0.3182449081802998,V12_THESIS_FAIL_L5_FLIP,-0.18,,0.0,100.0,0.047619047619047616,0.2857142857142857
CANBK,2026-10-07 15:22:49.804220,2026-10-07 15:23:19.301627,SHORT,-0.20981955518253326,-0.36111955518253325,STOP,-0.18,-0.20981955518253326,0.029819555182533264,92.7084,0.045454545454545456,0.22727272727272727
CGPOWER.NS,2026-10-07 15:20:37.599924,2026-10-07 15:21:31.703551,LONG,-0.30558950994554746,-0.45688950994554745,STOP,-0.18,-0.30558950994554746,0.12558950994554746,100.0,0.047619047619047616,0.3333333333333333
CHOLAFIN.NS,2026-10-07 15:20:10.796589,2026-10-07 15:20:37.599924,SHORT,-0.3775758351465486,-0.5288758351465486,STOP,-0.18,-0.3775758351465486,0.19757583514654858,100.0,0.047619047619047616,0.42857142857142855
CHOLAFIN.NS,2026-10-07 15:20:43.603558,2026-10-07 15:29:54.807415,SHORT,0.24226968441185548,0.09096968441185548,V12_SAFETY_TIMEOUT,-0.18,,0.0,100.0,0.047619047619047616,0.42857142857142855
CIPLA.NS,2026-10-07 15:20:23.405018,2026-10-07 15:22:14.610411,SHORT,-0.18825301204818956,-0.33955301204818955,STOP,-0.18,-0.18825301204818956,0.008253012048189567,100.0,0.047619047619047616,0.14285714285714285
COALINDIA,2026-10-07 15:20:17.104377,2026-10-07 15:20:49.501048,LONG,-0.20334928229666094,-0.35464928229666093,STOP,-0.18,-0.20334928229666094,0.023349282296660945,100.0,0.047619047619047616,0.2857142857142857
COALINDIA,2026-10-07 15:20:56.197357,2026-10-07 15:23:07.101304,LONG,-0.1319103009953304,-0.2832103009953304,V12_THESIS_FAIL_L5_FLIP,-0.18,,0.0,97.9817,0.09090909090909091,0.18181818181818182
COALINDIA,2026-10-07 15:25:20.600170,2026-10-07 15:29:54.807415,SHORT,0.02411963338158074,-0.12718036661841925,V12_SAFETY_TIMEOUT,-0.18,,0.0,100.0,0.13636363636363635,0.22727272727272727
COCHINSHIP.NS,2026-10-07 15:14:48.602611,2026-10-07 15:15:07.398577,LONG,-0.4379678292721789,-0.5892678292721789,STOP,-0.18,-0.4379678292721789,0.25796782927217893,100.0,0.13636363636363635,0.2727272727272727
COFORGE.NS,2026-10-07 15:15:07.398577,2026-10-07 15:15:13.348220,SHORT,-0.3660802098131466,-0.5173802098131466,STOP,-0.18,-0.3660802098131466,0.1860802098131466,95.9841,0.045454545454545456,0.22727272727272727
COFORGE.NS,2026-10-07 15:20:56.197357,2026-10-07 15:29:54.807415,SHORT,-0.09338093930240099,-0.24468093930240098,V12_SAFETY_TIMEOUT,-0.18,,0.0,100.0,0.13636363636363635,0.22727272727272727
COLPAL.NS,2026-10-07 15:20:02.799402,2026-10-07 15:21:02.209933,SHORT,-0.291545189504383,-0.442845189504383,STOP,-0.18,-0.291545189504383,0.11154518950438302,100.0,0.045454545454545456,0.22727272727272727
CONCOR.NS,2026-10-07 15:11:13.354188,2026-10-07 15:11:25.358540,LONG,-0.21449537141566832,-0.3657953714156683,STOP,-0.18,-0.21449537141566832,0.03449537141566833,100.0,0.13636363636363635,0.2727272727272727
CONCOR.NS,2026-10-07 15:11:56.507311,2026-10-07 15:12:03.104824,LONG,-0.033959701154628874,-0.18525970115462886,V12_THESIS_FAIL_L5_FLIP,-0.18,,0.0,100.0,0.047619047619047616,0.2857142857142857
CONCOR.NS,2026-10-07 15:13:34.728864,2026-10-07 15:13:46.711734,SHORT,-0.03395201448619378,-0.18525201448619377,V12_THESIS_FAIL_L5_FLIP,-0.18,,0.0,100.0,0.09090909090909091,0.18181818181818182
CONCOR.NS,2026-10-07 15:20:10.796589,2026-10-07 15:21:02.209933,SHORT,-0.18264840182649067,-0.33394840182649066,STOP,-0.18,-0.18264840182649067,0.002648401826490676,100.0,0.045454545454545456,0.22727272727272727
CRISIL.NS,2026-10-07 15:10:43.305460,2026-10-07 15:11:44.108607,LONG,0.5743544078361529,0.4230544078361529,V12_PROFIT_LOCK_L5_WEAK,-0.18,,0.0,100.0,0.13636363636363635,0.2727272727272727
CRISIL.NS,2026-10-07 15:11:50.509269,2026-10-07 15:11:56.507311,LONG,0.14181882644921373,-0.009481173550786273,V12_THESIS_FAIL_L5_FLIP,-0.18,,0.0,100.0,0.13636363636363635,0.2727272727272727
CRISIL.NS,2026-10-07 15:12:27.291954,2026-10-07 15:12:33.100613,LONG,-0.01327492366919314,-0.16457492366919313,V12_THESIS_FAIL_L5_FLIP,-0.18,,0.0,100.0,0.045454545454545456,0.22727272727272727
CRISIL.NS,2026-10-07 15:12:57.302924,2026-10-07 15:13:03.199355,LONG,0.002212536230294937,-0.14908746376970505,V12_THESIS_FAIL_L5_FLIP,-0.18,,0.0,100.0,0.047619047619047616,0.2857142857142857
DABUR.NS,2026-10-07 15:25:32.803730,2026-10-07 15:29:54.807415,SHORT,0.03909304143862036,-0.11220695856137965,V12_SAFETY_TIMEOUT,-0.18,,0.0,100.0,0.045454545454545456,0.22727272727272727
DALBHARAT.NS,2026-10-07 15:28:20.195793,2026-10-07 15:28:26.104668,LONG,-0.22525264824058144,-0.37655264824058143,STOP,-0.18,-0.22525264824058144,0.04525264824058145,100.0,0.047619047619047616,0.3333333333333333
DALBHARAT.NS,2026-10-07 15:28:32.154090,2026-10-07 15:28:37.807401,LONG,0.0,-0.1513,V12_THESIS_FAIL_L5_FLIP,-0.18,,0.0,100.0,0.047619047619047616,0.2857142857142857
DALBHARAT.NS,2026-10-07 15:28:43.502795,2026-10-07 15:29:07.704774,LONG,0.1524390243902385,0.0011390243902384828,V12_THESIS_FAIL_L5_FLIP,-0.18,,0.0,92.6478,0.045454545454545456,0.22727272727272727
DIVISLAB.NS,2026-10-07 15:14:48.602611,2026-10-07 15:14:55.096307,SHORT,-0.30314116970679983,-0.4544411697067998,STOP,-0.18,-0.30314116970679983,0.12314116970679984,97.8116,0.047619047619047616,0.42857142857142855
DIXON.NS,2026-10-07 15:20:10.796589,2026-10-07 15:20:17.104377,LONG,0.25826053930877446,0.10696053930877446,V12_THESIS_FAIL_L5_FLIP,-0.18,,0.0,100.0,0.045454545454545456,0.22727272727272727
DIXON.NS,2026-10-07 15:23:25.109449,2026-10-07 15:27:41.450901,SHORT,0.6097560975609762,0.45845609756097616,TARGET,-0.18,,0.0,95.5266,0.045454545454545456,0.22727272727272727
DLF,2026-10-07 15:14:48.602611,2026-10-07 15:15:01.205538,SHORT,-0.06115272894051671,-0.2124527289405167,V12_THESIS_FAIL_L5_FLIP,-0.18,,0.0,94.1462,0.045454545454545456,0.22727272727272727
DLF,2026-10-07 15:20:10.796589,2026-10-07 15:20:56.197357,LONG,-0.5151515151515129,-0.6664515151515129,STOP,-0.18,-0.5151515151515129,0.3351515151515129,100.0,0.13636363636363635,0.2727272727272727
DMART.NS,2026-10-07 15:14:48.602611,2026-10-07 15:14:55.096307,SHORT,-0.23743787962451357,-0.38873787962451356,STOP,-0.18,-0.23743787962451357,0.05743787962451358,100.0,0.047619047619047616,0.14285714285714285
DMART.NS,2026-10-07 15:20:17.104377,2026-10-07 15:20:23.405018,LONG,0.0,-0.1513,V12_THESIS_FAIL_L5_FLIP,-0.18,,0.0,100.0,0.047619047619047616,0.2857142857142857
DMART.NS,2026-10-07 15:23:37.599491,2026-10-07 15:29:54.807415,SHORT,0.1098901098901095,-0.041409890109890504,V12_SAFETY_TIMEOUT,-0.18,,0.0,100.0,0.047619047619047616,0.14285714285714285
DRREDDY.NS,2026-10-07 15:20:10.796589,2026-10-07 15:20:23.405018,LONG,0.852649006622519,0.701349006622519,TARGET,-0.18,,0.0,100.0,0.13636363636363635,0.2727272727272727
DRREDDY.NS,2026-10-07 15:20:30.303621,2026-10-07 15:20:37.599924,LONG,-0.6894287590282433,-0.8407287590282433,STOP,-0.18,-0.6894287590282433,0.5094287590282434,100.0,0.047619047619047616,0.2857142857142857
DRREDDY.NS,2026-10-07 15:20:43.603558,2026-10-07 15:20:56.197357,LONG,-0.33057851239669533,-0.4818785123966953,STOP,-0.18,-0.33057851239669533,0.15057851239669534,100.0,0.047619047619047616,0.2857142857142857
ENDURANCE.NS,2026-10-07 15:28:43.502795,2026-10-07 15:28:49.447436,SHORT,0.11961245564371392,-0.03168754435628608,V12_THESIS_FAIL_L5_FLIP,-0.18,,0.0,91.5324,0.09523809523809523,0.19047619047619047
ENDURANCE.NS,2026-10-07 15:29:47.615675,2026-10-07 15:29:54.807415,LONG,-0.3902050567390125,-0.5415050567390125,STOP,-0.18,-0.3902050567390125,0.21020505673901252,93.4821,0.045454545454545456,0.22727272727272727
ESCORTS.NS,2026-10-07 15:29:40.895402,2026-10-07 15:29:54.807415,SHORT,-0.0,-0.1513,V12_SAFETY_TIMEOUT,-0.18,,0.0,100.0,0.09090909090909091,0.18181818181818182
EXIDEIND.NS,2026-10-07 15:06:39.050180,2026-10-07 15:06:56.708334,SHORT,0.02482313516197765,-0.12647686483802234,V12_THESIS_FAIL_L5_FLIP,-0.18,,0.0,100.0,0.045454545454545456,0.22727272727272727
FORTIS.NS,2026-10-07 15:20:17.104377,2026-10-07 15:20:23.405018,LONG,0.06234413965087171,-0.0889558603491283,V12_THESIS_FAIL_L5_FLIP,-0.18,,0.0,100.0,0.047619047619047616,0.2857142857142857
FORTIS.NS,2026-10-07 15:20:56.197357,2026-10-07 15:29:54.807415,SHORT,-0.0,-0.1513,V12_SAFETY_TIMEOUT,-0.18,,0.0,100.0,0.045454545454545456,0.22727272727272727
GAIL.NS,2026-10-07 15:14:55.096307,2026-10-07 15:20:02.799402,LONG,1.963082332259014,1.811782332259014,TARGET,-0.18,,0.0,91.1653,0.045454545454545456,0.22727272727272727
GAIL.NS,2026-10-07 15:20:10.796589,2026-10-07 15:20:17.104377,LONG,0.0,-0.1513,V12_THESIS_FAIL_L5_FLIP,-0.18,,0.0,100.0,0.045454545454545456,0.22727272727272727
GAIL.NS,2026-10-07 15:20:56.197357,2026-10-07 15:21:02.209933,LONG,0.0,-0.1513,V12_THESIS_FAIL_L5_FLIP,-0.18,,0.0,100.0,0.13636363636363635,0.22727272727272727
GAIL.NS,2026-10-07 15:23:31.302377,2026-10-07 15:27:13.703541,SHORT,0.4226983207874846,0.2713983207874846,V12_THESIS_FAIL_L5_FLIP,-0.18,,0.0,100.0,0.09523809523809523,0.19047619047619047
GODREJCP.NS,2026-10-07 15:22:26.705927,2026-10-07 15:27:41.450901,SHORT,1.1929223744292283,1.0416223744292283,TARGET,-0.18,,0.0,78.6899,0.09090909090909091,0.2727272727272727
GODREJCP.NS,2026-10-07 15:27:47.803248,2026-10-07 15:29:54.807415,SHORT,0.04619204342053429,-0.10510795657946571,V12_SAFETY_TIMEOUT,-0.18,,0.0,100.0,0.047619047619047616,0.42857142857142855
GODREJIND.NS,2026-10-07 15:03:09.230743,2026-10-07 15:03:58.797364,SHORT,-0.009713453132587091,-0.16101345313258708,V12_THESIS_FAIL_L5_FLIP,-0.18,,0.0,90.0115,0.09090909090909091,0.2727272727272727
GRASIM,2026-10-07 15:20:10.796589,2026-10-07 15:20:17.104377,LONG,0.7725898555592803,0.6212898555592803,TARGET,-0.18,,0.0,100.0,0.047619047619047616,0.3333333333333333
GRASIM,2026-10-07 15:22:14.610411,2026-10-07 15:29:54.807415,SHORT,0.13333333333334085,-0.01796666666665915,V12_SAFETY_TIMEOUT,-0.18,,0.0,100.0,0.13636363636363635,0.22727272727272727
HAL,2026-10-07 15:20:37.599924,2026-10-07 15:20:43.603558,LONG,0.0,-0.1513,V12_THESIS_FAIL_L5_FLIP,-0.18,,0.0,100.0,0.13636363636363635,0.22727272727272727
HAL,2026-10-07 15:23:49.601556,2026-10-07 15:29:54.807415,SHORT,0.32969340613187015,0.17839340613187016,V12_SAFETY_TIMEOUT,-0.18,,0.0,100.0,0.09523809523809523,0.19047619047619047
HAVELLS.NS,2026-10-07 15:14:55.096307,2026-10-07 15:20:02.799402,SHORT,0.24560740600793052,0.09430740600793051,V12_THESIS_FAIL_L5_FLIP,-0.18,,0.0,100.0,0.047619047619047616,0.42857142857142855
HAVELLS.NS,2026-10-07 15:20:17.104377,2026-10-07 15:20:23.405018,LONG,0.0,-0.1513,V12_THESIS_FAIL_L5_FLIP,-0.18,,0.0,100.0,0.047619047619047616,0.3333333333333333
HCLTECH,2026-10-07 15:23:07.101304,2026-10-07 15:23:37.599491,SHORT,0.8264462809917328,0.6751462809917328,TARGET,-0.18,,0.0,100.0,0.047619047619047616,0.42857142857142855
HCLTECH,2026-10-07 15:23:44.001513,2026-10-07 15:24:14.747213,SHORT,0.8333333333333304,0.6820333333333304,TARGET,-0.18,,0.0,100.0,0.047619047619047616,0.42857142857142855
HCLTECH,2026-10-07 15:24:20.294360,2026-10-07 15:24:31.706855,SHORT,-0.32773109243697807,-0.47903109243697806,STOP,-0.18,-0.32773109243697807,0.14773109243697807,100.0,0.047619047619047616,0.42857142857142855
HCLTECH,2026-10-07 15:24:37.500855,2026-10-07 15:27:07.057498,SHORT,0.6622516556291425,0.5109516556291425,TARGET,-0.18,,0.0,100.0,0.047619047619047616,0.42857142857142855
HDFCAMC.NS,2026-10-07 15:14:35.310767,2026-10-07 15:14:42.101227,LONG,-0.27170397205329433,-0.4230039720532943,STOP,-0.18,-0.27170397205329433,0.09170397205329434,100.0,0.13636363636363635,0.22727272727272727
HDFCAMC.NS,2026-10-07 15:20:10.796589,2026-10-07 15:20:17.104377,LONG,0.6382978723404209,0.4869978723404209,TARGET,-0.18,,0.0,100.0,0.13636363636363635,0.2727272727272727
HDFCAMC.NS,2026-10-07 15:20:37.599924,2026-10-07 15:20:56.197357,LONG,-0.46808510638297607,-0.6193851063829761,STOP,-0.18,-0.46808510638297607,0.2880851063829761,100.0,0.045454545454545456,0.22727272727272727
HDFCBANK,2026-10-07 15:20:10.796589,2026-10-07 15:21:31.703551,SHORT,-0.20000000000000018,-0.35130000000000017,STOP,-0.18,-0.20000000000000018,0.020000000000000184,100.0,0.047619047619047616,0.42857142857142855
HDFCLIFE.NS,2026-10-07 15:20:37.599924,2026-10-07 15:22:43.953241,LONG,-0.43290043290042934,-0.5842004329004293,STOP,-0.18,-0.43290043290042934,0.25290043290042935,100.0,0.047619047619047616,0.3333333333333333
HEROMOTOCO.NS,2026-10-07 15:23:56.211899,2026-10-07 15:24:20.294360,LONG,-0.8126858275520288,-0.9639858275520288,STOP,-0.18,-0.8126858275520288,0.6326858275520288,100.0,0.13636363636363635,0.22727272727272727
HINDUNILVR,2026-10-07 15:22:49.804220,2026-10-07 15:26:03.096558,SHORT,-0.4232520760782288,-0.5745520760782288,STOP,-0.18,-0.4232520760782288,0.2432520760782288,100.0,0.047619047619047616,0.42857142857142855
HUDCO.NS,2026-10-07 15:11:50.509269,2026-10-07 15:11:56.507311,SHORT,-0.12377769525930837,-0.27507769525930836,V12_THESIS_FAIL_L5_FLIP,-0.18,,0.0,100.0,0.047619047619047616,0.42857142857142855
ICICIBANK,2026-10-07 15:20:10.796589,2026-10-07 15:20:17.104377,LONG,0.0,-0.1513,V12_THESIS_FAIL_L5_FLIP,-0.18,,0.0,100.0,0.13636363636363635,0.22727272727272727
ICICIBANK,2026-10-07 15:21:13.311713,2026-10-07 15:27:07.057498,SHORT,0.6080586080586037,0.4567586080586037,TARGET,-0.18,,0.0,86.941,0.09090909090909091,0.2727272727272727
IDFCFIRSTB,2026-10-07 15:20:17.104377,2026-10-07 15:20:23.405018,LONG,0.0,-0.1513,V12_THESIS_FAIL_L5_FLIP,-0.18,,0.0,100.0,0.13636363636363635,0.2727272727272727
INDHOTEL,2026-10-07 15:20:37.599924,2026-10-07 15:21:07.953663,LONG,-0.476839237057225,-0.628139237057225,STOP,-0.18,-0.476839237057225,0.296839237057225,100.0,0.047619047619047616,0.3333333333333333
INDIANB,2026-10-07 15:14:42.101227,2026-10-07 15:14:48.602611,SHORT,-0.454545454545463,-0.605845454545463,STOP,-0.18,-0.454545454545463,0.27454545454546303,100.0,0.047619047619047616,0.42857142857142855
INDIGO.NS,2026-10-07 15:14:55.096307,2026-10-07 15:15:01.205538,LONG,0.40000000000000036,0.24870000000000037,V12_THESIS_FAIL_L5_FLIP,-0.18,,0.0,100.0,0.045454545454545456,0.22727272727272727
INDIGO.NS,2026-10-07 15:15:07.398577,2026-10-07 15:15:13.348220,SHORT,-0.5891075221416298,-0.7404075221416297,STOP,-0.18,-0.5891075221416298,0.40910752214162976,98.9826,0.047619047619047616,0.42857142857142855
INDUSINDBK,2026-10-07 15:12:51.602739,2026-10-07 15:13:03.199355,SHORT,-0.02293577981651307,-0.17423577981651306,V12_THESIS_FAIL_L5_FLIP,-0.18,,0.0,100.0,0.047619047619047616,0.42857142857142855
INDUSINDBK,2026-10-07 15:25:57.398840,2026-10-07 15:28:37.807401,SHORT,0.011428571428573342,-0.13987142857142665,V12_THESIS_FAIL_L5_FLIP,-0.18,,0.0,98.3791,0.09090909090909091,0.18181818181818182
INDUSTOWER.NS,2026-10-07 15:20:10.796589,2026-10-07 15:20:17.104377,LONG,0.12690355329949554,-0.024396446700504462,V12_THESIS_FAIL_L5_FLIP,-0.18,,0.0,100.0,0.13636363636363635,0.22727272727272727
INDUSTOWER.NS,2026-10-07 15:20:37.599924,2026-10-07 15:20:43.603558,LONG,-0.06345982992765897,-0.21475982992765896,V12_THESIS_FAIL_L5_FLIP,-0.18,,0.0,100.0,0.13636363636363635,0.22727272727272727
INDUSTOWER.NS,2026-10-07 15:23:31.302377,2026-10-07 15:25:07.802318,SHORT,0.8962868117797673,0.7449868117797673,TARGET,-0.18,,0.0,100.0,0.047619047619047616,0.14285714285714285
INDUSTOWER.NS,2026-10-07 15:25:14.506740,2026-10-07 15:29:26.952086,SHORT,0.4266873545383909,0.2753873545383909,V12_PROFIT_LOCK_L5_WEAK,-0.18,,0.0,100.0,0.047619047619047616,0.14285714285714285
INFY,2026-10-07 15:25:14.506740,2026-10-07 15:25:26.404308,SHORT,0.700700700700696,0.549400700700696,TARGET,-0.18,,0.0,92.8159,0.09523809523809523,0.19047619047619047
INFY,2026-10-07 15:25:32.803730,2026-10-07 15:29:54.807415,SHORT,-0.0,-0.1513,V12_SAFETY_TIMEOUT,-0.18,,0.0,100.0,0.09090909090909091,0.18181818181818182
IPCALAB.NS,2026-10-07 15:29:47.615675,2026-10-07 15:29:54.807415,SHORT,0.10362694300518616,-0.04767305699481385,V12_THESIS_FAIL_L5_FLIP,-0.18,,0.0,100.0,0.09090909090909091,0.18181818181818182
ITC,2026-10-07 15:25:51.610493,2026-10-07 15:29:54.807415,SHORT,-0.05648653737524434,-0.20778653737524433,V12_SAFETY_TIMEOUT,-0.18,,0.0,100.0,0.047619047619047616,0.42857142857142855
JINDALSTEL.NS,2026-10-07 15:22:49.804220,2026-10-07 15:23:07.101304,SHORT,0.6976744186046546,0.5463744186046546,TARGET,-0.18,,0.0,86.3989,0.09090909090909091,0.2727272727272727
JINDALSTEL.NS,2026-10-07 15:23:13.606510,2026-10-07 15:25:07.802318,SHORT,0.6557377049180357,0.5044377049180357,TARGET,-0.18,,0.0,100.0,0.047619047619047616,0.14285714285714285
JINDALSTEL.NS,2026-10-07 15:25:14.506740,2026-10-07 15:29:54.807415,SHORT,-0.047147571900052476,-0.19844757190005247,V12_SAFETY_TIMEOUT,-0.18,,0.0,100.0,0.047619047619047616,0.14285714285714285
JIOFIN,2026-10-07 15:25:14.506740,2026-10-07 15:29:54.807415,SHORT,0.11537219068715743,-0.035927809312842576,V12_SAFETY_TIMEOUT,-0.18,,0.0,100.0,0.047619047619047616,0.42857142857142855
JKCEMENT.NS,2026-10-07 15:00:41.196798,2026-10-07 15:01:06.595305,LONG,0.14851485148514865,-0.002785148514851357,V12_THESIS_FAIL_L5_FLIP,-0.18,,0.0,100.0,0.13636363636363635,0.2727272727272727
JKCEMENT.NS,2026-10-07 15:02:56.809603,2026-10-07 15:03:09.230743,SHORT,-0.08912655971480277,-0.24042655971480276,V12_THESIS_FAIL_L5_FLIP,-0.18,,0.0,100.0,0.09090909090909091,0.18181818181818182
JSL.NS,2026-10-07 15:29:26.952086,2026-10-07 15:29:33.809918,LONG,-0.22479564032696908,-0.37609564032696907,STOP,-0.18,-0.22479564032696908,0.04479564032696909,100.0,0.13636363636363635,0.2727272727272727
JSWENERGY.NS,2026-10-07 15:21:55.802139,2026-10-07 15:22:32.408562,SHORT,-0.18457752255947035,-0.33587752255947034,STOP,-0.18,-0.18457752255947035,0.0045775225594703595,100.0,0.047619047619047616,0.14285714285714285
JSWENERGY.NS,2026-10-07 15:22:49.804220,2026-10-07 15:23:01.008333,SHORT,-0.22591907989319981,-0.3772190798931998,STOP,-0.18,-0.22591907989319981,0.04591907989319982,99.6476,0.047619047619047616,0.14285714285714285
JSWSTEEL,2026-10-07 15:20:37.599924,2026-10-07 15:20:49.501048,LONG,-0.20292207792207417,-0.35422207792207416,STOP,-0.18,-0.20292207792207417,0.02292207792207418,100.0,0.13636363636363635,0.2727272727272727
JSWSTEEL,2026-10-07 15:20:56.197357,2026-10-07 15:29:20.904226,LONG,0.04066693777957653,-0.11063306222042348,V12_THESIS_FAIL_L5_FLIP,-0.18,,0.0,96.6691,0.047619047619047616,0.42857142857142855
KALYANKJIL.NS,2026-10-07 15:15:13.348220,2026-10-07 15:20:02.799402,LONG,-0.6129597197898407,-0.7642597197898406,STOP,-0.18,-0.6129597197898407,0.43295971978984066,100.0,0.13636363636363635,0.2727272727272727
KOTAKBANK,2026-10-07 15:20:10.796589,2026-10-07 15:20:37.599924,SHORT,-0.26249714677013536,-0.41379714677013535,STOP,-0.18,-0.26249714677013536,0.08249714677013537,100.0,0.09090909090909091,0.18181818181818182
KOTAKBANK,2026-10-07 15:20:43.603558,2026-10-07 15:22:21.058881,SHORT,-0.21627774615822215,-0.36757774615822214,STOP,-0.18,-0.21627774615822215,0.03627774615822216,100.0,0.047619047619047616,0.42857142857142855
KOTAKBANK,2026-10-07 15:23:13.606510,2026-10-07 15:25:26.404308,SHORT,-0.21590909090909438,-0.36720909090909437,STOP,-0.18,-0.21590909090909438,0.03590909090909439,97.2188,0.045454545454545456,0.22727272727272727
LICI,2026-10-07 15:22:21.058881,2026-10-07 15:23:25.109449,SHORT,0.21856518385188206,0.06726518385188206,V12_THESIS_FAIL_L5_FLIP,-0.18,,0.0,81.0145,0.09090909090909091,0.2727272727272727
LODHA.NS,2026-10-07 15:20:10.796589,2026-10-07 15:20:17.104377,LONG,-1.2280701754386003,-1.3793701754386003,STOP,-0.18,-1.2280701754386003,1.0480701754386004,100.0,0.045454545454545456,0.22727272727272727
LODHA.NS,2026-10-07 15:22:26.705927,2026-10-07 15:26:40.404868,SHORT,0.8928571428571397,0.7415571428571397,TARGET,-0.18,,0.0,100.0,0.047619047619047616,0.14285714285714285
LODHA.NS,2026-10-07 15:26:47.052810,2026-10-07 15:29:54.807415,SHORT,0.0540540540540424,-0.0972459459459576,V12_SAFETY_TIMEOUT,-0.18,,0.0,100.0,0.09523809523809523,0.19047619047619047
LT,2026-10-07 15:20:17.104377,2026-10-07 15:20:43.603558,LONG,-0.24135156878519748,-0.39265156878519747,STOP,-0.18,-0.24135156878519748,0.061351568785197486,100.0,0.13636363636363635,0.2727272727272727
LTF.NS,2026-10-07 15:20:10.796589,2026-10-07 15:20:17.104377,LONG,0.0,-0.1513,V12_THESIS_FAIL_L5_FLIP,-0.18,,0.0,100.0,0.047619047619047616,0.2857142857142857
LTF.NS,2026-10-07 15:21:37.703736,2026-10-07 15:24:48.803118,SHORT,0.7227082540889995,0.5714082540889995,TARGET,-0.18,,0.0,79.8804,0.09090909090909091,0.2727272727272727
LTF.NS,2026-10-07 15:24:55.596841,2026-10-07 15:29:54.807415,SHORT,0.2873563218390829,0.1360563218390829,V12_SAFETY_TIMEOUT,-0.18,,0.0,100.0,0.09090909090909091,0.18181818181818182
LUPIN.NS,2026-10-07 15:14:48.602611,2026-10-07 15:15:01.205538,LONG,0.4259534422981659,0.2746534422981659,V12_THESIS_FAIL_L5_FLIP,-0.18,,0.0,100.0,0.045454545454545456,0.22727272727272727
LUPIN.NS,2026-10-07 15:15:07.398577,2026-10-07 15:15:13.348220,SHORT,-0.9258337481333978,-1.0771337481333978,STOP,-0.18,-0.9258337481333978,0.7458337481333979,100.0,0.047619047619047616,0.42857142857142855
M&M,2026-10-07 15:21:49.210181,2026-10-07 15:26:47.052810,LONG,0.6104129263913904,0.45911292639139045,TARGET,-0.18,,0.0,100.0,0.045454545454545456,0.22727272727272727
MANKIND.NS,2026-10-07 15:14:42.101227,2026-10-07 15:14:48.602611,SHORT,-0.802387000524174,-0.953687000524174,STOP,-0.18,-0.802387000524174,0.6223870005241741,100.0,0.047619047619047616,0.42857142857142855
MANKIND.NS,2026-10-07 15:14:55.096307,2026-10-07 15:15:01.205538,LONG,0.0,-0.1513,V12_THESIS_FAIL_L5_FLIP,-0.18,,0.0,100.0,0.047619047619047616,0.2857142857142857
MANKIND.NS,2026-10-07 15:20:10.796589,2026-10-07 15:20:17.104377,SHORT,-0.7617588972633094,-0.9130588972633094,STOP,-0.18,-0.7617588972633094,0.5817588972633094,100.0,0.047619047619047616,0.14285714285714285
MARICO.NS,2026-10-07 15:20:17.104377,2026-10-07 15:20:43.603558,LONG,1.5037593984962516,1.3524593984962516,TARGET,-0.18,,0.0,100.0,0.13636363636363635,0.2727272727272727
MARICO.NS,2026-10-07 15:20:49.501048,2026-10-07 15:21:02.209933,LONG,1.5292053146152007,1.3779053146152007,TARGET,-0.18,,0.0,100.0,0.13636363636363635,0.2727272727272727
MARUTI,2026-10-07 15:15:07.398577,2026-10-07 15:15:13.348220,SHORT,-0.31405391258831905,-0.46535391258831904,STOP,-0.18,-0.31405391258831905,0.13405391258831906,96.3266,0.045454545454545456,0.22727272727272727
MARUTI,2026-10-07 15:20:17.104377,2026-10-07 15:23:13.606510,LONG,-0.521512385919165,-0.672812385919165,STOP,-0.18,-0.521512385919165,0.34151238591916505,100.0,0.13636363636363635,0.2727272727272727
MAXHEALTH.NS,2026-10-07 15:21:49.210181,2026-10-07 15:29:54.807415,SHORT,0.3293084522502765,0.1780084522502765,V12_SAFETY_TIMEOUT,-0.18,,0.0,100.0,0.047619047619047616,0.42857142857142855
MCX.NS,2026-10-07 15:20:49.501048,2026-10-07 15:21:49.210181,SHORT,-0.6163973668461997,-0.7676973668461997,STOP,-0.18,-0.6163973668461997,0.43639736684619973,100.0,0.047619047619047616,0.42857142857142855
MFSL.NS,2026-10-07 15:24:08.603740,2026-10-07 15:29:20.904226,SHORT,-0.0,-0.1513,V12_THESIS_FAIL_L5_FLIP,-0.18,,0.0,100.0,0.045454545454545456,0.22727272727272727
MPHASIS.NS,2026-10-07 15:20:10.796589,2026-10-07 15:20:17.104377,LONG,-0.5102040816326481,-0.6615040816326481,STOP,-0.18,-0.5102040816326481,0.3302040816326481,100.0,0.045454545454545456,0.22727272727272727
MPHASIS.NS,2026-10-07 15:21:55.802139,2026-10-07 15:25:39.205825,SHORT,1.3146551724137923,1.1633551724137923,TARGET,-0.18,,0.0,85.3766,0.09090909090909091,0.2727272727272727
MPHASIS.NS,2026-10-07 15:25:45.215375,2026-10-07 15:29:54.807415,SHORT,0.021838829438747265,-0.12946117056125273,V12_SAFETY_TIMEOUT,-0.18,,0.0,100.0,0.09090909090909091,0.18181818181818182
MRF.NS,2026-10-07 15:07:56.510084,2026-10-07 15:08:02.716086,LONG,0.06492452523940706,-0.08637547476059294,V12_THESIS_FAIL_L5_FLIP,-0.18,,0.0,100.0,0.047619047619047616,0.3333333333333333
MUTHOOTFIN.NS,2026-10-07 15:20:10.796589,2026-10-07 15:20:17.104377,LONG,-0.4044117647058809,-0.5557117647058809,STOP,-0.18,-0.4044117647058809,0.22441176470588092,100.0,0.13636363636363635,0.22727272727272727
MUTHOOTFIN.NS,2026-10-07 15:22:26.705927,2026-10-07 15:26:47.052810,SHORT,0.6999255398361992,0.5486255398361992,TARGET,-0.18,,0.0,82.8584,0.09090909090909091,0.2727272727272727
MUTHOOTFIN.NS,2026-10-07 15:27:34.505549,2026-10-07 15:29:54.807415,SHORT,0.1542223058115466,0.0029223058115466077,V12_SAFETY_TIMEOUT,-0.18,,0.0,100.0,0.047619047619047616,0.14285714285714285
NAM-INDIA.NS,2026-10-07 15:20:30.303621,2026-10-07 15:29:54.807415,SHORT,-0.0477691793254964,-0.1990691793254964,V12_SAFETY_TIMEOUT,-0.18,,0.0,90.8121,0.09090909090909091,0.2727272727272727
NAUKRI.NS,2026-10-07 15:14:48.602611,2026-10-07 15:14:55.096307,LONG,0.0574099893381419,-0.0938900106618581,V12_THESIS_FAIL_L5_FLIP,-0.18,,0.0,100.0,0.047619047619047616,0.2857142857142857
NAUKRI.NS,2026-10-07 15:15:13.348220,2026-10-07 15:20:02.799402,LONG,0.40322580645162365,0.25192580645162366,V12_PROFIT_LOCK_L5_WEAK,-0.18,,0.0,100.0,0.13636363636363635,0.2727272727272727
NAUKRI.NS,2026-10-07 15:20:10.796589,2026-10-07 15:29:54.807415,SHORT,-0.02448979591835876,-0.17578979591835875,V12_SAFETY_TIMEOUT,-0.18,,0.0,100.0,0.047619047619047616,0.42857142857142855
NESTLEIND.NS,2026-10-07 15:21:19.308789,2026-10-07 15:22:26.705927,SHORT,0.970149253731345,0.818849253731345,TARGET,-0.18,,0.0,81.4196,0.09090909090909091,0.2727272727272727
NESTLEIND.NS,2026-10-07 15:22:32.408562,2026-10-07 15:23:56.211899,SHORT,-0.5275056518462717,-0.6788056518462717,STOP,-0.18,-0.5275056518462717,0.34750565184627175,100.0,0.09523809523809523,0.19047619047619047
NESTLEIND.NS,2026-10-07 15:24:08.603740,2026-10-07 15:29:26.952086,SHORT,0.4511278195488688,0.29982781954886883,V12_PROFIT_LOCK_L5_WEAK,-0.18,,0.0,99.2582,0.09090909090909091,0.18181818181818182
NH.NS,2026-10-07 15:14:23.402569,2026-10-07 15:14:55.096307,SHORT,0.03489995346673824,-0.11640004653326176,V12_THESIS_FAIL_L5_FLIP,-0.18,,0.0,100.0,0.09090909090909091,0.18181818181818182
NHPC.NS,2026-10-07 15:14:55.096307,2026-10-07 15:15:01.205538,SHORT,-0.4854368932039055,-0.6367368932039055,STOP,-0.18,-0.4854368932039055,0.3054368932039055,100.0,0.09523809523809523,0.19047619047619047
NHPC.NS,2026-10-07 15:20:30.303621,2026-10-07 15:29:20.904226,LONG,0.0,-0.1513,V12_THESIS_FAIL_L5_FLIP,-0.18,,0.0,100.0,0.13636363636363635,0.2727272727272727
NMDC.NS,2026-10-07 15:08:21.704619,2026-10-07 15:08:34.304911,SHORT,0.013713658804170858,-0.13758634119582913,V12_THESIS_FAIL_L5_FLIP,-0.18,,0.0,100.0,0.045454545454545456,0.22727272727272727
NMDC.NS,2026-10-07 15:08:51.708375,2026-10-07 15:08:58.106901,SHORT,0.01370614035086648,-0.1375938596491335,V12_THESIS_FAIL_L5_FLIP,-0.18,,0.0,100.0,0.09090909090909091,0.18181818181818182
NMDC.NS,2026-10-07 15:20:17.104377,2026-10-07 15:20:43.603558,LONG,-0.20477815699659896,-0.35607815699659895,STOP,-0.18,-0.20477815699659896,0.024778156996598966,100.0,0.13636363636363635,0.2727272727272727
NTPC,2026-10-07 15:20:10.796589,2026-10-07 15:20:17.104377,LONG,0.6172839506172867,0.4659839506172867,TARGET,-0.18,,0.0,100.0,0.13636363636363635,0.2727272727272727
NTPC,2026-10-07 15:20:23.405018,2026-10-07 15:20:30.303621,LONG,-0.6134969325153339,-0.7647969325153339,STOP,-0.18,-0.6134969325153339,0.4334969325153339,100.0,0.13636363636363635,0.2727272727272727
NTPC,2026-10-07 15:20:37.599924,2026-10-07 15:22:32.408562,LONG,-0.24691358024692134,-0.39821358024692133,STOP,-0.18,-0.24691358024692134,0.06691358024692134,100.0,0.13636363636363635,0.2727272727272727
OBEROIRLTY.NS,2026-10-07 15:20:02.799402,2026-10-07 15:20:23.405018,LONG,0.0,-0.1513,V12_THESIS_FAIL_L5_FLIP,-0.18,,0.0,100.0,0.13636363636363635,0.2727272727272727
OBEROIRLTY.NS,2026-10-07 15:22:55.505788,2026-10-07 15:23:19.301627,SHORT,0.6779661016949157,0.5266661016949157,TARGET,-0.18,,0.0,100.0,0.047619047619047616,0.42857142857142855
OBEROIRLTY.NS,2026-10-07 15:23:25.109449,2026-10-07 15:23:49.601556,SHORT,0.7394766780432271,0.5881766780432272,TARGET,-0.18,,0.0,100.0,0.047619047619047616,0.42857142857142855
OBEROIRLTY.NS,2026-10-07 15:23:56.211899,2026-10-07 15:29:26.952086,SHORT,0.5157593123209181,0.3644593123209181,V12_PROFIT_LOCK_L5_WEAK,-0.18,,0.0,100.0,0.047619047619047616,0.42857142857142855
OFSS.NS,2026-10-07 15:20:10.796589,2026-10-07 15:21:19.308789,LONG,-0.7918025151373964,-0.9431025151373964,STOP,-0.18,-0.7918025151373964,0.6118025151373965,100.0,0.13636363636363635,0.2727272727272727
OIL.NS,2026-10-07 15:14:48.602611,2026-10-07 15:14:55.096307,SHORT,-0.4105636928539713,-0.5618636928539713,STOP,-0.18,-0.4105636928539713,0.23056369285397132,100.0,0.047619047619047616,0.14285714285714285
OIL.NS,2026-10-07 15:22:38.103513,2026-10-07 15:27:34.505549,SHORT,0.8287895310796101,0.6774895310796101,TARGET,-0.18,,0.0,100.0,0.09090909090909091,0.18181818181818182
OIL.NS,2026-10-07 15:27:41.450901,2026-10-07 15:29:54.807415,SHORT,-0.0,-0.1513,V12_SAFETY_TIMEOUT,-0.18,,0.0,100.0,0.09090909090909091,0.18181818181818182
ONGC,2026-10-07 15:20:10.796589,2026-10-07 15:21:02.209933,LONG,-0.23381294964028854,-0.3851129496402885,STOP,-0.18,-0.23381294964028854,0.05381294964028854,100.0,0.13636363636363635,0.2727272727272727
