mode,q,target,stop,hold,tr_n,tr_avg,tr_sum,tr_win,te_n,te_avg,te_sum,te_win,tr_reasons,te_reasons
trend,0.8,0.0025,0.0015,5,1698,-0.0011278719646123897,-1.9151265959118375,0.43109540636042404,535,-0.0009714112149532712,-0.5197050000000001,0.47289719626168225,"{'stop': 944, 'target': 716, 'time': 38}","{'stop': 282, 'target': 253}"
trend,0.8,0.003,0.0015,8,1680,-0.0010651021334154675,-1.7893715841379856,0.39880952380952384,517,-0.0008610657640232111,-0.4451710000000001,0.4448742746615087,"{'stop': 1005, 'target': 667, 'time': 8}","{'stop': 287, 'target': 230}"
trend,0.8,0.004,0.002,8,1680,-0.001014920079385974,-1.7050657333684365,0.3892857142857143,517,-0.0007360903852329843,-0.38055872916545286,0.43907156673114117,"{'stop': 1012, 'target': 645, 'time': 23}","{'stop': 290, 'target': 225, 'time': 2}"
trend,0.8,0.005,0.002,8,1680,-0.0008583233767135949,-1.4419832728788395,0.35773809523809524,517,-0.0005765487087558842,-0.29807568242679217,0.40038684719535783,"{'stop': 1062, 'target': 581, 'time': 37}","{'stop': 309, 'target': 202, 'time': 6}"
trend,0.8,0.004,0.002,5,1698,-0.0010083147916782422,-1.7121185162696553,0.38928150765606595,535,-0.0007097955502136184,-0.3797406193642858,0.4373831775700935,"{'stop': 965, 'target': 593, 'time': 140}","{'stop': 290, 'target': 225, 'time': 20}"
trend,0.8,0.003,0.001,5,1698,-0.0010692774173354583,-1.815633054635608,0.32391048292108365,535,-0.0009648691588785049,-0.5162050000000001,0.34953271028037386,"{'stop': 1136, 'target': 530, 'time': 32}","{'stop': 348, 'target': 187}"
trend,0.9,0.0025,0.0015,5,828,-0.0010645388876573767,-0.881438198980308,0.4492753623188406,270,-0.0009963333333333337,-0.2690100000000001,0.4666666666666667,"{'stop': 455, 'target': 372, 'time': 1}","{'stop': 144, 'target': 126}"
trend,0.9,0.003,0.0015,8,810,-0.0010352222222222225,-0.8385300000000002,0.40617283950617283,252,-0.0008094285714285716,-0.20397600000000005,0.45634920634920634,"{'stop': 481, 'target': 329}","{'stop': 137, 'target': 115}"
trend,0.9,0.004,0.002,8,810,-0.0009858623579286996,-0.7985485099222467,0.3962962962962963,252,-0.0008153809523809525,-0.20547600000000005,0.4246031746031746,"{'stop': 489, 'target': 320, 'time': 1}","{'stop': 145, 'target': 107}"
trend,0.9,0.005,0.002,8,810,-0.000862753215936497,-0.6988301049085626,0.35802469135802467,252,-0.0006407777777777779,-0.16147600000000004,0.3888888888888889,"{'stop': 520, 'target': 287, 'time': 3}","{'stop': 154, 'target': 98}"
trend,0.9,0.004,0.002,5,828,-0.0009881672218750835,-0.8182024597125692,0.3973429951690821,270,-0.0008104125106222045,-0.2188113778679952,0.42592592592592593,"{'stop': 494, 'target': 320, 'time': 14}","{'stop': 155, 'target': 114, 'time': 1}"
trend,0.9,0.003,0.001,5,828,-0.0009522030546214226,-0.7884241292265379,0.3526570048309179,270,-0.0008815185185185188,-0.23801000000000008,0.37037037037037035,"{'stop': 535, 'target': 290, 'time': 3}","{'stop': 170, 'target': 100}"
trend,0.95,0.0025,0.0015,5,393,-0.0007459516539440205,-0.29315900000000006,0.5292620865139949,130,-0.0012014615384615388,-0.15619000000000005,0.4153846153846154,"{'stop': 185, 'target': 208}","{'stop': 76, 'target': 54}"
trend,0.95,0.003,0.0015,8,375,-0.0007270000000000003,-0.2726250000000001,0.4746666666666667,112,-0.0010951428571428575,-0.12265600000000004,0.39285714285714285,"{'stop': 197, 'target': 178}","{'stop': 68, 'target': 44}"
trend,0.95,0.004,0.002,8,375,-0.0007390000000000002,-0.27712500000000007,0.43733333333333335,112,-0.0010594285714285714,-0.118656,0.38392857142857145,"{'stop': 211, 'target': 164}","{'stop': 69, 'target': 43}"
trend,0.95,0.005,0.002,8,375,-0.0006003333333333334,-0.22512500000000002,0.39466666666666667,112,-0.0009880000000000002,-0.11065600000000002,0.3392857142857143,"{'stop': 227, 'target': 148}","{'stop': 74, 'target': 38}"
trend,0.95,0.004,0.002,5,393,-0.0007675801526717558,-0.301659,0.43256997455470736,130,-0.0010553076923076924,-0.13719,0.38461538461538464,"{'stop': 223, 'target': 170}","{'stop': 80, 'target': 50}"
trend,0.95,0.003,0.001,5,393,-0.0006632544529262089,-0.2606590000000001,0.42493638676844786,130,-0.0010091538461538465,-0.13119000000000003,0.3384615384615385,"{'stop': 226, 'target': 167}","{'stop': 86, 'target': 44}"
trend,0.975,0.0025,0.0015,5,176,-0.00027209090909090916,-0.047888000000000014,0.6477272727272727,61,-0.0010925081967213116,-0.06664300000000001,0.4426229508196721,"{'stop': 62, 'target': 114}","{'stop': 34, 'target': 27}"
trend,0.975,0.003,0.0015,8,158,-0.00021426582278481028,-0.03385400000000002,0.5886075949367089,44,-0.0007152727272727275,-0.03147200000000001,0.4772727272727273,"{'stop': 65, 'target': 93}","{'stop': 23, 'target': 21}"
trend,0.975,0.004,0.002,8,158,-0.0001351518987341772,-0.021353999999999995,0.5379746835443038,44,-0.0004993636363636364,-0.021972000000000002,0.4772727272727273,"{'stop': 73, 'target': 85}","{'stop': 23, 'target': 21}"
trend,0.975,0.005,0.002,8,158,9.26962025316455e-05,0.014645999999999989,0.4936708860759494,44,-0.00034027272727272736,-0.014972000000000004,0.4318181818181818,"{'stop': 80, 'target': 78}","{'stop': 25, 'target': 19}"
trend,0.975,0.004,0.002,5,176,-0.00012436363636363627,-0.021887999999999984,0.5397727272727273,61,-0.0006089016393442623,-0.037143,0.45901639344262296,"{'stop': 81, 'target': 95}","{'stop': 33, 'target': 28}"
trend,0.975,0.003,0.001,5,176,-0.000203909090909091,-0.03588800000000002,0.5397727272727273,61,-0.0009203770491803278,-0.05614299999999999,0.36065573770491804,"{'stop': 81, 'target': 95}","{'stop': 39, 'target': 22}"
fade,0.8,0.0025,0.0015,5,1698,-0.0014130644005896085,-2.399383352201155,0.3586572438162544,535,-0.0016286806737461053,-0.8713441604541663,0.30654205607476637,"{'stop': 1071, 'target': 603, 'time': 24}","{'stop': 369, 'target': 164, 'time': 2}"
fade,0.8,0.003,0.0015,8,1680,-0.0013734720238783654,-2.3074330001156538,0.33035714285714285,517,-0.001566094777562863,-0.8096710000000001,0.28820116054158607,"{'stop': 1121, 'target': 555, 'time': 4}","{'stop': 368, 'target': 149}"
fade,0.8,0.004,0.002,8,1680,-0.0012839298975134937,-2.1570022278226695,0.3458333333333333,517,-0.0015973919225126163,-0.8258516239390227,0.2940038684719536,"{'stop': 1088, 'target': 574, 'time': 18}","{'stop': 364, 'target': 151, 'time': 2}"
fade,0.8,0.005,0.002,8,1680,-0.0011063971313998759,-1.8587471807517915,0.32321428571428573,517,-0.0013841375259784521,-0.7155991009308598,0.28239845261121854,"{'time': 31, 'target': 527, 'stop': 1122}","{'stop': 369, 'target': 144, 'time': 4}"
fade,0.8,0.004,0.002,5,1698,-0.0012776396285803452,-2.169432089329426,0.3421672555948174,535,-0.0015642704160794387,-0.8368846726024997,0.297196261682243,"{'time': 107, 'target': 542, 'stop': 1049}","{'stop': 367, 'target': 150, 'time': 18}"
fade,0.8,0.003,0.001,5,1698,-0.0013435361501268242,-2.2813243829153476,0.25265017667844525,535,-0.0013985198010856448,-0.74820809358082,0.2411214953271028,"{'stop': 1254, 'target': 424, 'time': 20}","{'stop': 406, 'target': 128, 'time': 1}"
fade,0.9,0.0025,0.0015,5,828,-0.0014765265700483097,-1.2225640000000004,0.3466183574879227,270,-0.0015741111111111114,-0.42501000000000005,0.32222222222222224,"{'stop': 541, 'target': 287}","{'stop': 183, 'target': 87}"
fade,0.9,0.003,0.0015,8,810,-0.0014518888888888893,-1.1760300000000004,0.3135802469135803,252,-0.0014701428571428576,-0.3704760000000001,0.30952380952380953,"{'stop': 556, 'target': 254}","{'stop': 174, 'target': 78}"
fade,0.9,0.004,0.002,8,810,-0.0012963333333333334,-1.05003,0.34444444444444444,252,-0.001267761904761905,-0.31947600000000004,0.3492063492063492,"{'stop': 531, 'target': 279}","{'stop': 164, 'target': 88}"
fade,0.9,0.005,0.002,8,810,-0.0011885662531519218,-0.9627386650530567,0.3111111111111111,252,-0.0011130000000000003,-0.28047600000000006,0.32142857142857145,"{'stop': 557, 'target': 251, 'time': 2}","{'stop': 171, 'target': 81}"
fade,0.9,0.004,0.002,5,828,-0.0012730193024732904,-1.0540599824478845,0.34782608695652173,270,-0.0012118098311675524,-0.32718865441523914,0.3592592592592593,"{'stop': 537, 'target': 285, 'time': 6}","{'stop': 172, 'target': 96, 'time': 2}"
fade,0.9,0.003,0.001,5,828,-0.0014116873482537642,-1.1688771243541167,0.23792270531400966,270,-0.0011926296296296296,-0.32201,0.29259259259259257,"{'stop': 631, 'target': 196, 'time': 1}","{'stop': 191, 'target': 79}"
fade,0.95,0.0025,0.0015,5,393,-0.0016619821882951661,-0.6531590000000003,0.30025445292620867,130,-0.0014783846153846156,-0.19219000000000003,0.34615384615384615,"{'stop': 275, 'target': 118}","{'stop': 85, 'target': 45}"
fade,0.95,0.003,0.0015,8,375,-0.0016510000000000003,-0.6191250000000001,0.2693333333333333,112,-0.0013362142857142863,-0.14965600000000007,0.3392857142857143,"{'stop': 274, 'target': 101}","{'stop': 74, 'target': 38}"
fade,0.95,0.004,0.002,8,375,-0.0015230000000000003,-0.5711250000000001,0.30666666666666664,112,-0.0012201428571428571,-0.136656,0.35714285714285715,"{'stop': 260, 'target': 115}","{'stop': 72, 'target': 40}"
fade,0.95,0.005,0.002,8,375,-0.0013656666666666667,-0.512125,0.2853333333333333,112,-0.0009880000000000004,-0.11065600000000003,0.3392857142857143,"{'stop': 268, 'target': 107}","{'stop': 74, 'target': 38}"
fade,0.95,0.004,0.002,5,393,-0.0015004045801526719,-0.589659,0.3104325699745547,130,-0.0011937692307692307,-0.15519,0.36153846153846153,"{'stop': 271, 'target': 122}","{'stop': 83, 'target': 47}"
fade,0.95,0.003,0.001,5,393,-0.0015589287531806617,-0.6126590000000001,0.2010178117048346,130,-0.0012245384615384618,-0.15919000000000003,0.2846153846153846,"{'stop': 314, 'target': 79}","{'stop': 93, 'target': 37}"
fade,0.975,0.0025,0.0015,5,176,-0.00227209090909091,-0.39988800000000013,0.14772727272727273,61,-0.001551524590163935,-0.09464300000000003,0.32786885245901637,"{'stop': 150, 'target': 26}","{'stop': 41, 'target': 20}"
fade,0.975,0.003,0.0015,8,158,-0.0022933797468354437,-0.36235400000000006,0.12658227848101267,44,-0.0017380000000000002,-0.07647200000000001,0.25,"{'stop': 138, 'target': 20}","{'stop': 33, 'target': 11}"
fade,0.975,0.004,0.002,8,158,-0.00226173417721519,-0.35735400000000006,0.18354430379746836,44,-0.0015902727272727275,-0.069972,0.29545454545454547,"{'stop': 129, 'target': 29}","{'stop': 31, 'target': 13}"
fade,0.975,0.005,0.002,8,158,-0.0020781898734177216,-0.32835400000000003,0.18354430379746836,44,-0.001453909090909091,-0.063972,0.2727272727272727,"{'stop': 129, 'target': 29}","{'stop': 32, 'target': 12}"
fade,0.975,0.004,0.002,5,176,-0.0022720909090909094,-0.399888,0.18181818181818182,61,-0.001395786885245902,-0.08514300000000002,0.32786885245901637,"{'stop': 144, 'target': 32}","{'stop': 41, 'target': 20}"
fade,0.975,0.003,0.001,5,176,-0.0019993636363636364,-0.35188800000000003,0.09090909090909091,61,-0.001313819672131148,-0.08014300000000002,0.26229508196721313,"{'stop': 160, 'target': 16}","{'stop': 45, 'target': 16}"
