day,symbol,timestamp,side,pred,gross_fwd_pct,fee_pct,net_fwd_pct,fold,bar,open,high,low,close,atrpct,entry,exit,qty,gross,mandatory,slippage,net,net_no_slip,reason,mfe,mae,hold_bars,notional,stop_pct,target_pct,portfolio_qty,portfolio_gross,portfolio_mandatory,portfolio_slippage,portfolio_net,portfolio_net_no_slip
2026-08-10,POWERINDIA,2026-08-10 11:20:00+05:30,1,0.1132149289821494,0.4607008236772429,0.1065766962725115,0.3541241274047314,1,25,35820.0,35855.0,35800.0,35815.0,0.3609820306735007,36035.0,35878.90415029616,1,-156.0958497038373,38.19830960542485,35.95695207514808,-230.25111138441025,-194.29415930926217,stop_loss,0.01387539891772871,0.48563896212016067,4,36035.0,0.43317843680820084,0.6930854988931214,1,-156.0958497038373,38.19830960542485,35.95695207514808,-230.25111138441025,-194.29415930926217
2026-08-10,MAHABANK,2026-08-10 11:20:00+05:30,-1,-0.0801536008802364,0.2541942043721548,0.1064442416878495,0.1477499626843052,1,25,78.73,78.78,78.66,78.68,0.15251652262328738,78.5,78.5,636,0.0,53.061951912,49.926,-102.987951912,-53.061951912,time_stop,0.14012738853502738,0.15286624203822985,13,49926.0,0.35,0.5599999999999999,636,0.0,53.061951912,49.926,-102.987951912,-53.061951912
2026-08-10,COALINDIA,2026-08-10 11:20:00+05:30,-1,-0.0816573704221734,0.2179968511565988,0.1064210244883129,0.1115758266682858,1,25,412.65,412.95,412.3,412.85,0.1254346961020077,412.0,412.6,121,-72.60000000000275,53.0298698996,49.8883,-175.51816989960275,-125.62986989960275,time_stop,0.04854368932039055,0.15776699029126373,13,49852.0,0.35,0.5599999999999999,121,-72.60000000000275,53.0298698996,49.8883,-175.51816989960275,-125.62986989960275
2026-08-10,HINDPETRO,2026-08-10 11:20:00+05:30,-1,-0.0824869283163799,0.2904040404040415,0.1064674668939393,0.1839365735101021,1,25,394.55,396.3,394.5,396.0,0.17316017316017562,394.85,392.63884,126,278.60616000000084,52.69736643053905,49.61179692000001,176.2969966494618,225.9087935694618,target,0.5951627200202703,0.0,8,49751.100000000006,0.35,0.5599999999999999,126,278.60616000000084,52.69736643053905,49.61179692000001,176.2969966494618,225.9087935694618
2026-08-10,POWERINDIA,2026-08-10 11:40:00+05:30,1,0.0968791423112171,-0.0139275766016737,0.1062722667688022,-0.120199843370476,1,29,35920.0,35940.0,35880.0,35900.0,0.2845204934341425,35870.0,36070.872,1,200.87200000000303,38.251906946031994,35.970436,126.64965705397103,162.62009305397103,target,0.7387789238918252,0.08363534987454457,6,35870.0,0.35,0.5599999999999999,1,200.87200000000303,38.251906946031994,35.970436,126.64965705397103,162.62009305397103
2026-08-11,LTF,2026-08-11 11:20:00+05:30,-1,-0.0813396538494109,-0.3827140806888849,0.1060357248923616,-0.4887498055812465,1,25,313.45,313.55,313.3,313.55,0.17313256031163912,314.8,315.5,158,-110.5999999999982,52.933507884399994,49.7937,-213.3272078843982,-163.5335078843982,time_stop,0.1905972045743387,0.2541296060991183,13,49738.4,0.35,0.5599999999999999,158,-110.5999999999982,52.933507884399994,49.7937,-213.3272078843982,-163.5335078843982
2026-08-11,GRASIM,2026-08-11 11:20:00+05:30,-1,-0.0830312569168663,-0.2869697784952052,0.1060971358622545,-0.3930669143574597,1,25,3340.6,3346.2,3338.1,3345.3,0.18832391713747898,3350.7,3331.9360799999995,14,262.69488000000456,49.68780428539871,46.77845255999999,166.22862315460583,213.00707571460583,target,0.7073148894260806,0.044766765153547716,9,46909.799999999996,0.35,0.5599999999999999,14,262.69488000000456,49.68780428539871,46.77845255999999,166.22862315460583,213.00707571460583
2026-08-11,HONAUT,2026-08-11 11:20:00+05:30,-1,-0.0942673079867929,0.1584576785949991,0.1063828357057968,0.0520748428892022,1,25,37825.0,37865.0,37825.0,37865.0,0.08205844070098658,37800.0,37830.0,1,-30.0,40.19353578,37.815,-108.00853577999999,-70.19353577999999,time_stop,0.10582010582010914,0.22486772486771667,13,37800.0,0.35,0.5599999999999999,1,-30.0,40.19353578,37.815,-108.00853577999999,-70.19353577999999
2026-08-11,OBEROIRLTY,2026-08-11 11:20:00+05:30,-1,-0.0948347936916714,-0.2061625898478922,0.106148966077896,-0.3123115559257883,1,25,1798.1,1798.6,1794.0,1794.7,0.20894857079177667,1797.3,1793.5,27,102.59999999999877,51.50937594959999,48.47580000000001,2.6148240503987736,51.09062405039878,time_stop,0.2893228731986941,0.12240583096867486,13,48527.1,0.35,0.5599999999999999,27,102.59999999999877,51.50937594959999,48.47580000000001,2.6148240503987736,51.09062405039878
2026-08-11,APARINDS,2026-08-11 12:05:00+05:30,1,0.1033994321019257,0.2969696969697111,0.1064716781454545,0.1904980188242565,1,34,16825.0,16825.0,16488.0,16500.0,0.32597402597402597,16547.0,16650.562730389607,3,310.6881911688215,52.95832776194482,49.796344095584416,207.9335193112923,257.7298634068767,target,0.9004653411494479,0.28403940291291674,6,49641.0,0.39116883116883117,0.6258701298701299,3,310.6881911688215,52.95832776194482,49.796344095584416,207.9335193112923,257.7298634068767
2026-08-12,TCS,2026-08-12 11:20:00+05:30,1,0.0921542312526697,-0.835999146939642,0.105744985131158,-0.9417441320708,1,25,2347.4,2350.0,2344.3,2344.5,0.5904396307467358,2317.6,2322.0,21,92.40000000000191,51.785900829599996,48.7158,-8.101700829598087,40.614099170401914,time_stop,0.8198136002761425,0.04314808422506422,13,48669.6,0.7085275568960829,1.1336440910337326,21,92.40000000000191,51.785900829599996,48.7158,-8.101700829598087,40.614099170401914
2026-08-12,IDEA,2026-08-12 11:20:00+05:30,1,0.0831090221379992,-0.0753012048192829,0.1062329013554216,-0.1815341061747046,1,25,13.41,13.41,13.27,13.28,0.4679432013769349,13.25,13.175597030981068,3773,-280.72240210842983,52.95230617395323,49.85188879894579,-383.5265970813288,-333.67470828238305,stop_loss,0.45283018867925406,0.67924528301887,9,49992.25,0.5615318416523218,0.8984509466437149,3773,-280.72240210842983,52.95230617395323,49.85188879894579,-383.5265970813288,-333.67470828238305
2026-08-12,M_AND_M,2026-08-12 11:20:00+05:30,-1,-0.0815690505894844,0.1023810916749567,0.1063468678464868,-0.00396577617153,1,25,3420.7,3422.4,3418.0,3418.6,0.1608845726320726,3415.9,3412.6,14,46.20000000000255,50.79680019399999,47.7995,-52.39630019399745,-4.596800193997446,time_stop,0.14344682221376637,0.27811118592464545,13,47822.6,0.35,0.5599999999999999,14,46.20000000000255,50.79680019399999,47.7995,-52.39630019399745,-4.596800193997446
2026-08-12,TORNTPOWER,2026-08-12 11:20:00+05:30,-1,-0.0815885886522396,-0.1817218141894301,0.106164642538048,-0.2878864567274781,1,25,1320.2,1320.7,1320.0,1320.7,0.14278142543456318,1323.2,1315.79008,37,274.1670400000021,51.85772263634176,48.82131648,173.48800088366033,222.30931736366034,target,0.7557436517533267,0.10580411124545552,5,48958.4,0.35,0.5599999999999999,37,274.1670400000021,51.85772263634176,48.82131648,173.48800088366033,222.30931736366034
2026-08-12,NATIONALUM,2026-08-12 11:45:00+05:30,1,0.1080054902940292,0.1197318007662744,0.1063579966954022,0.0133738040708721,1,30,417.8,418.2,417.5,417.6,0.2890667761357403,417.9,416.43735,119,-174.05534999999958,52.742106895377894,49.643072325,-276.44052922037747,-226.79745689537748,stop_loss,0.04785833931564287,0.4067958841828201,7,49730.1,0.35,0.5599999999999999,119,-174.05534999999958,52.742106895377894,49.643072325,-276.44052922037747,-226.79745689537748
2026-08-13,ABBOTINDIA,2026-08-13 11:20:00+05:30,1,0.1040079419216783,0.4159132007233097,0.1065479692224231,0.3093652315008866,1,25,27875.0,27900.0,27650.0,27650.0,0.406871609403255,27690.0,27554.804701627487,1,-135.1952983725132,29.342549204452077,27.622402350813744,-192.16024992777903,-164.53784757696528,stop_loss,0.14445648248464504,0.650054171180936,4,27690.0,0.488245931283906,0.7811934900542497,1,-135.1952983725132,29.342549204452077,27.622402350813744,-192.16024992777903,-164.53784757696528
2026-08-13,FLUOROCHEM,2026-08-13 11:20:00+05:30,1,0.1024885723711739,0.9347168543101958,0.1068807329986556,0.8278361213115402,1,25,4781.6,4803.5,4760.8,4760.8,0.5771839066663449,4793.3,4760.100612562115,10,-331.9938743788498,50.73082473301015,47.76700306281057,-430.49170217467054,-382.72469911185993,stop_loss,0.34214424300584856,0.8803955521248352,3,47933.0,0.6926206879996138,1.1081931007993822,10,-331.9938743788498,50.73082473301015,47.76700306281057,-430.49170217467054,-382.72469911185993
2026-08-13,PIDILITIND,2026-08-13 11:20:00+05:30,-1,-0.0809148762935145,-0.4148393978902476,0.1060151195211568,-0.5208545174114044,1,25,1687.6,1687.6,1687.1,1687.4,0.06984540882845967,1695.6,1692.0,29,104.39999999999736,52.1940540024,49.1202,3.085745997597364,52.20594599759736,time_stop,0.2476999292285842,0.12974758197688008,13,49172.399999999994,0.35,0.5599999999999999,29,104.39999999999736,52.1940540024,49.1202,3.085745997597364,52.20594599759736
2026-08-13,HONAUT,2026-08-13 11:20:00+05:30,-1,-0.0810528411817795,-0.0402846783939878,0.10625536116557,-0.1465400395595578,1,25,37220.0,37235.0,37220.0,37235.0,0.14483301041646685,37220.0,37275.0,1,-55.0,39.593139969999996,37.2475,-131.84063996999998,-94.59313997,time_stop,0.12090274046211436,0.3358409457280942,13,37220.0,0.35,0.5599999999999999,1,-55.0,39.593139969999996,37.2475,-131.84063996999998,-94.59313997
2026-08-13,GODREJIND,2026-08-13 11:35:00+05:30,1,0.0880678994862231,0.1355121562375529,0.1063681183100836,0.0291440379274692,1,28,1262.0,1262.0,1251.0,1254.5,0.5039002448328912,1257.0,1269.1613300688948,39,474.2918726868977,52.40644632889261,49.26014593634345,372.6252804216616,421.8854263580051,target,1.4081145584725618,0.42959427207638345,5,49023.0,0.6046802937994694,0.9674884700791511,39,474.2918726868977,52.40644632889261,49.26014593634345,372.6252804216616,421.8854263580051
2026-08-14,SAIL,2026-08-14 11:20:00+05:30,1,0.1005579230356734,0.214938205265966,0.1064190626544868,0.1085191426114792,1,25,167.29,167.7,167.19,167.49,0.8793701969413941,167.99,169.27,297,380.1600000000003,53.27074790532,50.083110000000005,276.80614209468035,326.88925209468033,time_stop,1.1250669682719039,0.1666765878921339,13,49893.030000000006,0.8,1.2800000000000002,297,380.1600000000003,53.27074790532,50.083110000000005,276.80614209468035,326.88925209468033
2026-08-14,NATIONALUM,2026-08-14 11:20:00+05:30,-1,-0.0809417486049474,0.0263608804534101,0.106298108026888,-0.0799372275734779,1,25,379.3,379.35,378.9,379.35,0.30974034532753475,378.3,378.1,132,26.3999999999985,53.055221788800004,49.9224,-76.57762178880151,-26.655221788801505,time_stop,0.1321702352630183,0.18503832936822562,13,49935.6,0.3716884143930417,0.5947014630288667,132,26.3999999999985,53.055221788800004,49.9224,-76.57762178880151,-26.655221788801505
2026-08-14,HINDPETRO,2026-08-14 11:20:00+05:30,-1,-0.1122332692226455,0.1206596058452902,0.1063585917951468,0.0143010140501434,1,25,372.65,373.1,372.55,372.95,0.17907417692911662,372.6,371.7,134,120.60000000000457,52.987149097199996,49.8681,17.744750902804583,67.61285090280458,time_stop,0.26838432635534204,0.013419216317744898,13,49928.4,0.35,0.5599999999999999,134,120.60000000000457,52.987149097199996,49.8681,17.744750902804583,67.61285090280458
2026-08-14,LTTS,2026-08-14 11:25:00+05:30,-1,-0.0812471706556578,-0.2992817238627339,0.1060892389066241,-0.4053709627693579,1,26,3504.3,3511.0,3500.0,3508.4,0.2333175888072696,3516.4,3496.70816,14,275.6857599999994,52.144983134621434,49.09175712,174.44901974537794,223.54077686537795,target,0.6825162097599868,0.2559435786599895,11,49229.6,0.35,0.5599999999999999,14,275.6857599999994,52.144983134621434,49.09175712,174.44901974537794,223.54077686537795
2026-08-14,RELIANCE,2026-08-14 12:25:00+05:30,-1,-0.0814212774320038,-0.1992795278608099,0.1061533809151529,-0.3054329087759628,1,38,1304.4,1304.9,1304.1,1304.7,0.08704792563150981,1307.2,1311.7752,38,-173.85759999999982,52.905211470985606,49.7605288,-276.5233402709854,-226.7628114709854,stop_loss,0.03059975520196545,0.45899632802937074,5,49673.6,0.35,0.5599999999999999,38,-173.85759999999982,52.905211470985606,49.7605288,-276.5233402709854,-226.7628114709854
2026-08-17,IPCALAB,2026-08-17 11:20:00+05:30,1,0.1358079212911536,0.0811424862057919,0.1063332452775073,-0.0251907590717154,1,25,1841.9,1851.6,1840.1,1848.6,0.6615044589728136,1850.9,1870.5,27,529.1999999999975,53.4527177868,50.2389,425.50838221319754,475.74728221319754,time_stop,1.0913609595331941,0.25933329731483434,13,49974.3,0.7938053507673763,1.2700885612278023,27,529.1999999999975,53.4527177868,50.2389,425.50838221319754,475.74728221319754
2026-08-17,BAJAJFINSV,2026-08-17 11:20:00+05:30,-1,-0.0804596776537213,-0.1685421107420808,0.1061730960789173,-0.2747152068209981,1,25,2016.7,2017.5,2016.2,2017.3,0.12180354221696481,2021.0,2013.3,24,184.8000000000011,51.432101419199995,48.4116,84.9562985808011,133.3678985808011,time_stop,0.3809995051954451,0.3364670954972837,13,48504.0,0.35,0.5599999999999999,24,184.8000000000011,51.432101419199995,48.4116,84.9562985808011,133.3678985808011
2026-08-17,BSE,2026-08-17 11:20:00+05:30,-1,-0.0809495952863369,-0.2781136638452324,0.1061028162273276,-0.38421648007256,1,25,3309.2,3309.8,3306.6,3308.0,0.2303938504059439,3318.1,3329.71335,15,-174.20025000000123,53.00948054355149,49.858600124999995,-277.06833066855273,-227.20973054355272,stop_loss,0.03917904825049279,0.3526114342545572,4,49771.5,0.35,0.5599999999999999,15,-174.20025000000123,53.00948054355149,49.858600124999995,-277.06833066855273,-227.20973054355272
2026-08-17,HINDPETRO,2026-08-17 11:20:00+05:30,-1,-0.0815643842087171,-0.2299783549783569,0.1061336905032467,-0.3361120454816036,1,25,369.8,369.8,369.45,369.6,0.1517084106369825,370.2,371.4957,135,-174.91950000000145,53.228349740817,50.06445975,-278.2123094908185,-228.14784974081846,stop_loss,0.0,0.4051863857374327,4,49977.0,0.35,0.5599999999999999,135,-174.91950000000145,53.228349740817,50.06445975,-278.2123094908185,-228.14784974081846
2026-08-17,M_AND_M,2026-08-17 11:40:00+05:30,-1,-0.0810503244550412,-0.1441134084291633,0.106188764795153,-0.2503021732243164,1,29,3401.0,3403.2,3400.0,3400.1,0.1357102942350443,3405.0,3408.1,14,-43.39999999999873,50.692085060400004,47.6917,-141.7837850603987,-94.09208506039873,time_stop,0.1468428781204123,0.258443465491931,13,47670.0,0.35,0.5599999999999999,14,-43.39999999999873,50.692085060400004,47.6917,-141.7837850603987,-94.09208506039873
2026-08-18,ULTRACEMCO,2026-08-18 11:20:00+05:30,-1,-0.1003598989866145,0.1293661060802122,0.1063641761966364,0.0230019298835757,2,25,11586.0,11595.0,11580.0,11595.0,0.1262859606973449,11580.0,11573.0,4,28.0,49.211492472,46.306000000000004,-67.51749247200001,-21.211492472000003,time_stop,0.2590673575129543,0.11226252158895722,13,46320.0,0.35,0.5599999999999999,4,28.0,49.211492472,46.306000000000004,-67.51749247200001,-21.211492472000003
2026-08-18,BANKINDIA,2026-08-18 11:20:00+05:30,-1,-0.1006265083873023,-0.5266114309787895,0.1059434282685016,-0.6325548592472912,2,25,142.42,142.43,142.33,142.42,0.11134070254980091,143.2,142.95,349,87.25,53.059980088099984,49.933175,-15.743155088099982,34.190019911900016,time_stop,0.23743016759775193,0.11173184357544663,13,49976.799999999996,0.35,0.5599999999999999,349,87.25,53.059980088099984,49.933175,-15.743155088099982,34.190019911900016
2026-08-18,BPCL,2026-08-18 11:20:00+05:30,-1,-0.1009131419645857,0.3795666613949038,0.1065246563340186,0.2730420050608851,2,25,315.9,316.3,315.55,316.15,0.2428774767854319,314.15,313.45,159,111.29999999999819,53.015911490399986,49.8942,8.389888509598208,58.284088509598206,time_stop,0.525226802482881,0.047747891134819476,13,49949.85,0.35,0.5599999999999999,159,111.29999999999819,53.015911490399986,49.8942,8.389888509598208,58.284088509598206
2026-08-18,TATACONSUM,2026-08-18 11:20:00+05:30,-1,-0.1035572914005253,0.1026502426278312,0.1063470404815229,-0.0036967978536916,2,25,1073.3,1073.3,1068.9,1071.6,0.11531488295206374,1070.5,1067.4,46,142.59999999999582,52.244586820399995,49.1717,41.18371317959581,90.35541317959581,time_stop,0.5137786081270468,0.03736571695469593,13,49243.0,0.35,0.5599999999999999,46,142.59999999999582,52.244586820399995,49.1717,41.18371317959581,90.35541317959581
2026-08-18,MANKIND,2026-08-18 12:30:00+05:30,-1,-0.2927211483447236,-0.2316277110970759,0.106132632596336,-0.3377603436934119,2,39,2366.9,2376.0,2366.9,2374.5,0.09295189964804373,2381.2,2389.5342,20,-166.68400000000474,50.72227080570399,47.707342000000004,-265.1136128057087,-217.40627080570874,stop_loss,0.0,0.36116243910635504,10,47624.0,0.35,0.5599999999999999,20,-166.68400000000474,50.72227080570399,47.707342000000004,-265.1136128057087,-217.40627080570874
2026-08-19,LINDEINDIA,2026-08-19 11:35:00+05:30,-1,-0.1364579039862137,0.0521959585415032,0.1063146788009842,-0.0541187202594809,2,28,6708.5,6708.5,6702.0,6705.5,0.0766961023466877,6707.5,6709.0,7,-10.5,49.908415193,46.957750000000004,-107.366165193,-60.408415193,time_stop,0.12672381662318655,0.1789042117033235,13,46952.5,0.35,0.5599999999999999,7,-10.5,49.908415193,46.957750000000004,-107.366165193,-60.408415193
2026-08-19,DIVISLAB,2026-08-19 12:00:00+05:30,-1,-0.1080195466981499,0.0821018062397485,0.106333860591133,-0.0242320543513845,2,33,8515.0,8532.0,8514.5,8526.0,0.07162963707650548,8525.0,8537.5,5,-62.5,45.342449375,42.65625,-150.498699375,-107.842449375,time_stop,0.14662756598240456,0.2580645161290418,13,42625.0,0.35,0.5599999999999999,5,-62.5,45.342449375,42.65625,-150.498699375,-107.842449375
2026-08-19,HINDZINC,2026-08-19 12:05:00+05:30,-1,-0.1023932783398947,-1.6305824802971216,0.1052353346136425,-1.735817814910764,2,34,551.75,552.1,551.6,551.95,0.19799930117893788,560.15,558.15,89,178.0,52.870568352199996,49.76435,75.3650816478,125.1294316478,time_stop,0.47308756583057665,0.05355708292422712,13,49853.35,0.35,0.5599999999999999,89,178.0,52.870568352199996,49.76435,75.3650816478,125.1294316478
2026-08-19,HDFCBANK,2026-08-19 12:05:00+05:30,-1,-0.1054960031550597,-0.2365875721939971,0.1061294513116693,-0.3427170235056664,2,34,717.95,718.55,717.8,718.55,0.10437687008558791,719.2,720.25,69,-72.44999999999686,52.788302802299995,49.661025,-174.89932780229685,-125.23830280229686,time_stop,0.06952169076751558,0.2711345939933274,13,49624.8,0.35,0.5599999999999999,69,-72.44999999999686,52.788302802299995,49.661025,-174.89932780229685,-125.23830280229686
2026-08-19,ATGL,2026-08-19 12:40:00+05:30,1,0.1791064497606489,0.1791847095714303,0.1063961301478273,0.0727885794236029,2,41,671.7,671.8,668.1,669.7,0.678342114806201,668.75,663.4,74,-395.9000000000017,52.3419762146,49.289550000000006,-497.5315262146017,-448.24197621460166,stop_loss,0.33644859813084516,0.844859813084109,10,49487.5,0.8,1.2800000000000002,74,-395.9000000000017,52.3419762146,49.289550000000006,-497.5315262146017,-448.24197621460166
2026-08-20,CRISIL,2026-08-20 11:20:00+05:30,-1,-0.1033944554480346,0.363241710779846,0.1065141854127444,0.2567275253671015,2,25,4508.0,4514.9,4508.0,4514.9,0.13558281626234234,4499.9,4498.1,11,19.799999999991996,52.595325068,49.489000000000004,-82.284325068008,-32.795325068008005,time_stop,0.12889175315005108,0.02444498766640546,13,49498.899999999994,0.35,0.5599999999999999,11,19.799999999991996,52.595325068,49.489000000000004,-82.284325068008,-32.795325068008005
2026-08-20,M_AND_M,2026-08-20 11:20:00+05:30,-1,-0.1047836494587174,-0.57192880070032,0.105914361435658,-0.6778431621359781,2,25,3425.7,3428.6,3424.1,3427.0,0.12484888907415824,3446.4,3444.0,14,33.60000000000127,51.2587026336,48.232800000000005,-65.89150263359873,-17.65870263359873,time_stop,0.18570102135562205,0.2901578458681442,13,48249.6,0.35,0.5599999999999999,14,33.60000000000127,51.2587026336,48.232800000000005,-65.89150263359873,-17.65870263359873
2026-08-20,MRF,2026-08-20 11:55:00+05:30,-1,-0.4220582776366242,-0.0261262269995796,0.0707067744336207,-0.0968330014332004,2,32,133660.0,134000.0,133660.0,133965.0,0.06958107394788617,134000.0,134070.0,1,-70.0,94.76492641999998,134.035,-298.79992642,-164.76492642,time_stop,0.130597014925371,0.05597014925373678,13,134000.0,0.35,0.5599999999999999,1,-70.0,94.76492641999998,134.035,-298.79992642,-164.76492642
2026-08-20,RADICO,2026-08-20 12:25:00+05:30,-1,-0.1015676420427765,0.6080894972137969,0.1066712322520499,0.501418264961747,2,38,4694.1,4720.0,4692.4,4719.7,0.13908268988041228,4693.1,4709.525850000001,10,-164.25850000000537,49.98418635945101,47.013129250000006,-261.25581560945636,-214.24268635945637,stop_loss,0.08736229784152005,0.39206494641068623,10,46931.0,0.35,0.5599999999999999,10,-164.25850000000537,49.98418635945101,47.013129250000006,-261.25581560945636,-214.24268635945637
2026-08-20,GLAXO,2026-08-20 12:50:00+05:30,-1,-0.1209391664204699,0.00999333777483,0.1062876097868087,-0.0962942720119787,2,43,3000.0,3002.0,2997.6,3002.0,0.07613971637955648,3000.8,3000.0,16,12.80000000000291,51.02036999679999,48.0064,-86.22676999679709,-38.22036999679708,time_stop,0.09330845107972108,0.049986670221269236,12,48012.8,0.35,0.5599999999999999,16,12.80000000000291,51.02036999679999,48.0064,-86.22676999679709,-38.22036999679708
2026-08-21,KALYANKJIL,2026-08-21 11:20:00+05:30,-1,-0.1129195970334654,0.1729106628241936,0.1063921059365994,0.0665185568875942,2,25,600.15,607.9,600.15,607.25,0.30171146268305565,606.95,603.4340235723108,82,288.3100670705164,52.711123151920575,49.625744966464744,185.97319895213113,235.59894391859586,target,0.5931295823379257,0.0,4,49769.9,0.36205375521966676,0.5792860083514668,82,288.3100670705164,52.711123151920575,49.625744966464744,185.97319895213113,235.59894391859586
2026-08-21,ULTRACEMCO,2026-08-21 11:25:00+05:30,-1,-0.1064580363955748,0.1468682505399527,0.1063754021771058,0.0404928483628469,2,26,11568.0,11581.0,11556.0,11575.0,0.10305461277383525,11560.0,11541.0,4,76.0,49.095680023999996,46.202,-19.297680023999995,26.904319976000004,time_stop,0.2941176470588225,0.0,13,46240.0,0.35,0.5599999999999999,4,76.0,49.095680023999996,46.202,-19.297680023999995,26.904319976000004
2026-08-21,UPL,2026-08-21 11:35:00+05:30,-1,-0.1087880918693344,0.341595865814142,0.1065003016379084,0.2350955641762336,2,28,568.8,571.0,568.45,570.85,0.13951626021346158,568.25,567.1,87,100.04999999999802,52.47886128270001,49.38772500000001,-1.8165862827019978,47.57113871729801,time_stop,0.2023757149142047,0.11438627364714904,13,49437.75,0.35,0.5599999999999999,87,100.04999999999802,52.47886128270001,49.38772500000001,-1.8165862827019978,47.57113871729801
2026-08-21,TORNTPHARM,2026-08-21 11:50:00+05:30,-1,-0.1025083393116917,0.5379618351603739,0.1066262519488428,0.431335583211531,2,31,4924.5,4926.5,4922.5,4926.0,0.08265181834000349,4902.5,4919.6587500000005,10,-171.5875000000051,52.21441555202501,49.110793750000006,-272.9127093020301,-223.8019155520301,stop_loss,0.03059663437021687,0.37735849056603765,10,49025.0,0.35,0.5599999999999999,10,-171.5875000000051,52.21441555202501,49.110793750000006,-272.9127093020301,-223.8019155520301
2026-08-21,TATAINVEST,2026-08-21 11:50:00+05:30,-1,-0.1064460058679221,0.1847148464557619,0.1063996772108058,0.0783151692449561,2,31,648.45,649.7,647.9,649.65,0.10335235456454675,648.25,645.85,77,184.79999999999825,52.931994854200006,49.82285000000001,82.04515514579822,131.86800514579824,time_stop,0.4319321249517838,0.04627844195912445,13,49915.25,0.35,0.5599999999999999,77,184.79999999999825,52.931994854200006,49.82285000000001,82.04515514579822,131.86800514579824
2026-08-24,PETRONET,2026-08-24 11:20:00+05:30,-1,-0.1001324151003383,-0.10205817315871,0.1062157392753869,-0.2082739124340969,2,25,293.85,293.95,293.8,293.95,0.1931815420503984,294.0,294.0,170,0.0,53.11934376000001,49.980000000000004,-103.09934376000001,-53.11934376000001,time_stop,0.06802721088434716,0.25510204081633514,13,49980.0,0.35,0.5599999999999999,170,0.0,53.11934376000001,49.980000000000004,-103.09934376000001,-53.11934376000001
2026-08-24,OBEROIRLTY,2026-08-24 11:20:00+05:30,-1,-0.1008653059094393,0.2129925452609171,0.1064178146964856,0.1065747305644315,2,25,1877.4,1878.8,1877.3,1878.0,0.17685988133272218,1873.6,1880.1576,26,-170.49760000000242,51.8827568268256,48.7988488,-271.179205626828,-222.380356826828,stop_loss,0.08005977796754493,0.40563620836893133,6,48713.6,0.35,0.5599999999999999,26,-170.49760000000242,51.8827568268256,48.7988488,-271.179205626828,-222.380356826828
2026-08-24,INDUSTOWER,2026-08-24 11:20:00+05:30,-1,-0.1008741031921254,-0.4804484185239488,0.1059730375016682,-0.586421456025617,2,25,374.3,374.65,374.2,374.65,0.1887475929915536,376.7,376.0,132,92.3999999999985,52.78842309839999,49.6782,-10.066623098401486,39.61157690159851,time_stop,0.3052827183435025,0.14600477833819347,13,49724.4,0.35,0.5599999999999999,132,92.3999999999985,52.78842309839999,49.6782,-10.066623098401486,39.61157690159851
2026-08-24,NHPC,2026-08-24 11:20:00+05:30,-1,-0.1009068765560741,-0.0394011032308867,0.106255927895981,-0.1456570311268678,2,25,75.86,76.22,75.85,76.14,0.22514916131937326,76.17,76.12,656,32.799999999998136,53.085041749439995,49.95112,-70.23616174944186,-20.28504174944186,time_stop,0.24944203754758698,0.14441381121175212,13,49967.520000000004,0.35,0.5599999999999999,656,32.799999999998136,53.085041749439995,49.95112,-70.23616174944186,-20.28504174944186
2026-08-24,BAJAJHLDNG,2026-08-24 12:25:00+05:30,-1,-0.1288244390174717,0.7791057990261123,0.1067809231341301,0.6723248758919822,2,38,11254.0,11296.0,11254.0,11295.0,0.11066843736166444,11195.0,11132.307999999999,4,250.76800000000367,47.431877260191996,44.654616,158.68150673981168,203.33612273981169,target,0.5716837874050862,0.2501116569897377,11,44780.0,0.35,0.5599999999999999,4,250.76800000000367,47.431877260191996,44.654616,158.68150673981168,203.33612273981169
2026-08-25,APOLLOHOSP,2026-08-25 11:25:00+05:30,-1,-0.1161997450931144,0.045924225028699,0.1063106560734787,-0.0603864310447796,2,26,8676.5,8710.0,8674.0,8710.0,0.11317041167787437,8704.0,8734.464,5,-152.3199999999997,46.35127720192,43.596160000000005,-242.2674372019197,-198.6712772019197,stop_loss,0.04595588235294379,0.7008272058823595,6,43520.0,0.35,0.5599999999999999,5,-152.3199999999997,46.35127720192,43.596160000000005,-242.2674372019197,-198.6712772019197
2026-08-25,AJANTPHARM,2026-08-25 11:40:00+05:30,-1,-0.1058820637500451,-0.0084870431141865,0.1062757563596242,-0.1147627994738108,2,29,3519.6,3537.9,3519.5,3534.8,0.20368903474029593,3535.6,3538.3,14,-37.80000000000382,52.6317386476,49.517300000000006,-139.94903864760383,-90.43173864760382,time_stop,0.22909831428894467,0.19515782328318743,13,49498.4,0.35,0.5599999999999999,14,-37.80000000000382,52.6317386476,49.517300000000006,-139.94903864760383,-90.43173864760382
2026-08-25,MEDANTA,2026-08-25 11:45:00+05:30,-1,-0.1002561045025528,0.4126645321949524,0.106545885506937,0.3061186466880154,2,30,1404.8,1405.5,1404.8,1405.5,0.07775575545052346,1400.3,1396.4,35,136.49999999999523,52.00139560699999,48.94225,35.55635439299523,84.49860439299523,time_stop,0.29993572805827595,0.04998928800972191,13,49010.5,0.35,0.5599999999999999,35,136.49999999999523,52.00139560699999,48.94225,35.55635439299523,84.49860439299523
2026-08-25,FEDERALBNK,2026-08-25 11:50:00+05:30,1,0.1473096093282689,1.528606784102493,0.107261657562964,1.421345126539529,2,31,347.3,348.0,343.0,343.45,0.5563296799284547,348.45,346.1237630763472,143,-332.65188008235043,52.7448034084039,49.662024059958824,-435.0587075507131,-385.3966834907543,stop_loss,0.40177930836562403,0.688764528626773,4,49828.35,0.6675956159141456,1.068152985462633,143,-332.65188008235043,52.7448034084039,49.662024059958824,-435.0587075507131,-385.3966834907543
2026-08-25,COROMANDEL,2026-08-25 12:00:00+05:30,-1,-0.1662161019384114,-0.0418497593638989,0.1062543573132454,-0.1481041166771443,2,33,1910.4,1911.7,1905.0,1911.6,0.17263025737602025,1914.7,1911.0,26,96.20000000000118,52.8474162892,49.734100000000005,-6.381516289198821,43.352583710801184,time_stop,0.2976967671175612,0.020891001201217563,13,49782.200000000004,0.35,0.5599999999999999,26,96.20000000000118,52.8474162892,49.734100000000005,-6.381516289198821,43.352583710801184
2026-08-26,HONAUT,2026-08-26 11:20:00+05:30,-1,-0.2303719716210829,-0.7105766602896892,0.1058254318666302,-0.8164020921563195,3,25,36590.0,36645.0,36530.0,36590.0,0.18447663295982508,36900.0,36860.0,1,40.0,39.19210656,36.88,-36.07210656,0.8078934400000009,time_stop,0.3794037940379358,0.013550135501350091,13,36900.0,0.35,0.5599999999999999,1,40.0,39.19210656,36.88,-36.07210656,0.8078934400000009
2026-08-26,OFSS,2026-08-26 11:25:00+05:30,-1,-0.1020169803829476,0.3702768661112543,0.1065186978035849,0.2637581683076693,3,26,11866.0,11887.0,11865.0,11883.0,0.29634171265072556,11817.0,11749.764095646842,4,268.9436174126313,50.06449556612983,47.133528191293685,171.74559365520776,218.87912184650145,target,0.6431412372006395,0.0,1,47268.0,0.3556100551808707,0.5689760882893932,4,268.9436174126313,50.06449556612983,47.133528191293685,171.74559365520776,218.87912184650145
2026-08-26,CRISIL,2026-08-26 11:50:00+05:30,-1,-0.1021568398884133,0.1441241685144092,0.1063736421064301,0.037750526407979,3,31,4510.0,4510.0,4505.0,4510.0,0.15663604687994442,4506.0,4500.0,11,66.0,52.637006795999994,49.533,-36.170006795999996,13.362993204000006,time_stop,0.3928095872170356,0.06435863293385857,13,49566.0,0.35,0.5599999999999999,11,66.0,52.637006795999994,49.533,-36.170006795999996,13.362993204000006
2026-08-26,ADANIGREEN,2026-08-26 11:50:00+05:30,-1,-0.1028080880537642,0.2191325374036665,0.1064217529242859,0.1127107844793806,3,31,1319.1,1323.9,1318.1,1323.4,0.18404974200652197,1319.0,1313.8,37,192.40000000000168,51.745007521599995,48.7068,91.94819247840168,140.65499247840168,time_stop,0.4927975739196344,0.07581501137225999,13,48803.0,0.35,0.5599999999999999,37,192.40000000000168,51.745007521599995,48.7068,91.94819247840168,140.65499247840168
2026-08-26,CONCOR,2026-08-26 11:50:00+05:30,-1,-0.1221006193020841,1.0733109726880627,0.1069696280977479,0.9663413445903148,3,31,516.35,521.8,516.35,521.75,0.25121500444931083,516.25,518.056875,96,-173.45999999999913,52.78422100475999,49.64673,-275.89095100475913,-226.2442210047591,stop_loss,0.038740920096858034,0.3583535108958813,11,49560.0,0.35,0.5599999999999999,96,-173.45999999999913,52.78422100475999,49.64673,-275.89095100475913,-226.2442210047591
2026-08-27,AWL,2026-08-27 11:45:00+05:30,-1,-0.1045700443593641,1.266073194856574,0.1070932669436201,1.1589799279129538,3,30,198.55,202.5,198.54,202.2,0.2995619612830292,199.78,200.49815786350152,250,-179.53946587537928,53.197303030649266,50.03476973293769,-282.77153863896626,-232.73676890602854,stop_loss,0.1701872059265197,0.3904294724196733,4,49945.0,0.359474353539635,0.5751589656634161,250,-179.53946587537928,53.197303030649266,50.03476973293769,-282.77153863896626,-232.73676890602854
2026-08-27,AJANTPHARM,2026-08-27 12:05:00+05:30,-1,-0.1050178443080666,0.0566107164086133,0.1063175104531687,-0.0497067940445554,3,34,3526.0,3534.3,3521.3,3532.9,0.17306704730634154,3530.5,3531.4,14,-12.600000000001273,52.5396904396,49.4333,-114.57299043960128,-65.13969043960128,time_stop,0.014162299957509727,0.17561251947315615,13,49427.0,0.35,0.5599999999999999,14,-12.600000000001273,52.5396904396,49.4333,-114.57299043960128,-65.13969043960128
2026-08-27,LICHSGFIN,2026-08-27 12:10:00+05:30,1,0.1170470295351048,2.296352296352296,0.1077540941409941,2.188598202211302,3,35,533.6,533.6,529.1,529.1,0.5427005427005449,540.0,536.4833004833005,92,-323.53635553635695,52.592982000340854,49.51823182223182,-425.6475693589296,-376.1293375366978,stop_loss,0.18518518518517713,0.9444444444444478,4,49680.0,0.6512406512406539,1.0419850419850463,92,-323.53635553635695,52.592982000340854,49.51823182223182,-425.6475693589296,-376.1293375366978
2026-08-27,MAXHEALTH,2026-08-27 12:15:00+05:30,-1,-0.1139107868706158,-0.2691655866812823,0.1061085555777091,-0.3752741422589914,3,36,1000.5,1003.8,1000.5,1003.1,0.13102240198242576,1005.1,1004.9,49,9.800000000002228,52.33709893999999,49.245000000000005,-91.78209893999777,-42.53709893999776,time_stop,0.27857924584618887,0.1094418465824365,13,49249.9,0.35,0.5599999999999999,49,9.800000000002228,52.33709893999999,49.245000000000005,-91.78209893999777,-42.53709893999776
2026-08-27,GODREJPROP,2026-08-27 12:45:00+05:30,1,0.1088436288305671,-0.8902077151335277,0.105710215430267,-0.9959179305637949,3,42,2091.4,2095.0,2087.7,2089.4,0.25263575325794796,2071.3,2064.05045,24,-173.98919999999998,52.722062177584796,49.62420540000001,-276.3354675775848,-226.71126217758479,stop_loss,0.16897600540723978,0.41037029884612997,10,49711.200000000004,0.35,0.5599999999999999,24,-173.98919999999998,52.722062177584796,49.62420540000001,-276.3354675775848,-226.71126217758479
2026-08-28,JSWSTEEL,2026-08-28 11:20:00+05:30,-1,-0.1082833948777627,0.2330827067669076,0.1064307006466165,0.1266520061202911,3,25,1330.6,1331.0,1328.5,1330.0,0.1718582169709989,1325.2,1325.8,37,-22.199999999996635,52.126462321999995,49.0435,-123.36996232199664,-74.32646232199663,time_stop,0.271657108361012,0.3018412315122232,13,49032.4,0.35,0.5599999999999999,37,-22.199999999996635,52.126462321999995,49.0435,-123.36996232199664,-74.32646232199663
2026-08-28,BAJAJHLDNG,2026-08-28 11:25:00+05:30,-1,-0.1000114466629883,0.219529329118373,0.1064220074288724,0.1131073216895006,3,26,11398.0,11398.0,11379.0,11388.0,0.12795423754327864,11351.0,11390.728500000001,4,-158.9140000000043,48.357844441084,45.483457,-252.7553014410883,-207.27184444108832,stop_loss,0.008809796493702837,0.4316800281913391,12,45404.0,0.35,0.5599999999999999,4,-158.9140000000043,48.357844441084,45.483457,-252.7553014410883,-207.27184444108832
2026-08-28,GLENMARK,2026-08-28 11:25:00+05:30,-1,-0.1006437466175371,-0.3360655737704832,0.1060656455245901,-0.4421312192950734,3,26,2440.7,2441.9,2438.2,2440.0,0.17125292740046838,2449.0,2457.5715,20,-171.4300000000003,52.166487990579995,49.065715,-272.6622029905803,-223.59648799058027,stop_loss,0.10616578195181692,0.5839118007350041,3,48980.0,0.35,0.5599999999999999,20,-171.4300000000003,52.166487990579995,49.065715,-272.6622029905803,-223.59648799058027
2026-08-28,360ONE,2026-08-28 11:25:00+05:30,-1,-0.1007796556176352,0.215463661224831,0.1064193996850915,0.1090442615397395,3,26,1204.7,1207.1,1204.5,1206.7,0.1633735453243196,1205.9,1204.3,41,65.6000000000056,52.505368389199994,49.4091,-36.3144683891944,13.0946316108056,time_stop,0.29023965502943394,0.13268098515630822,13,49441.9,0.35,0.5599999999999999,41,65.6000000000056,52.505368389199994,49.4091,-36.3144683891944,13.0946316108056
2026-08-28,MRF,2026-08-28 11:40:00+05:30,-1,-0.1153753489251967,0.0978547233722224,0.0710381159051561,0.0268166074670662,3,29,132770.0,132850.0,132770.0,132850.0,0.0626377762245282,132840.0,132725.0,1,115.0,94.30017439000001,132.7825,-112.08267439000001,20.69982560999999,time_stop,0.14302920806985586,0.0,13,132840.0,0.35,0.5599999999999999,1,115.0,94.30017439000001,132.7825,-112.08267439000001,20.69982560999999
2026-08-31,FLUOROCHEM,2026-08-31 11:20:00+05:30,1,0.1120565812197146,-0.1835819338687798,0.1061634494461249,-0.2897453833149048,3,25,4796.6,4809.2,4792.5,4793.5,0.5798030070482327,4777.1,4743.862676660359,10,-332.3732333964108,50.55840586586014,47.604813383301796,-430.53645264557275,-382.93163926227095,stop_loss,0.2867848694814823,0.7703418391911465,10,47771.0,0.6957636084578792,1.1132217735326069,10,-332.3732333964108,50.55840586586014,47.604813383301796,-430.53645264557275,-382.93163926227095
2026-08-31,NIACL,2026-08-31 11:25:00+05:30,1,0.1107244027490173,-2.2910372608257745,0.1048117149546827,-2.3958489757804573,3,26,199.32,199.45,198.49,198.6,0.6067472306142992,194.99,195.63,256,163.8399999999965,53.15794220032,49.99936,60.6826977996765,110.6820577996765,time_stop,0.6718293245807416,0.2718088107082406,13,49917.44,0.728096676737159,1.1649546827794546,256,163.8399999999965,53.15794220032,49.99936,60.6826977996765,110.6820577996765
2026-08-31,DALBHARAT,2026-08-31 11:50:00+05:30,1,0.1516171227238658,-1.0229088971763505,0.1056251000958977,-1.128533997272248,3,31,1886.0,1888.1,1874.1,1877.0,0.5133571809117905,1849.6,1838.2059346982267,27,-307.63976314787783,52.87865904047837,49.78538011842606,-410.3038023067823,-360.5184221883562,stop_loss,0.4595588235294157,0.692041522491349,8,49939.2,0.6160286170941486,0.9856457873506378,27,-307.63976314787783,52.87865904047837,49.78538011842606,-410.3038023067823,-360.5184221883562
2026-08-31,GLAXO,2026-08-31 11:50:00+05:30,1,0.114597544594657,-0.3529527108729127,0.1060548140135298,-0.4590075248864425,3,31,3058.4,3062.0,3058.4,3059.9,0.2943606933933445,3050.8,3050.0,16,-12.80000000000291,51.8706195968,48.806400000000004,-113.4770195968029,-64.67061959680291,time_stop,0.06883440409073405,0.05244526025961482,13,48812.8,0.35323283207201334,0.5651725313152214,16,-12.80000000000291,51.8706195968,48.806400000000004,-113.4770195968029,-64.67061959680291
2026-08-31,COALINDIA,2026-08-31 12:30:00+05:30,-1,-0.105227579743856,0.1867995018679948,0.1064010143212951,0.0803984875466997,3,39,401.15,401.5,400.95,401.5,0.12364347980786418,400.6,400.85,124,-31.0,52.8144319988,49.6899,-133.5043319988,-83.8144319988,time_stop,0.21218172740888885,0.22466300549175422,13,49674.4,0.35,0.5599999999999999,124,-31.0,52.8144319988,49.6899,-133.5043319988,-83.8144319988
2026-09-01,KEI,2026-09-01 11:20:00+05:30,-1,-0.1058546867866469,0.836089672914369,0.1068174729327453,0.7292721999816236,3,25,5442.0,5444.0,5433.5,5442.0,0.27497768677482015,5395.0,5410.0,9,-135.0,51.69142647,48.6225,-235.31392647,-186.69142647,time_stop,0.38924930491195386,0.3058387395736828,13,48555.0,0.35,0.5599999999999999,9,-135.0,51.69142647,48.6225,-235.31392647,-186.69142647
2026-09-01,POLYCAB,2026-09-01 11:20:00+05:30,-1,-0.1059509618331596,0.6176243520458797,0.1066773479651483,0.5109470040807313,3,25,9063.5,9068.0,9060.0,9067.0,0.22727630811892421,8990.0,8993.5,5,-17.5,47.78462400499999,44.95875,-110.24337400499999,-65.28462400499998,time_stop,0.05561735261401246,0.33370411568409697,13,44950.0,0.35,0.5599999999999999,5,-17.5,47.78462400499999,44.95875,-110.24337400499999,-65.28462400499998
2026-09-01,INDIGO,2026-09-01 11:20:00+05:30,-1,-0.109907438315356,0.5392156862745026,0.1066270561764706,0.4325886300980319,3,25,5091.0,5102.5,5090.0,5100.0,0.18907563025210083,5073.0,5090.7555,9,-159.7995000000019,48.62730384209699,45.73689975,-254.16370359209887,-208.42680384209888,stop_loss,0.009856100926475264,0.39424403705894395,6,45657.0,0.35,0.5599999999999999,9,-159.7995000000019,48.62730384209699,45.73689975,-254.16370359209887,-208.42680384209888
2026-09-01,PIDILITIND,2026-09-01 11:20:00+05:30,-1,-0.1115802775247008,0.1153962951715783,0.1063552158761008,0.0090410792954775,3,25,1646.3,1646.6,1645.9,1646.5,0.11452865385449497,1644.6,1648.9,30,-129.00000000000546,52.51975982999999,49.4025,-230.92225983000546,-181.51975983000546,time_stop,0.17633467104462008,0.267542259515996,13,49338.0,0.35,0.5599999999999999,30,-129.00000000000546,52.51975982999999,49.4025,-230.92225983000546,-181.51975983000546
2026-09-01,MCX,2026-09-01 11:50:00+05:30,-1,-0.1001223558052245,0.301368211681023,0.1064744993791814,0.1948937123018415,3,31,3316.1,3319.0,3316.1,3318.2,0.15778778511585398,3307.4,3288.87856,15,277.82159999999976,52.5489696908304,49.472089200000006,175.80054110916936,225.27263030916936,target,0.616798693838061,0.027211707081087333,8,49611.0,0.35,0.5599999999999999,15,277.82159999999976,52.5489696908304,49.472089200000006,175.80054110916936,225.27263030916936
2026-09-02,BAJAJ-AUTO,2026-09-02 11:35:00+05:30,-1,-0.1039752539635213,-0.4520341536916135,0.1059912625816172,-0.5580254162732308,3,28,11946.0,11948.0,11932.0,11946.0,0.1841620626151013,12025.0,12007.0,4,72.0,51.07507596799999,48.064,-27.139075967999993,20.924924032000007,time_stop,0.34927234927234485,0.0,13,48100.0,0.35,0.5599999999999999,4,72.0,51.07507596799999,48.064,-27.139075967999993,20.924924032000007
2026-09-02,BANKBARODA,2026-09-02 11:35:00+05:30,-1,-0.1064265235196843,-0.5029127027366798,0.1059586287749884,-0.6088713315116682,3,28,238.4,238.64,238.0,238.61,0.2194256018488007,240.01,240.0,208,2.0799999999981083,53.05645156448001,49.921040000000005,-100.8974915644819,-50.9764515644819,time_stop,0.18332569476271487,0.09166284738135744,13,49922.08,0.35,0.5599999999999999,208,2.0799999999981083,53.05645156448001,49.921040000000005,-100.8974915644819,-50.9764515644819
2026-09-02,BOSCHLTD,2026-09-02 11:35:00+05:30,-1,-0.1190502574140172,0.3412605310867036,0.1065000865522021,0.2347604445345014,3,28,46800.0,46885.0,46690.0,46885.0,0.2742272124803852,46800.0,46537.92,1,262.08000000000175,49.57150191552,46.66896,165.83953808448175,212.50849808448174,target,0.5876068376068355,0.04273504273504258,8,46800.0,0.35,0.5599999999999999,1,262.08000000000175,49.57150191552,46.66896,165.83953808448175,212.50849808448174
2026-09-02,JSL,2026-09-02 12:10:00+05:30,1,0.1205584244720578,1.0502314654874567,0.1069548247633524,0.9432766407241042,3,35,724.15,724.3,723.05,723.65,0.2798314102121171,731.1,735.19416,68,278.4028799999992,53.016055295249274,49.85400144,175.53282326474994,225.38682470474993,target,0.6702229517165925,0.1504582136506616,4,49714.8,0.35,0.5599999999999999,68,278.4028799999992,53.016055295249274,49.85400144,175.53282326474994,225.38682470474993
2026-09-02,PATANJALI,2026-09-02 12:35:00+05:30,-1,-0.1048327664939374,0.0146177459435818,0.1062905759099547,-0.0916728299663728,3,40,343.65,343.65,341.7,342.05,0.15557458182805212,341.75,342.946125,146,-174.63424999999927,53.14154760175549,49.982817125000004,-277.7586147267548,-227.77579760175476,stop_loss,0.014630577907825959,0.3657644476956934,1,49895.5,0.35,0.5599999999999999,146,-174.63424999999927,53.14154760175549,49.982817125000004,-277.7586147267548,-227.77579760175476
2026-09-03,OBEROIRLTY,2026-09-03 11:20:00+05:30,1,0.1567816679885517,-0.2104487820276688,0.1061462168885147,-0.3165949989161836,4,25,1905.1,1905.1,1900.0,1900.7,0.4539680869454118,1895.2,1897.9,26,70.20000000000118,52.4153005636,49.310300000000005,-31.52560056359882,17.784699436401183,time_stop,0.33769523005486857,0.32714225411566433,13,49275.200000000004,0.5447617043344941,0.8716187269351906,26,70.20000000000118,52.4153005636,49.310300000000005,-31.52560056359882,17.784699436401183
2026-09-03,LODHA,2026-09-03 11:20:00+05:30,1,0.1564282403859925,-0.7770762506070952,0.1057827786304031,-0.8828590292374983,4,25,1233.8,1238.0,1232.4,1235.4,0.4706399315432845,1224.1,1225.0,40,36.00000000000364,52.062617384,48.982,-65.04461738399635,-16.06261738399636,time_stop,0.22057021485173411,0.3022628870190225,13,48964.0,0.5647679178519414,0.9036286685631062,40,36.00000000000364,52.062617384,48.982,-65.04461738399635,-16.06261738399636
2026-09-03,PRESTIGE,2026-09-03 11:20:00+05:30,1,0.1520477031906874,-0.1472392638036836,0.1061867598527607,-0.2534260236564444,4,25,1625.9,1632.0,1625.4,1630.0,0.4964943032427693,1626.9,1617.207041016652,30,-290.78876950044105,51.686151622509804,48.661605615249776,-391.1365267382006,-342.47492112295083,stop_loss,0.0676132521974182,0.6023726104862126,12,48807.0,0.5957931638913231,0.953269062226117,30,-290.78876950044105,51.686151622509804,48.661605615249776,-391.1365267382006,-342.47492112295083
2026-09-03,GODREJPROP,2026-09-03 11:20:00+05:30,1,0.1415280389194258,-0.7628294036060908,0.1057919166435506,-0.8686213202496413,4,25,2016.2,2021.7,2015.5,2018.8,0.513034617453084,2001.8,2001.9,24,2.400000000003274,51.0624288528,48.0444,-96.70682885279672,-48.66242885279672,time_stop,0.19982016185433604,0.539514437006694,13,48043.2,0.6156415409437007,0.9850264655099212,24,2.400000000003274,51.0624288528,48.0444,-96.70682885279672,-48.66242885279672
2026-09-03,M_AND_M,2026-09-03 12:30:00+05:30,1,0.0995994851261625,-0.00630755645264,0.1062771542954459,-0.1125847107480859,4,39,3169.5,3172.2,3169.3,3170.8,0.15633729207590405,3169.0,3157.9085,15,-166.37249999999995,50.41405610026499,47.45181375,-264.2383698502649,-216.78655610026493,stop_loss,0.03155569580308715,0.5017355632691678,6,47535.0,0.35,0.5599999999999999,15,-166.37249999999995,50.41405610026499,47.45181375,-264.2383698502649,-216.78655610026493
2026-09-04,KEI,2026-09-04 11:20:00+05:30,-1,-0.0860009940738343,-0.1125204582651235,0.106209028702946,-0.2187294869680696,4,25,4888.0,4890.5,4877.0,4888.0,0.32660158989946225,4897.0,4866.292134673837,10,307.078653261633,51.84894154932606,48.816460673369185,206.41325103893774,255.22971171230694,target,0.6432509699816236,0.2654686542781226,6,48970.0,0.3919219078793547,0.6270750526069676,10,307.078653261633,51.84894154932606,48.816460673369185,206.41325103893774,255.22971171230694
2026-09-04,NIACL,2026-09-04 11:25:00+05:30,1,0.1153000817209707,9.309598267981729,0.112252432186673,9.197345835795051,4,26,208.11,208.36,207.74,207.85,0.6649713048558378,228.04,230.95148908209904,219,637.6161089796925,53.48660981511621,50.25956805448984,533.8699311100864,584.1294991645763,target,1.7365374495702524,0.6533941413786937,5,49940.759999999995,0.7979655658270053,1.2767449053232085,219,637.6161089796925,53.48660981511621,50.25956805448984,533.8699311100864,584.1294991645763
2026-09-04,MAHABANK,2026-09-04 11:30:00+05:30,1,0.0821589061839754,0.0230520977409014,0.1062959857538036,-0.0832438880129021,4,27,86.78,86.87,86.73,86.76,0.18853322795231556,86.62,86.5,577,-69.24000000000262,53.07465647744,49.94512,-172.25977647744264,-122.31465647744263,time_stop,0.15008081274532348,0.19625952435927685,13,49979.740000000005,0.35,0.5599999999999999,577,-69.24000000000262,53.07465647744,49.94512,-172.25977647744264,-122.31465647744263
2026-09-04,IDEA,2026-09-04 11:35:00+05:30,1,0.0890229883933206,-0.1334222815210068,0.1061956221480987,-0.2396179036691056,4,28,15.04,15.06,14.97,14.99,0.5384542075669524,14.99,15.01,3335,66.69999999999858,53.1745073,50.025,-36.49950730000142,13.52549269999858,time_stop,0.867244829886582,0.06671114076050033,13,49991.65,0.6461450490803429,1.0338320785285486,3335,66.69999999999858,53.1745073,50.025,-36.49950730000142,13.52549269999858
2026-09-04,ABCAPITAL,2026-09-04 11:50:00+05:30,-1,-0.0837077454705293,0.4306632213608878,0.1065574299741602,0.3241057913867277,4,31,405.0,406.45,404.95,406.35,0.16874967041079736,404.4,405.8154,123,-174.09420000000415,52.97720931884519,49.8282471,-276.8996564188493,-227.07140931884933,stop_loss,0.04945598417408492,0.43273986152323474,9,49741.2,0.35,0.5599999999999999,123,-174.09420000000415,52.97720931884519,49.8282471,-276.8996564188493,-227.07140931884933
2026-09-07,TATAELXSI,2026-09-07 12:00:00+05:30,-1,-0.085103386710305,0.3951098004409061,0.1065346257966616,0.2885751746442445,4,33,3492.0,3492.9,3489.9,3492.7,0.1280221196045619,3480.0,3489.2,14,-128.79999999999745,51.862813732799985,48.7844,-229.44721373279745,-180.66281373279745,time_stop,0.1293103448275823,0.33045977011494365,13,48720.0,0.35,0.5599999999999999,14,-128.79999999999745,51.862813732799985,48.7844,-229.44721373279745,-180.66281373279745
2026-09-07,CONCOR,2026-09-07 12:15:00+05:30,-1,-0.0829230598993195,0.0296970896852144,0.1063002478915066,-0.0766031582062921,4,36,503.35,505.1,502.75,505.1,0.13787934496705198,504.95,504.3,99,64.34999999999775,53.0887505445,49.957875,-38.696625544502254,11.261249455497747,time_stop,0.5149024655906498,0.0,13,49990.049999999996,0.35,0.5599999999999999,99,64.34999999999775,53.0887505445,49.957875,-38.696625544502254,11.261249455497747
2026-09-07,LICI,2026-09-07 12:20:00+05:30,-1,-0.0801355704116511,0.2426889940541201,0.1064368621769202,0.1362521318771998,4,37,412.2,412.2,411.8,412.05,0.11527727217570644,411.3,412.73955,121,-174.18554999999964,53.00500730448329,49.854392775,-277.04495007948293,-227.19055730448292,stop_loss,0.17019207391197888,0.38901045465595807,11,49767.3,0.35,0.5599999999999999,121,-174.18554999999964,53.00500730448329,49.854392775,-277.04495007948293,-227.19055730448292
2026-09-07,HDFCLIFE,2026-09-07 12:20:00+05:30,-1,-0.0825383087933806,0.074135853952356,0.1063287511815401,-0.0321928972291841,4,37,538.35,539.55,538.2,539.55,0.1833538530786195,539.45,539.45,92,0.0,52.7467218728,49.629400000000004,-102.37612187280001,-52.7467218728,time_stop,0.1297617944202467,0.11122439521733529,13,49629.4,0.35,0.5599999999999999,92,0.0,52.7467218728,49.629400000000004,-102.37612187280001,-52.7467218728
2026-09-07,INFY,2026-09-07 13:05:00+05:30,-1,-0.0846928571435018,0.0275406224180585,0.1062988647204626,-0.0787582423024041,4,46,1088.3,1089.5,1087.5,1089.3,0.11278540609303514,1089.3,1087.3,45,90.0,52.03972348199999,48.9735,-11.013223481999994,37.96027651800001,time_stop,0.21114477187184066,0.10098228219959093,9,49018.5,0.35,0.5599999999999999,45,90.0,52.03972348199999,48.9735,-11.013223481999994,37.96027651800001
2026-09-08,LODHA,2026-09-08 11:20:00+05:30,1,0.0973992456674224,-0.1153307521212667,0.1062072261636049,-0.2215379782848716,4,25,1214.6,1215.6,1212.6,1213.9,0.3424617231355845,1215.0,1214.1,41,-36.90000000000373,52.9203118986,49.79655,-139.61686189860373,-89.82031189860373,time_stop,0.40329218106995857,0.08230452674896638,13,49815.0,0.4109540677627014,0.6575265084203222,41,-36.90000000000373,52.9203118986,49.79655,-139.61686189860373,-89.82031189860373
2026-09-08,PRESTIGE,2026-09-08 11:25:00+05:30,1,0.1225954582741454,-0.2112405581871712,0.1061457090385354,-0.3173862672257066,4,26,1562.8,1564.0,1562.0,1562.2,0.25696362272984896,1559.2,1559.0,32,-6.400000000001455,53.0242620544,49.8912,-109.31546205440145,-59.42426205440145,time_stop,0.41688045151360154,0.04489481785531213,13,49894.4,0.35,0.5599999999999999,32,-6.400000000001455,53.0242620544,49.8912,-109.31546205440145,-59.42426205440145
2026-09-08,OBEROIRLTY,2026-09-08 11:25:00+05:30,1,0.0920048482267001,0.1138334778837872,0.1063542134757155,0.0074792644080717,4,26,1843.3,1848.8,1843.3,1844.8,0.26019080659150234,1848.7,1842.2295500000002,27,-174.70214999999462,52.9380996915771,49.827548925,-277.4677986165717,-227.6402496915717,stop_loss,0.21636825877644483,0.39487207226699406,10,49914.9,0.35,0.5599999999999999,27,-174.70214999999462,52.9380996915771,49.827548925,-277.4677986165717,-227.6402496915717
2026-09-08,POWERINDIA,2026-09-08 11:25:00+05:30,1,0.087192650561355,-0.8970046452026281,0.1057058558385391,-1.0027105010411672,4,26,31370.0,31370.0,31160.0,31215.0,0.4542230154916363,30990.0,30821.083544998968,1,-168.91645500103186,32.8281998522636,30.905541772499486,-232.65019662579493,-201.74465485329546,stop_loss,0.5969667634720954,0.6776379477250738,13,30990.0,0.5450676185899636,0.8721081897439418,1,-168.91645500103186,32.8281998522636,30.905541772499486,-232.65019662579493,-201.74465485329546
2026-09-08,NIACL,2026-09-08 12:15:00+05:30,1,0.0878066694820116,-0.538223386520599,0.1059359802905453,-0.6441593668111444,4,36,209.34,209.95,209.14,209.95,0.796788350967919,208.01,206.34591999999998,240,-399.37920000000304,52.801961573644796,49.7227104,-501.9038719736478,-452.18116157364784,stop_loss,0.0913417624152757,0.8268833229171713,1,49922.399999999994,0.8,1.2800000000000002,240,-399.37920000000304,52.801961573644796,49.7227104,-501.9038719736478,-452.18116157364784
2026-09-09,ESCORTS,2026-09-09 11:20:00+05:30,-1,-0.0825517003588875,0.2272575362609359,0.1064269643473029,0.1208305719136329,4,25,2991.4,2992.4,2991.4,2992.2,0.1145836317282098,2987.0,2986.2,16,12.80000000000291,50.7857011072,47.7856,-85.77130110719709,-37.98570110719709,time_stop,0.06695681285571187,0.26447941078004966,13,47792.0,0.35,0.5599999999999999,16,12.80000000000291,50.7857011072,47.7856,-85.77130110719709,-37.98570110719709
2026-09-09,HINDPETRO,2026-09-09 11:20:00+05:30,-1,-0.082696016499794,-0.2003721196507797,0.1061526801202232,-0.306524799771003,4,25,348.4,349.4,348.05,349.35,0.24535361589891314,350.3,349.95,142,49.70000000000323,52.835154313,49.71775,-52.85290431299677,-3.135154312996768,time_stop,0.45675135598058914,0.17128175849270288,13,49742.6,0.35,0.5599999999999999,142,49.70000000000323,52.835154313,49.71775,-52.85290431299677,-3.135154312996768
2026-09-09,BHARATFORG,2026-09-09 11:20:00+05:30,-1,-0.0837006190509439,0.7486308596693902,0.1067613763251771,0.6418694833442131,4,25,1987.0,1990.5,1987.0,1990.3,0.22430215114734958,1980.0,1978.4,25,39.999999999997726,52.58353775999999,49.480000000000004,-62.06353776000227,-12.583537760002265,time_stop,0.19696969696970656,0.3383838383838489,13,49500.0,0.35,0.5599999999999999,25,39.999999999997726,52.58353775999999,49.480000000000004,-62.06353776000227,-12.583537760002265
2026-09-09,GAIL,2026-09-09 11:20:00+05:30,-1,-0.0845335717478264,-0.0401813902761034,0.1062554274151885,-0.146436817691292,4,25,174.12,174.22,174.07,174.21,0.11644402896340225,174.43,174.8,286,-105.8200000000013,53.08835457068001,49.93989,-208.8482445706813,-158.9083545706813,time_stop,0.1031932580404793,0.32677865046149,13,49886.98,0.35,0.5599999999999999,286,-105.8200000000013,53.08835457068001,49.93989,-208.8482445706813,-158.9083545706813
2026-09-09,MEDANTA,2026-09-09 12:25:00+05:30,1,0.1048736524077304,0.1155754979944134,0.1063553308178665,0.0092201671765468,4,38,1471.5,1475.0,1470.8,1470.9,0.4064566883249336,1469.8,1481.2702727775995,34,389.98927443838556,53.36225809896042,50.16819463721919,286.45882170220597,336.62701633942515,target,0.9252959586338427,0.10885834807455863,4,49973.2,0.4877480259899203,0.7803968415838725,34,389.98927443838556,53.36225809896042,50.16819463721919,286.45882170220597,336.62701633942515
2026-09-10,HINDALCO,2026-09-10 11:20:00+05:30,-1,-0.0807818920407491,-0.0885565285840783,0.1062243993112269,-0.1947809278953053,4,25,1016.6,1016.6,1015.3,1016.3,0.15181119185842137,1016.2,1010.50928,49,278.84528000000273,52.74259512993632,49.65437736,176.4483075100664,226.1026848700664,target,0.6002755363117562,0.009840582562481437,8,49793.8,0.35,0.5599999999999999,49,278.84528000000273,52.74259512993632,49.65437736,176.4483075100664,226.1026848700664
2026-09-10,VEDL,2026-09-10 11:20:00+05:30,-1,-0.0945572056454627,-0.0184026499816098,0.1062693964298859,-0.1246720464114958,4,25,271.55,271.7,271.25,271.7,0.18271202481728618,271.5,270.0,184,276.0,52.916808216,49.818,173.26519178400002,223.083191784,time_stop,0.5524861878453025,0.0,13,49956.0,0.35,0.5599999999999999,184,276.0,52.916808216,49.818,173.26519178400002,223.083191784
2026-09-10,TATAINVEST,2026-09-10 11:25:00+05:30,-1,-0.0810438658131259,0.8655332302936642,0.1068363582071097,0.7586968720865546,4,26,646.2,647.65,645.2,647.0,0.554758224773682,639.45,643.7068817619785,78,-332.03677743431786,53.222950786467045,50.04311838871717,-435.30284660950207,-385.2597282207849,stop_loss,0.4769723981546736,1.0243177730862474,6,49877.100000000006,0.6657098697284184,1.0651357915654696,78,-332.03677743431786,53.222950786467045,50.04311838871717,-435.30284660950207,-385.2597282207849
2026-09-10,JSWSTEEL,2026-09-10 11:25:00+05:30,-1,-0.0811988027305544,0.1611047180667384,0.1063845335327963,0.0547201845339421,4,26,1304.2,1304.2,1303.5,1303.5,0.14247356019507917,1301.9,1296.9,38,190.0,52.4577806864,49.3772,88.16501931360001,137.54221931360001,time_stop,0.49158921576158976,0.0,13,49472.200000000004,0.35,0.5599999999999999,38,190.0,52.4577806864,49.3772,88.16501931360001,137.54221931360001
2026-09-10,LODHA,2026-09-10 11:55:00+05:30,1,0.0905810302854391,-0.7175194328179799,0.1058209787306739,-0.8233404115486539,4,32,1167.4,1172.2,1166.5,1170.7,0.3642509365581021,1163.0,1157.9165139293953,42,-213.50641496539947,51.77717065640271,48.7392467925173,-314.02283241431945,-265.28358562180216,stop_loss,0.10318142734309088,0.44711951848667164,9,48846.0,0.4371011238697225,0.6993617981915561,42,-213.50641496539947,51.77717065640271,48.7392467925173,-314.02283241431945,-265.28358562180216
2026-09-11,NIACL,2026-09-11 11:20:00+05:30,1,0.0647346581653875,-0.3707414829659257,0.1060434041883767,-0.4767848871543024,5,25,200.6,200.6,199.41,199.6,0.8119811050672774,198.78,198.15,251,-158.12999999999886,52.92628257858,49.814715,-260.87099757857885,-211.05628257857887,time_stop,0.21631954925043217,0.754603078780558,13,49893.78,0.8,1.2800000000000002,251,-158.12999999999886,52.92628257858,49.814715,-260.87099757857885,-211.05628257857887
2026-09-11,PHOENIXLTD,2026-09-11 11:20:00+05:30,1,0.041037414491175,0.3725385843533786,0.1065201484832357,0.2660184358701428,5,25,1881.4,1881.7,1877.2,1879.0,0.3858435337945724,1888.5,1895.5,26,182.0,52.301867904,49.192,80.50613209599999,129.698132096,time_stop,0.4236166269526054,0.3124172623775512,13,49101.0,0.4630122405534869,0.7408195848855791,26,182.0,52.301867904,49.192,80.50613209599999,129.698132096
2026-09-11,SRF,2026-09-11 11:20:00+05:30,-1,-0.0400626417963588,-0.4363283775048501,0.1060013363606981,-0.5423297138655483,5,25,2473.9,2477.1,2471.5,2475.2,0.19190368455074075,2483.8,2492.4933000000005,20,-173.86600000000726,52.907767607596,49.762933000000004,-276.5367006076033,-226.77376760760325,stop_loss,0.028182623399641837,0.40663499476607523,5,49676.0,0.35,0.5599999999999999,20,-173.86600000000726,52.907767607596,49.762933000000004,-276.5367006076033,-226.77376760760325
2026-09-11,APARINDS,2026-09-11 11:20:00+05:30,-1,-0.0404981664983499,-1.390498261877184,0.1053893260718424,-1.4958875879490263,5,25,17206.0,17260.0,17191.0,17260.0,0.42004634994206264,17533.0,17499.0,2,68.0,37.22494998399999,35.032000000000004,-4.256949983999995,30.77505001600001,time_stop,0.43346831688815257,0.12547767067814242,13,35066.0,0.5040556199304751,0.8064889918887602,2,68.0,37.22494998399999,35.032000000000004,-4.256949983999995,30.77505001600001
2026-09-11,MPHASIS,2026-09-11 11:45:00+05:30,-1,-0.0408292111783781,0.2874188912598754,0.1064655522013674,0.1809533390585079,5,30,2298.6,2299.5,2296.0,2296.3,0.22582912884703257,2291.8,2289.2,21,54.60000000000764,51.115782606,48.100500000000004,-44.61628260599237,3.4842173940076364,time_stop,0.3796142769875277,0.07854088489396283,13,48127.8,0.35,0.5599999999999999,21,54.60000000000764,51.115782606,48.100500000000004,-44.61628260599237,3.4842173940076364
2026-09-15,KOTAKBANK,2026-09-15 11:20:00+05:30,1,0.0976722478305034,0.363856882959368,0.1065145799878714,0.2573423029714966,5,25,413.0,413.0,412.2,412.25,0.2590314476305984,413.8,413.85,120,6.000000000001364,52.77884110799999,49.659,-96.43784110799862,-46.77884110799862,time_stop,0.18124697921702015,0.10874818753020543,13,49656.0,0.35,0.5599999999999999,120,6.000000000001364,52.77884110799999,49.659,-96.43784110799862,-46.77884110799862
2026-09-15,SOLARINDS,2026-09-15 11:20:00+05:30,1,0.0954919933157079,-2.155065642804061,0.1048989279663116,-2.259964570770373,5,25,20255.0,20265.0,20185.0,20185.0,0.9908347783007183,19670.0,19590.0,2,-160.0,41.708399119999996,39.26,-240.96839912,-201.70839912,time_stop,1.245551601423478,0.6609049313675674,13,39340.0,0.8,1.2800000000000002,2,-160.0,41.708399119999996,39.26,-240.96839912,-201.70839912
2026-09-15,TATAINVEST,2026-09-15 11:20:00+05:30,1,0.0895246113134872,-0.1477728520160326,0.1061864176060797,-0.2539592696221124,5,25,710.05,711.6,707.55,710.55,0.8901555133347425,710.45,719.54376,70,636.5631999999982,53.2635304338592,50.0497816,533.2498879661391,583.2996695661391,target,1.8439017524104262,0.34485185445845,2,49731.5,0.8,1.2800000000000002,70,636.5631999999982,53.2635304338592,50.0497816,533.2498879661391,583.2996695661391
2026-09-15,COLPAL,2026-09-15 11:20:00+05:30,1,0.0872321036756449,0.1643205345894784,0.1063865961768089,0.0579339384126695,5,25,1827.6,1827.6,1825.7,1825.7,0.2320049452656131,1828.2,1838.43792,27,276.42384000000084,52.639188166319045,49.49961192000001,174.28503991368177,223.78465183368178,target,0.7001422163877002,0.06016847172082285,4,49361.4,0.35,0.5599999999999999,27,276.42384000000084,52.639188166319045,49.49961192000001,174.28503991368177,223.78465183368178
2026-09-15,INFY,2026-09-15 11:30:00+05:30,1,0.097670551994301,-0.4796605479199201,0.1059735428466008,-0.585634090766521,5,27,1084.7,1086.9,1084.1,1084.1,0.2668441234994166,1079.1,1075.32315,46,-173.7350999999985,52.64506500764941,49.551732449999996,-275.9318974576479,-226.38016500764792,stop_loss,0.08340283569641116,0.37994625150588046,7,49638.6,0.35,0.5599999999999999,46,-173.7350999999985,52.64506500764941,49.551732449999996,-275.9318974576479,-226.38016500764792
2026-09-16,PATANJALI,2026-09-16 11:20:00+05:30,1,0.0543909354546569,-1.0635320458998052,0.1055990441645675,-1.1691310900643728,5,25,357.2,357.65,356.4,357.3,0.7806565111350996,354.0,358.53119999999996,141,638.8991999999937,53.458991948275184,50.23344959999999,535.2067584517185,585.4402080517185,target,1.5254237288135464,0.2683615819209062,13,49914.0,0.8,1.2800000000000002,141,638.8991999999937,53.458991948275184,50.23344959999999,535.2067584517185,585.4402080517185
2026-09-16,TATAINVEST,2026-09-16 11:20:00+05:30,1,0.0492560605757497,-0.3622925874936555,0.106048823360626,-0.4683414108542816,5,25,688.8,690.85,687.75,690.05,0.8798534267703205,686.65,685.0,72,-118.79999999999836,52.467950872799996,49.3794,-220.64735087279837,-171.26795087279837,time_stop,1.2597393140610258,0.3495230466758814,13,49438.799999999996,0.8,1.2800000000000002,72,-118.79999999999836,52.467950872799996,49.3794,-220.64735087279837,-171.26795087279837
2026-09-16,GODREJPROP,2026-09-16 11:20:00+05:30,1,0.0454740530098845,-0.2312481470501097,0.1061328760509931,-0.3373810231011029,5,25,1681.4,1691.1,1673.5,1686.5,0.44004912964296244,1683.0,1674.1127677777308,29,-257.7297344458061,51.70735588594806,48.6781351327771,-358.11522546453125,-309.4370903317542,stop_loss,0.34462269756387887,0.5288175876411172,13,48807.0,0.5280589555715549,0.8448943289144879,29,-257.7297344458061,51.70735588594806,48.6781351327771,-358.11522546453125,-309.4370903317542
2026-09-16,MFSL,2026-09-16 11:20:00+05:30,-1,-0.0404211451437216,-0.5924905270409795,0.1059011730210127,-0.6983917000619922,5,25,1451.3,1452.3,1449.0,1451.5,0.2977215688204332,1460.9,1466.1192972786773,34,-177.45610747502587,52.904331139271136,49.75932805373752,-280.1197666680345,-230.360438614297,stop_loss,0.061605859401747676,0.5544527346156514,2,49670.600000000006,0.35726588258451986,0.5716254121352318,34,-177.45610747502587,52.904331139271136,49.75932805373752,-280.1197666680345,-230.360438614297
2026-09-16,DLF,2026-09-16 11:30:00+05:30,1,0.0633436469351284,0.0481270554263204,0.1063120689821127,-0.0581850135557923,5,27,621.85,623.7,621.85,623.35,0.2870435091498694,623.25,626.7402000000001,80,279.2160000000058,53.170897137696,49.99960800000001,176.0454948623098,226.04510286230982,target,0.7380665864420433,0.040112314480544864,7,49860.0,0.35,0.5599999999999999,80,279.2160000000058,53.170897137696,49.99960800000001,176.0454948623098,226.04510286230982
2026-09-17,FLUOROCHEM,2026-09-17 11:20:00+05:30,1,0.0516329204417114,1.2075892857142918,0.1070557550133928,1.100533530700899,5,25,4495.0,4500.0,4480.0,4480.0,0.49840561224489993,4532.9,4505.789326403061,11,-298.21740956632675,52.8025472269997,49.71279129521683,-400.7327480885433,-351.01995679332646,stop_loss,0.22722760263849118,0.8890555714884396,13,49861.899999999994,0.5980867346938799,0.9569387755102078,11,-298.21740956632675,52.8025472269997,49.71279129521683,-400.7327480885433,-351.01995679332646
2026-09-17,LICHSGFIN,2026-09-17 11:20:00+05:30,1,0.046902721428867,1.4839241549876334,0.1072329978565539,1.3766911571310794,5,25,547.05,547.25,545.6,545.85,0.31144087203444254,553.9,551.8299148117615,90,-186.307666941467,52.86274215657774,49.75784616652927,-288.928255264574,-239.17040909804473,stop_loss,0.0,0.4152374074742671,1,49851.0,0.37372904644133104,0.5979664743061297,90,-186.307666941467,52.86274215657774,49.75784616652927,-288.928255264574,-239.17040909804473
2026-09-17,ABCAPITAL,2026-09-17 11:20:00+05:30,1,0.0407957916610873,1.2625276584667515,0.1070909928153065,1.1554366656514452,5,25,384.55,385.15,384.1,384.15,0.31237797735259476,388.0,390.3270909800859,128,297.8676454509987,52.97454926299814,49.8129338227255,195.08016236527504,244.89309618800053,target,0.6829896907216471,0.23195876288659711,8,49664.0,0.3748535728231137,0.599765716516982,128,297.8676454509987,52.97454926299814,49.8129338227255,195.08016236527504,244.89309618800053
2026-09-17,BRITANNIA,2026-09-17 11:20:00+05:30,-1,-0.0410076087504071,0.0597431046499963,0.1063195195857811,-0.0465764149357847,5,25,5019.5,5024.0,5019.0,5021.5,0.16571599266013284,5018.0,4989.8992,9,252.90720000000147,47.8364993484768,45.0355464,160.03515425152466,205.07070065152467,target,0.6576325229174951,0.11956954962135669,13,45162.0,0.35,0.5599999999999999,9,252.90720000000147,47.8364993484768,45.0355464,160.03515425152466,205.07070065152467
2026-09-17,KALYANKJIL,2026-09-17 11:25:00+05:30,1,0.0476793595725718,0.5176071277047072,0.1066131963173525,0.4109939313873546,5,26,589.8,589.9,589.15,589.25,0.2951694042063186,591.4,589.3052417722286,84,-175.95969113279943,52.685087809549266,49.589620154433604,-278.2343990967823,-228.6447789423487,stop_loss,0.1099086912411229,0.4311802502536266,8,49677.6,0.3542032850475823,0.5667252560761317,84,-175.95969113279943,52.685087809549266,49.589620154433604,-278.2343990967823,-228.6447789423487
2026-09-18,ABBOTINDIA,2026-09-18 11:20:00+05:30,1,0.0404563978375049,0.0376647834275019,0.106305358418079,-0.0686405749905771,5,25,26590.0,26590.0,26545.0,26550.0,0.2111918213613129,26560.0,26708.736,1,148.7360000000008,28.323686882816,26.634368000000002,93.7779451171848,120.4123131171848,target,0.9036144578313143,0.11295180722891152,11,26560.0,0.35,0.5599999999999999,1,148.7360000000008,28.323686882816,26.634368000000002,93.7779451171848,120.4123131171848
2026-09-18,TATAINVEST,2026-09-18 11:20:00+05:30,-1,-0.0411073822371826,0.1585471317382456,0.1063828930815796,0.0521642386566659,5,25,693.7,694.0,693.3,693.8,0.2501750195610105,693.1,695.5258500000001,72,-174.66120000000592,53.1497485400472,49.99053060000001,-277.8014791400531,-227.81094854005312,stop_loss,0.06492569614774402,0.36069831193190627,4,49903.200000000004,0.35,0.5599999999999999,72,-174.66120000000592,53.1497485400472,49.99053060000001,-277.8014791400531,-227.81094854005312
2026-09-18,NATIONALUM,2026-09-18 11:20:00+05:30,-1,-0.0411958400617764,0.3629764065335621,0.106514015245009,0.2564623912885531,5,25,358.05,358.2,357.45,358.15,0.20442352565764316,357.1,358.34985000000006,140,-174.97900000000527,53.246455708473995,50.0814895,-278.3069452084793,-228.22545570847927,stop_loss,0.028003360403250355,0.3640436852422102,11,49994.0,0.35,0.5599999999999999,140,-174.97900000000527,53.246455708473995,50.0814895,-278.3069452084793,-228.22545570847927
2026-09-18,INDHOTEL,2026-09-18 11:20:00+05:30,-1,-0.0414031536538195,0.0338960070503731,0.1063029411022981,-0.072406934051925,5,25,737.0,737.6,737.0,737.55,0.1447843729722907,737.25,735.0,67,150.75,52.4017038945,49.320375,49.0279211055,98.3482961055,time_stop,0.4136995591725978,0.1763309596473306,13,49395.75,0.35,0.5599999999999999,67,150.75,52.4017038945,49.320375,49.0279211055,98.3482961055
2026-09-18,SUPREMEIND,2026-09-18 11:40:00+05:30,1,0.0411632388649329,0.1041124414367544,0.1063479783446121,-0.0022355369078576,5,29,3459.4,3461.4,3455.4,3457.8,0.4317361162754196,3461.3,3476.5,14,212.79999999999745,51.63844765519999,48.564600000000006,112.59695234479744,161.16155234479746,time_stop,0.5315921763499265,0.06933810995868317,13,48458.200000000004,0.5180833395305035,0.8289333432488055,14,212.79999999999745,51.63844765519999,48.564600000000006,112.59695234479744,161.16155234479746
