day,symbol,bar,dir_pred,prob,raw,signed,fee,net,fold
2026-08-28,APARINDS,3,0.06150920420351574,0.7176159956181803,0.82064867,0.82064867,0.1062812,0.7143674701965332,4
2026-08-28,EXIDEIND,29,0.05957958020043649,0.7054538887941926,0.12341738,0.12341738,0.1062812,0.017136177471923822,4
2026-08-28,SAIL,66,0.06796003711243301,0.7078502937945971,-0.61273575,-0.61273575,0.1062812,-0.7190169482910156,4
2026-08-28,TVSMOTOR,29,0.05760240649584971,0.7771968361149679,0.50011873,0.50011873,0.1062812,0.39383753245239256,4
2026-08-31,360ONE,15,0.07551784144674349,0.7669660265837724,0.09479523,0.09479523,0.1062812,-0.011485972949218756,4
2026-08-31,360ONE,16,0.09144049187494456,0.7082328706320493,-0.81356764,-0.81356764,0.1062812,-0.9198488383972168,4
2026-08-31,360ONE,17,0.09473155867004739,0.7310074618555933,-0.6520808,-0.6520808,0.10628119999999998,-0.7583619743072509,4
2026-08-31,360ONE,23,0.07354731567820853,0.7165335155246669,0.75980425,0.75980425,0.1062812,0.6535230488098145,4
2026-08-31,ABB,5,0.13412894529614425,0.7245748993897393,-0.6585181,-0.6585181,0.1062812,-0.7647992759429931,4
2026-08-31,ADANIENSOL,3,0.06955007074116787,0.7512189548360123,-0.27588606,-0.27588606,0.1062812,-0.38216725880737307,4
2026-08-31,ADANIENSOL,4,0.08035851008930814,0.7302647446670351,-0.30222535,-0.30222535,0.10628120000000002,-0.4085065513336182,4
2026-08-31,ADANIENSOL,47,-0.06636452014143479,0.7144135119425369,0.5934119,-0.5934119,0.10628119999999998,-0.699693122454834,4
2026-08-31,ADANIENT,3,0.06315885484021104,0.7201057148711364,-0.8458972,-0.8458972,0.10628119999999998,-0.9521783977233886,4
2026-08-31,ADANIENT,47,-0.06938134892393556,0.7586545967271303,0.6066203,-0.6066203,0.1062812,-0.7129015117370605,4
2026-08-31,APLAPOLLO,5,0.1424672198544987,0.7189157663623484,0.82798004,0.82798004,0.10628119999999998,0.7216988415039063,4
2026-08-31,APLAPOLLO,6,0.0643241404010138,0.739778308679809,1.6477227,1.6477227,0.1062812,1.5414415210998536,4
2026-08-31,APLAPOLLO,13,0.05465045515396993,0.7321375509661986,-0.39657354,-0.39657354,0.1062812,-0.502854743548584,4
2026-08-31,ASTRAL,8,0.07750368723365066,0.7139527647690409,-0.25122762,-0.25122762,0.1062812,-0.35750881726379397,4
2026-08-31,AWL,7,0.05623356517473497,0.7095336323198376,-1.048404,-1.048404,0.1062812,-1.1546851783477783,4
2026-08-31,AWL,8,0.0872237961516029,0.7083405403591571,-1.084137,-1.084137,0.1062812,-1.190418162890625,4
2026-08-31,BALKRISIND,5,0.11073532430808292,0.7165220461371355,-0.2730012,-0.2730012,0.1062812,-0.37928239400024416,4
2026-08-31,BDL,4,0.07302964203333047,0.7099412120515599,-0.42356253,-0.42356253,0.10628119999999998,-0.5298437267028808,4
2026-08-31,BDL,5,0.1480898328275235,0.7099966880748856,-0.1257658,-0.1257658,0.1062812,-0.23204700047607424,4
2026-08-31,BSE,3,0.07351400584554163,0.714532281497595,0.25726557,0.25726557,0.1062812,0.150984367779541,4
2026-08-31,COFORGE,4,0.09937396441743351,0.7703948258111195,-0.08084774,-0.08084774,0.10628119999999998,-0.1871289401733398,4
2026-08-31,COFORGE,5,0.15541050031680953,0.7143901581520568,0.015163422,0.015163422,0.10628120000000002,-0.09111777836914065,4
2026-08-31,COFORGE,6,0.11890366386183111,0.7120255727358126,0.5116463,0.5116463,0.1062812,0.4053650707519531,4
2026-08-31,COFORGE,7,0.08342634713641092,0.7018103528995304,0.6844163,0.6844163,0.10628120000000002,0.5781350940979004,4
2026-08-31,CRISIL,6,0.1022096898971054,0.7316189405559117,1.5932918,1.5932918,0.1062812,1.4870105594909668,4
2026-08-31,CRISIL,7,0.08099496933305887,0.7329917582276595,2.068913,2.068913,0.10628120000000002,1.9626317829406739,4
2026-08-31,CRISIL,8,0.10415270806543389,0.7100696432342382,1.7800927,1.7800927,0.1062812,1.673811516217041,4
2026-08-31,CRISIL,9,0.06706169710463608,0.7158870494285027,0.9269595,0.9269595,0.1062812,0.82067831461792,4
2026-08-31,CRISIL,11,0.06270037393735557,0.7121011575884209,0.90544224,0.90544224,0.10628119999999998,0.7991610378540039,4
2026-08-31,CRISIL,15,0.07197621902039565,0.7045459337094584,-0.41704178,-0.41704178,0.1062812,-0.5233229785644531,4
2026-08-31,DALBHARAT,5,0.16519832082115712,0.7174709728627144,0.5882025,0.5882025,0.1062812,0.4819212765014648,4
2026-08-31,DALBHARAT,6,0.08904972031477924,0.7096480533635291,-0.25913715,-0.25913715,0.10628120000000002,-0.3654183536254883,4
2026-08-31,ETERNAL,4,0.07333403387740342,0.767719418774312,0.19990206,0.19990206,0.1062812,0.09362085764770507,4
2026-08-31,ETERNAL,5,0.14680760926138411,0.7090981630867106,0.23072958,0.23072958,0.10628119999999998,0.12444837992553713,4
2026-08-31,ETERNAL,6,0.09588221889711396,0.7164799100168581,0.35357475,0.35357475,0.10628119999999998,0.24729355280761722,4
2026-08-31,ETERNAL,7,0.08858113405308354,0.7185663209485423,0.7409692,0.7409692,0.1062812,0.634687981060791,4
2026-08-31,FLUOROCHEM,12,0.06769201938377577,0.7123989722045603,-0.18812418,-0.18812418,0.1062812,-0.2944053798400879,4
2026-08-31,FLUOROCHEM,23,0.05768305815991655,0.7051599794089505,0.08536577,0.08536577,0.1062812,-0.020915427752685553,4
2026-08-31,FORTIS,3,0.062079508960605906,0.7018463286880348,-0.38393736,-0.38393736,0.1062812,-0.4902185588562012,4
2026-08-31,GLENMARK,6,0.11393226862325667,0.7054889057227557,0.07278919,0.07278919,0.1062812,-0.033492007800292975,4
2026-08-31,GODFRYPHLP,5,0.162587811977241,0.7049204727479906,0.11891127,0.11891127,0.10628119999999998,0.012630066326904318,4
2026-08-31,GODREJIND,3,0.062300010023914484,0.7198954936411271,0.14022589,0.14022589,0.10628119999999998,0.033944687298584006,4
2026-08-31,GODREJIND,4,0.07956613698113493,0.7208122593876057,0.15791655,0.15791655,0.10628119999999998,0.05163534586791994,4
2026-08-31,GODREJIND,7,0.08027768886770036,0.7038041501283628,0.026249886,0.026249886,0.1062812,-0.08003131444091797,4
2026-08-31,GODREJPROP,5,0.1424672198544987,0.7011609650408381,-0.10083914,-0.10083914,0.1062812,-0.20712033803100588,4
2026-08-31,GODREJPROP,6,0.05975736850622807,0.7033578615883134,-0.05043745,-0.05043745,0.1062812,-0.15671865040893557,4
2026-08-31,HINDALCO,3,0.05591210147487085,0.7188197422772077,-0.039625168,-0.039625168,0.10628120000000002,-0.1459063678466797,4
2026-08-31,IDEA,5,0.14814546988857188,0.7038054742136565,-0.06780028,-0.06780028,0.10628119999999998,-0.1740814834320068,4
2026-08-31,IDEA,6,0.09577965759815157,0.7354400062665065,-0.2706349,-0.2706349,0.1062812,-0.37691608960266115,4
2026-08-31,IDEA,8,0.08876572384997153,0.7080547350875696,-0.33783913,-0.33783913,0.10628119999999998,-0.444120326586914,4
2026-08-31,INFY,3,0.07356853757215362,0.7373906806459463,0.35014153,0.35014153,0.1062812,0.24386032526855467,4
2026-08-31,INFY,4,0.06562562537316924,0.709825033792882,0.49415827,0.49415827,0.10628119999999998,0.38787706797485355,4
2026-08-31,KALYANKJIL,11,0.07070114053099623,0.7082743364107251,-0.40752888,-0.40752888,0.1062812,-0.5138100772583007,4
2026-08-31,KEI,12,0.0906054243019658,0.7048169999950359,0.20016432,0.20016432,0.1062812,0.09388311808471679,4
2026-08-31,KPITTECH,3,0.06449267538529486,0.747791343891048,0.23729801,0.23729801,0.10628119999999998,0.1310168117797852,4
2026-08-31,KPITTECH,4,0.07898837130781815,0.751496934164218,-0.16891956,-0.16891956,0.1062812,-0.27520076329345705,4
2026-08-31,KPITTECH,5,0.16355255367483895,0.7386751203942685,0.050807,0.050807,0.1062812,-0.05547420079345704,4
2026-08-31,KPITTECH,6,0.11229991088725742,0.7423272351671619,0.11860132,0.11860132,0.10628119999999998,0.012320122174072287,4
2026-08-31,KPITTECH,7,0.09123575294844256,0.7027565088311504,0.36414862,0.36414862,0.1062812,0.25786741679077146,4
2026-08-31,KPITTECH,9,0.08616311242227984,0.7002154215259436,-0.19453764,-0.19453764,0.10628119999999998,-0.3008188396179199,4
2026-08-31,LAURUSLABS,5,0.1692421024832129,0.7512743665357803,0.6547332,0.6547332,0.10628119999999998,0.5484519809997559,4
2026-08-31,LAURUSLABS,6,0.107678772251228,0.7522289613901703,0.4263401,0.4263401,0.10628119999999998,0.3200589031494141,4
2026-08-31,LICHSGFIN,5,0.11935031861515263,0.7105291759161007,-0.37115812,-0.37115812,0.1062812,-0.47743932301635744,4
2026-08-31,LLOYDSME,4,0.08351544626924734,0.7053492747509791,0.15232563,0.15232563,0.10628119999999998,0.0460444301879883,4
2026-08-31,LODHA,3,0.07188858451407597,0.7487655860058209,-0.32496452,-0.32496452,0.10628119999999998,-0.43124572331542965,4
2026-08-31,LODHA,4,0.062445021945622334,0.7248122109943719,-0.1301825,-0.1301825,0.1062812,-0.23646370465393068,4
2026-08-31,LODHA,5,0.130023740054779,0.7479333822108656,0.253129,0.253129,0.1062812,0.1468478054321289,4
2026-08-31,LODHA,9,0.09757048347192239,0.7109526863749813,0.48214197,0.48214197,0.10628119999999998,0.3758607715881348,4
2026-08-31,LTTS,4,0.08551607898905772,0.7073477322919993,1.002574,1.002574,0.1062812,0.8962927669799805,4
2026-08-31,LTTS,8,0.07873452704474491,0.7074933807762216,0.39932728,0.39932728,0.1062812,0.293046078137207,4
2026-08-31,MAZDOCK,5,0.13170772410716158,0.7173862877556358,0.080263615,0.080263615,0.1062812,-0.02601758534545899,4
2026-08-31,MCX,8,0.08003544551479602,0.7007948574796883,-0.705421,-0.705421,0.1062812,-0.811702170916748,4
2026-08-31,MPHASIS,4,0.07950770034901648,0.715150549173096,0.50154924,0.50154924,0.10628119999999998,0.395268043927002,4
2026-08-31,NATIONALUM,5,0.10247993055910001,0.7684189432059183,-0.09139776,-0.09139776,0.1062812,-0.197678962298584,4
2026-08-31,NIACL,5,0.16904731568529371,0.7769838497878176,-0.3663957,-0.3663957,0.1062812,-0.47267691189880373,4
2026-08-31,NIACL,6,0.09659260092311822,0.7431058894049448,0.3476143,0.3476143,0.1062812,0.2413330883300781,4
2026-08-31,NIACL,7,0.07122194973080517,0.7198463764829307,1.210916,1.210916,0.10628119999999998,1.104634842327881,4
2026-08-31,NIACL,8,0.12730083178776427,0.748204125963519,1.0479689,1.0479689,0.1062812,0.941687664440918,4
2026-08-31,NIACL,9,0.10757545350450094,0.7657580680616775,0.81688166,0.81688166,0.10628119999999998,0.7106004566467286,4
2026-08-31,NIACL,10,0.06412481315604422,0.7504448630918162,0.38107634,0.38107634,0.1062812,0.2747951359069824,4
2026-08-31,NIACL,11,0.08653824904642338,0.7124942920992159,0.7581234,0.7581234,0.1062812,0.6518421978271485,4
2026-08-31,NIACL,12,0.07699339994789921,0.7413017968819174,1.2870908,1.2870908,0.1062812,1.1808095783508301,4
2026-08-31,NIACL,13,0.06557727195710002,0.7249294356136938,1.4365673,1.4365673,0.1062812,1.3302861065185547,4
2026-08-31,NIACL,14,0.07072785675689185,0.7729918485681199,0.8076668,0.8076668,0.1062812,0.7013855785644532,4
2026-08-31,NIACL,15,0.11824777532746507,0.7620544521017468,0.055336952,0.055336952,0.1062812,-0.05094424779052735,4
2026-08-31,NIACL,16,0.10501023171346714,0.7395073017603734,-0.12581944,-0.12581944,0.10628119999999998,-0.23210064465637203,4
2026-08-31,NIACL,17,0.08944021598832487,0.7106908574252709,0.8151531,0.8151531,0.1062812,0.7088719219482422,4
2026-08-31,NIACL,20,0.08749307821612846,0.7203196587786864,-0.4216075,-0.4216075,0.10628120000000002,-0.527888694354248,4
2026-08-31,NIACL,21,0.07963394798037017,0.7358686037000572,-0.8713007,-0.8713007,0.1062812,-0.9775818973266601,4
2026-08-31,OIL,4,0.06209331920502877,0.7340417925054802,-0.4897952,-0.4897952,0.1062812,-0.5960764079772949,4
2026-08-31,OIL,5,0.14139962689279237,0.7120577984875593,-0.49933195,-0.49933195,0.1062812,-0.6056131511413574,4
2026-08-31,OIL,6,0.0922024268525103,0.7321017886368149,-0.75341463,-0.75341463,0.1062812,-0.8596958308898925,4
2026-08-31,OIL,9,0.0868698860581785,0.7039877713235009,-0.1126647,-0.1126647,0.1062812,-0.21894589955444338,4
2026-08-31,PERSISTENT,3,0.07177717730248996,0.7644204613816937,-0.19450188,-0.19450188,0.1062812,-0.3007830768310547,4
2026-08-31,PERSISTENT,4,0.06340113026711962,0.7881806835573771,-0.04428625,-0.04428625,0.1062812,-0.15056745106811525,4
2026-08-31,PERSISTENT,5,0.12082466252073508,0.7731802791575854,-0.017726421,-0.017726421,0.10628119999999998,-0.12400762135620115,4
2026-08-31,PERSISTENT,6,0.06057855007693304,0.7580570964117099,0.23963451,0.23963451,0.10628119999999998,0.1333533138549805,4
2026-08-31,PERSISTENT,8,0.12133453887321687,0.7455347145687968,-0.4689455,-0.4689455,0.10628119999999998,-0.5752267032348632,4
2026-08-31,PERSISTENT,9,0.09964770830240749,0.7103027438280044,-0.45168996,-0.45168996,0.1062812,-0.5579711585723877,4
2026-08-31,PERSISTENT,11,0.1040667008458858,0.7094998770392339,-0.20391941,-0.20391941,0.10628119999999998,-0.31020061070556637,4
2026-08-31,PERSISTENT,12,0.09859515656817908,0.7063794695865862,-0.23049712,-0.23049712,0.10628119999999998,-0.33677832181091305,4
2026-08-31,PERSISTENT,13,0.07331423456180095,0.704809276599777,-0.2567947,-0.2567947,0.1062812,-0.36307589108581545,4
2026-08-31,SBICARD,5,0.11371879542511729,0.7237558237167266,-0.31814575,-0.31814575,0.1062812,-0.424426951953125,4
2026-08-31,SOLARINDS,4,0.08917605284464097,0.7131400880339597,0.6448746,0.6448746,0.1062812,0.5385933727539063,4
2026-08-31,SOLARINDS,7,0.0585150442644257,0.7170723873506994,0.08946657,0.08946657,0.1062812,-0.016814628192138678,4
2026-08-31,SOLARINDS,8,0.08663273200230642,0.701190669764125,-0.15859604,-0.15859604,0.1062812,-0.2648772388183594,4
2026-08-31,TATACOMM,5,0.12429258277735374,0.7406250852529505,-0.47079325,-0.47079325,0.10628119999999998,-0.5770744472229004,4
2026-08-31,TATAELXSI,3,0.07008302620058875,0.7265134750439722,0.29779673,0.29779673,0.10628119999999998,0.19151552622680668,4
2026-08-31,TATAELXSI,4,0.07955149352474764,0.7200696756198433,0.3258705,0.3258705,0.1062812,0.2195893139160156,4
2026-08-31,TATAELXSI,5,0.16611225276678082,0.7021322969304031,0.39343834,0.39343834,0.1062812,0.2871571392333984,4
2026-08-31,VEDL,5,0.08311757735942789,0.7263890302381725,-0.46586394,-0.46586394,0.1062812,-0.5721451430999756,4
2026-09-01,ADANIENSOL,3,0.07656117188344629,0.744593161257522,-1.0672092,-1.0672092,0.1062812,-1.173490443774414,4
2026-09-01,ADANIENSOL,4,0.1256270615501419,0.7424051135973224,-0.6024957,-0.6024957,0.10628119999999998,-0.7087768703186035,4
2026-09-01,ADANIENSOL,5,0.1425156637685279,0.7496362050132338,-0.6911278,-0.6911278,0.10628120000000002,-0.7974089770996093,4
2026-09-01,ADANIENSOL,6,0.06466844428361089,0.8155086149553761,0.07169247,0.07169247,0.1062812,-0.03458873326416016,4
2026-09-01,ADANIENSOL,7,0.12262397966005228,0.7944215930126344,-0.10012388,-0.10012388,0.1062812,-0.2064050822937012,4
2026-09-01,ADANIENSOL,8,0.10479589737677825,0.7507044996215211,-0.3362894,-0.3362894,0.1062812,-0.4425706058227539,4
2026-09-01,ADANIENSOL,9,0.10936252804706895,0.7531275098098997,-0.19299388,-0.19299388,0.1062812,-0.2992750793182373,4
2026-09-01,ADANIENSOL,10,0.09702237665901617,0.7381526030028317,0.43584108,0.43584108,0.1062812,0.3295598835266113,4
2026-09-01,ADANIENSOL,11,0.10272250631164474,0.7381096610300262,0.15691519,0.15691519,0.1062812,0.05063398783569335,4
2026-09-01,ADANIENSOL,12,0.0515671553297698,0.7660148802890234,0.91124773,0.91124773,0.1062812,0.804966530255127,4
2026-09-01,ADANIENSOL,22,-0.0730843257179468,0.7109867010426789,0.014328957,-0.014328957,0.1062812,-0.12061015660400391,4
2026-09-01,ADANIENSOL,55,-0.1448898910833966,0.7005309885541698,-0.23133755,0.23133755,0.1062812,0.12505634730224607,4
2026-09-01,ADANIENSOL,57,-0.10916589179088038,0.7295760302234027,0.101709366,-0.101709366,0.1062812,-0.20799056584472658,4
2026-09-01,ADANIENT,3,0.05169292643610799,0.7412971466693884,-0.7050395,-0.7050395,0.1062812,-0.8113207011901855,4
2026-09-01,ADANIGREEN,3,0.06114275293050164,0.7747551079271526,-0.15828013,-0.15828013,0.10628119999999998,-0.26456133420104977,4
2026-09-01,ADANIGREEN,4,0.09663203761092275,0.733685203345116,0.4777074,0.4777074,0.1062812,0.3714261860168457,4
2026-09-01,ADANIGREEN,5,0.0932487768400257,0.7418370346529883,0.18305779,0.18305779,0.1062812,0.07677658503417968,4
2026-09-01,ADANIGREEN,7,0.09602427090977901,0.7399431363916882,0.429821,0.429821,0.10628119999999998,0.3235398144042969,4
2026-09-01,ADANIGREEN,8,0.08133396939419743,0.7578325721680536,0.11111498,0.11111498,0.10628119999999998,0.004833778790283225,4
2026-09-01,ADANIGREEN,9,0.09779616826956578,0.7727157786988489,-0.07907152,-0.07907152,0.10628119999999998,-0.18535272175903317,4
2026-09-01,ADANIGREEN,10,0.08414718076654042,0.7443889202944299,0.37271976,0.37271976,0.10628119999999998,0.2664385647094727,4
2026-09-01,ADANIGREEN,11,0.08078551596097278,0.7249512543738869,0.3881693,0.3881693,0.1062812,0.2818880886352539,4
2026-09-01,ADANIGREEN,12,0.052274522661458635,0.7293072000923879,0.874269,0.874269,0.10628120000000002,0.7679878086364746,4
2026-09-01,ADANIPORTS,3,0.06406395359344619,0.7311640424199357,0.12130737,0.12130737,0.1062812,0.015026173046874994,4
2026-09-01,ADANIPORTS,4,0.08271710911650829,0.7192690514940283,0.1942873,0.1942873,0.1062812,0.08800610010986328,4
2026-09-01,ADANIPOWER,3,0.06406395359344619,0.7690769322046127,-0.749892,-0.749892,0.1062812,-0.856173196383667,4
2026-09-01,ADANIPOWER,4,0.08682519275774869,0.7264922815046837,-0.5116403,-0.5116403,0.1062812,-0.6179215102874756,4
2026-09-01,ADANIPOWER,6,0.05092614771881183,0.708321083685726,0.024795532,0.024795532,0.10628119999999998,-0.08148566777343748,4
2026-09-01,AJANTPHARM,3,0.07576665378173719,0.745728884126708,0.005710125,0.005710125,0.1062812,-0.10057107503051758,4
2026-09-01,AJANTPHARM,4,0.12337272159895366,0.7337172571424292,0.05992651,0.05992651,0.1062812,-0.04635469014282227,4
2026-09-01,AJANTPHARM,5,0.12891683869276407,0.7051487190347683,-0.0057041645,-0.0057041645,0.1062812,-0.11198536450500489,4
2026-09-01,AJANTPHARM,7,0.1216427408980243,0.7036036329409989,0.3340006,0.3340006,0.1062812,0.2277193874633789,4
2026-09-01,APARINDS,3,0.06401035641658126,0.7393519529621968,-0.37748814,-0.37748814,0.1062812,-0.4837693362915039,4
2026-09-01,APARINDS,4,0.09715849844983192,0.7589090432027281,-1.1449933,-1.1449933,0.1062812,-1.2512745052062988,4
2026-09-01,APARINDS,5,0.09593178016884593,0.7289105499516387,-0.75111985,-0.75111985,0.10628119999999998,-0.85740105206604,4
2026-09-01,APARINDS,7,0.1313807554580594,0.7112845362235966,0.18658638,0.18658638,0.1062812,0.0803051800048828,4
2026-09-01,ASHOKLEY,55,-0.12693985036748812,0.7468867392841826,-0.31264424,0.31264424,0.10628119999999998,0.20636304324035648,4
2026-09-01,ASHOKLEY,57,-0.13216613430643748,0.7303136568884978,0.43221712,-0.43221712,0.1062812,-0.5384983211242675,4
2026-09-01,ASTRAL,3,0.061202277730902095,0.7292097191484936,-1.0308564,-1.0308564,0.10628119999999998,-1.1371375709259033,4
2026-09-01,ASTRAL,4,0.10145345498348418,0.720956327652698,-0.76937675,-0.76937675,0.1062812,-0.8756579547607422,4
2026-09-01,ASTRAL,5,0.08894010784668693,0.7005731935754357,-0.41159987,-0.41159987,0.1062812,-0.5178810744964599,4
2026-09-01,ASTRAL,9,0.10822690843248833,0.7002283690782931,0.83800554,0.83800554,0.10628119999999998,0.731724342755127,4
2026-09-01,BAJAJ-AUTO,4,0.07773007674828997,0.7156388281422905,0.60733557,0.60733557,0.1062812,0.5010543674743653,4
2026-09-01,BALKRISIND,4,0.07084167885325823,0.7586944492256612,-0.3620088,-0.3620088,0.1062812,-0.468290010043335,4
2026-09-01,BALKRISIND,5,0.08051336780484211,0.7293781562159458,-0.2652526,-0.2652526,0.1062812,-0.3715337901794434,4
2026-09-01,BALKRISIND,7,0.09015322740005165,0.7130459144429887,-0.6005168,-0.6005168,0.1062812,-0.7067979961120605,4
2026-09-01,BOSCHLTD,58,0.0518857652520724,0.70155363766457,0.09405613,0.09405613,0.1062812,-0.0122250705444336,4
2026-09-01,CHOLAFIN,55,-0.3467845314747654,0.7033648981938055,-0.80879927,0.80879927,0.1062812,0.7025180668151856,4
2026-09-01,DALBHARAT,4,0.09348412650131833,0.7089670670197749,0.3963232,0.3963232,0.1062812,0.2900420040405273,4
2026-09-01,ENDURANCE,3,0.05641429376583951,0.7075467723578891,0.080025196,0.080025196,0.1062812,-0.026256003924560553,4
2026-09-01,ESCORTS,5,0.12722909720057807,0.7623450440101022,0.016570091,0.016570091,0.1062812,-0.08971110875244141,4
2026-09-01,ESCORTS,6,0.05852426768448065,0.7327547963500091,-0.14894605,-0.14894605,0.1062812,-0.25522724682922365,4
2026-09-01,ESCORTS,7,0.1314671349700914,0.735362871925945,-0.15570521,-0.15570521,0.10628119999999998,-0.2619864135467529,4
2026-09-01,FLUOROCHEM,4,0.0685956930521463,0.708202552896673,-0.098884106,-0.098884106,0.1062812,-0.20516530568237307,4
2026-09-01,GODREJIND,55,-0.1399994375176487,0.7776541020186385,-0.06046295,0.06046295,0.1062812,-0.045818248339843756,4
2026-09-01,GODREJIND,57,-0.12006586433626548,0.7510848695310929,-1.0742545,1.0742545,0.10628119999999998,0.9679733127868653,4
2026-09-01,GODREJIND,58,0.07032679688663271,0.7121420456356573,-1.541245,-1.541245,0.10628119999999998,-1.6475261836730957,4
2026-09-01,GODREJIND,65,0.13473927251579373,0.7302752143276999,0.9531379,0.9531379,0.1062812,0.8468566746032715,4
2026-09-01,HEROMOTOCO,11,0.06273838131055091,0.7073346547265023,-0.3017366,-0.3017366,0.10628119999999998,-0.4080177932464599,4
2026-09-01,ICICIPRULI,4,0.07543428533042373,0.7157967556874247,0.21986961,0.21986961,0.10628119999999998,0.11358841364746096,4
2026-09-01,IDEA,55,-0.31874808940623844,0.700001577328318,-0.42583942,0.42583942,0.1062812,0.31955822413330076,4
2026-09-01,JSL,4,0.07911041327262504,0.733720459058332,0.6273031,0.6273031,0.1062812,0.5210219234741211,4
2026-09-01,JSL,5,0.0702476602043761,0.7025253152842355,0.57863,0.57863,0.1062812,0.4723487705505371,4
2026-09-01,JSWENERGY,6,0.06440059107594742,0.716508980489007,0.5243659,0.5243659,0.1062812,0.41808470194702146,4
2026-09-01,JSWINFRA,10,0.11554840396673248,0.7076765163328901,0.86194277,0.86194277,0.1062812,0.7556615680969239,4
2026-09-01,KALYANKJIL,3,0.07165167155873597,0.7782623150661783,-2.31663,-2.31663,0.1062812,-2.4229110866271975,4
2026-09-01,KALYANKJIL,4,0.1424064525063564,0.7949674264434348,-0.8455038,-0.8455038,0.1062812,-0.9517850070678711,4
2026-09-01,KALYANKJIL,5,0.12377737017965364,0.7903882901322897,-0.25684834,-0.25684834,0.10628119999999998,-0.36312953526611325,4
2026-09-01,KALYANKJIL,6,0.06303834371772832,0.8097344932296429,-0.18006563,-0.18006563,0.1062812,-0.2863468318664551,4
2026-09-01,KALYANKJIL,7,0.13256683810534314,0.7810426284078342,-0.8267343,-0.8267343,0.1062812,-0.9330155044281006,4
2026-09-01,KALYANKJIL,8,0.11248114121099148,0.7810365513712437,-0.912112,-0.912112,0.1062812,-1.01839319760437,4
2026-09-01,KALYANKJIL,9,0.1171649134964824,0.7733467673643226,-0.63313246,-0.63313246,0.1062812,-0.7394136577331543,4
2026-09-01,KALYANKJIL,10,0.10845363050857589,0.7519375137157716,-0.81300735,-0.81300735,0.10628119999999998,-0.9192885547363281,4
2026-09-01,KALYANKJIL,11,0.11893306582446966,0.7853965533168923,-0.2584219,-0.2584219,0.10628119999999998,-0.36470309788818356,4
2026-09-01,KALYANKJIL,19,-0.07077933989098632,0.7059160954461041,-0.6369889,0.6369889,0.10628119999999998,0.5307076782501221,4
2026-09-01,KEI,4,0.05972716242598754,0.7197505146454672,-1.2576938,-1.2576938,0.10628119999999998,-1.3639749675476074,4
2026-09-01,KEI,7,0.1430660843512334,0.7281101196961316,-0.6122649,-0.6122649,0.1062812,-0.71854607159729,4
2026-09-01,KEI,8,0.11315586574222643,0.7213012017833075,-0.7144809,-0.7144809,0.1062812,-0.8207620769226074,4
2026-09-01,KEI,9,0.118597290542756,0.7411311357378537,-0.9257555,-0.9257555,0.1062812,-1.032036700793457,4
2026-09-01,KEI,55,-0.36663631011251413,0.7290666987763327,0.20502806,-0.20502806,0.1062812,-0.3113092570983887,4
2026-09-01,KPRMILL,3,0.0603564742547597,0.7649122086443582,-0.6642759,-0.6642759,0.1062812,-0.7705570846282959,4
2026-09-01,KPRMILL,4,0.08999020845910695,0.7094745887160918,-0.65571666,-0.65571666,0.10628119999999998,-0.7619978576385498,4
2026-09-01,KPRMILL,12,0.07322314375056645,0.700660040294771,-0.008666515,-0.008666515,0.1062812,-0.1149477153503418,4
2026-09-01,LAURUSLABS,4,0.06288124836094411,0.7140330644439983,-0.85797906,-0.85797906,0.1062812,-0.9642602592193603,4
2026-09-01,LODHA,3,0.08426986860452176,0.7878689892974869,-0.84589124,-0.84589124,0.1062812,-0.9521724372589111,4
2026-09-01,LODHA,4,0.13512181396109416,0.7328976255861459,-1.013577,-1.013577,0.10628119999999998,-1.1198581844055175,4
2026-09-01,LODHA,5,0.13884484612099518,0.7525060611903397,-0.14312863,-0.14312863,0.1062812,-0.24940983349914553,4
2026-09-01,LODHA,6,0.059079993398415,0.7686222857116922,0.40533543,0.40533543,0.10628119999999998,0.29905422633056644,4
2026-09-01,LODHA,7,0.12841113683235975,0.7686406969505815,0.8456707,0.8456707,0.10628119999999998,0.7393895000732422,4
2026-09-01,LODHA,8,0.09746421297549221,0.7428253097827631,0.9974718,0.9974718,0.1062812,0.8911906093872071,4
2026-09-01,LODHA,9,0.10792240504505088,0.7000653582950022,1.4045119,1.4045119,0.10628119999999998,1.2982307285583496,4
2026-09-01,LTTS,3,0.05273175175814888,0.720667192092841,-0.38542747,-0.38542747,0.1062812,-0.49170867497558596,4
2026-09-01,LTTS,4,0.07266061524985978,0.7051091303868743,-0.1454711,-0.1454711,0.1062812,-0.2517522960388184,4
2026-09-01,MAHABANK,4,0.05836383748742016,0.7487647668133818,-0.6226003,-0.6226003,0.1062812,-0.7288815170013427,4
2026-09-01,MAHABANK,5,0.07160345521122112,0.7181052148226928,0.16875267,0.16875267,0.1062812,0.06247147028808593,4
2026-09-01,MARUTI,42,-0.08346050198776916,0.732280693588668,-0.38431883,0.38431883,0.1062812,0.27803762858276365,4
2026-09-01,MARUTI,54,-0.06846758503163589,0.7046891441789955,-0.7330239,0.7330239,0.1062812,0.6267426819122315,4
2026-09-01,MARUTI,55,-0.18751061793043775,0.7034264459429663,-0.4940927,0.4940927,0.1062812,0.38781150286560057,4
2026-09-01,MARUTI,57,-0.22434277444323109,0.7012266270203444,-0.1547873,0.1547873,0.1062812,0.04850610201721191,4
2026-09-01,MARUTI,58,0.05332640562820023,0.716710492549773,0.22517443,0.22517443,0.1062812,0.1188932270324707,4
2026-09-01,MEDANTA,4,0.050694372102895555,0.7446214474699598,-0.62779784,-0.62779784,0.1062812,-0.7340790420257568,4
2026-09-01,MPHASIS,3,0.0571390640063259,0.7490448821155744,0.27267933,0.27267933,0.1062812,0.166398128918457,4
2026-09-01,MUTHOOTFIN,3,0.07879600053973186,0.7085743782953031,-0.28358698,-0.28358698,0.1062812,-0.38986817891235354,4
2026-09-01,MUTHOOTFIN,4,0.1408008308345566,0.7285013336773686,0.28287172,0.28287172,0.10628119999999998,0.17659052317504886,4
2026-09-01,MUTHOOTFIN,5,0.14233218718137008,0.7155682819650552,0.32340288,0.32340288,0.1062812,0.21712168162231443,4
2026-09-01,MUTHOOTFIN,6,0.06266248407430088,0.7274330423260054,0.32320023,0.32320023,0.1062812,0.2169190258300781,4
2026-09-01,NAM-INDIA,55,-0.3146330003416892,0.7044293564916432,-0.23906231,0.23906231,0.10628119999999998,0.13278110926513675,4
2026-09-01,NAUKRI,4,0.08684652718660883,0.7032746558865286,0.7137537,0.7137537,0.1062812,0.6074725002563477,4
2026-09-01,NESTLEIND,3,0.06920010362106872,0.7709022616338237,-0.4386902,-0.4386902,0.10628120000000002,-0.544971385546875,4
2026-09-01,NESTLEIND,4,0.11176673880362759,0.7474728783377311,-0.589484,-0.589484,0.10628120000000002,-0.6957651763641357,4
2026-09-01,NESTLEIND,5,0.06724462539887023,0.7553447145556172,-0.055122375,-0.055122375,0.10628120000000002,-0.16140357548828127,4
2026-09-01,NESTLEIND,7,0.13571733755766982,0.7442277798417224,0.027561188,0.027561188,0.1062812,-0.07872001225585938,4
2026-09-01,NESTLEIND,8,0.1172681503855021,0.747922258045121,0.21369457,0.21369457,0.10628119999999998,0.10741337244873049,4
2026-09-01,NESTLEIND,9,0.1162473806868902,0.7085672307845484,-0.19946694,-0.19946694,0.10628119999999998,-0.3057481437408447,4
2026-09-01,NESTLEIND,10,0.10445813374257173,0.7037957715882963,0.027537346,0.027537346,0.1062812,-0.07874385411376954,4
2026-09-01,NESTLEIND,11,0.10329052098931583,0.7059040654705034,0.17924309,0.17924309,0.1062812,0.07296188776855468,4
2026-09-01,NESTLEIND,12,0.06510720492913573,0.7086912993150206,0.09651184,0.09651184,0.10628119999999998,-0.009769359179687478,4
2026-09-01,NIACL,3,0.05660063769623456,0.7161967646803961,-0.84469914,-0.84469914,0.1062812,-0.9509803443634033,4
2026-09-01,NLCINDIA,3,0.059309408200145616,0.7284823231279416,-0.4048586,-0.4048586,0.1062812,-0.5111397891723632,4
2026-09-01,NLCINDIA,4,0.09287832434907964,0.7258747177260498,-0.14754534,-0.14754534,0.1062812,-0.253826537677002,4
2026-09-01,NLCINDIA,5,0.10692403867239164,0.7099876598306332,0.2410531,0.2410531,0.1062812,0.13477190440063475,4
2026-09-01,NLCINDIA,7,0.14057837063971293,0.7265272622687572,1.060462,1.060462,0.1062812,0.9541807979858399,4
2026-09-01,NLCINDIA,8,0.09256825927145818,0.71154049266929,0.2583027,0.2583027,0.1062812,0.1520214885986328,4
2026-09-01,NYKAA,3,0.07006771107616644,0.7321715055877307,-0.31014085,-0.31014085,0.1062812,-0.41642204815979006,4
2026-09-01,PAYTM,3,0.07224215463787041,0.7441558299349847,0.6578207,0.6578207,0.1062812,0.5515395015991211,4
2026-09-01,PAYTM,4,0.111849892170172,0.736005294329908,0.3368616,0.3368616,0.10628119999999998,0.2305804104125977,4
2026-09-01,PAYTM,55,-0.3899148096163061,0.7165288195569048,-0.2762437,0.2762437,0.1062812,0.16996248667602537,4
2026-09-01,POWERINDIA,4,0.08330031881830788,0.7172106838246654,-0.1067698,-0.1067698,0.1062812,-0.21305100018615725,4
2026-09-01,PRESTIGE,3,0.063457666717111,0.7258827992976973,-0.89393854,-0.89393854,0.10628120000000002,-1.0002197414123535,4
2026-09-01,PRESTIGE,7,0.13901151750530483,0.7177829731025576,0.5279064,0.5279064,0.1062812,0.42162521784667967,4
2026-09-01,PRESTIGE,8,0.10186424389749237,0.7336913184184425,0.6393671,0.6393671,0.1062812,0.5330859035766602,4
2026-09-01,RADICO,5,0.05763838575293428,0.7053173932007327,0.66474676,0.66474676,0.1062812,0.5584655613220215,4
2026-09-01,RADICO,19,-0.07173769477584135,0.7040005430844386,-1.1450887,1.1450887,0.1062812,1.0388074726379395,4
2026-09-01,SAIL,4,0.0838130308416796,0.7081876658434411,-0.35756826,-0.35756826,0.1062812,-0.4638494640075684,4
2026-09-01,SAIL,67,0.06614047176231497,0.702269358085018,1.1530399,1.1530399,0.10628119999999998,1.0467587322509766,4
2026-09-01,SBICARD,4,0.11248662703391375,0.7077679311312489,-1.2086153,-1.2086153,0.1062812,-1.3148965030395507,4
2026-09-01,SBICARD,5,0.11888660669793559,0.7112492109714403,-0.34775734,-0.34775734,0.10628119999999998,-0.454038539477539,4
2026-09-01,SBICARD,6,0.06434334419778022,0.7460546489053798,0.10082722,0.10082722,0.10628119999999998,-0.005453982897949197,4
2026-09-01,SBICARD,7,0.13877478232832982,0.706130013090766,-0.054252148,-0.054252148,0.1062812,-0.16053334767456057,4
2026-09-01,SHRIRAMFIN,3,0.07224215463787041,0.7013638929715772,-0.5398929,-0.5398929,0.10628119999999998,-0.6461741119110107,4
2026-09-01,SHRIRAMFIN,5,0.08505770596434982,0.7210214060515614,0.29947758,0.29947758,0.1062812,0.19319637720947264,4
2026-09-01,SUPREMEIND,3,0.057160986907333615,0.7314587666021574,-0.6980479,-0.6980479,0.10628120000000002,-0.8043290763580322,4
2026-09-01,SUPREMEIND,4,0.08555221883009247,0.7066699768073568,-0.7920146,-0.7920146,0.1062812,-0.8982957988464355,4
2026-09-01,TITAN,4,0.11429356654886592,0.7125378803642285,0.009930134,0.009930134,0.10628119999999998,-0.0963510661804199,4
2026-09-01,TMCV,4,0.12288481205147717,0.7185966189937955,-0.053858757,-0.053858757,0.10628119999999998,-0.16013995701904293,4
2026-09-01,TMCV,6,0.05272522406609203,0.704028176414262,-0.32313466,-0.32313466,0.10628119999999998,-0.42941586072082516,4
2026-09-01,TVSMOTOR,55,-0.19620958886569934,0.7962402911817328,-1.5942454,1.5942454,0.1062812,1.487964233807373,4
2026-09-01,TVSMOTOR,57,-0.17767177584688187,0.7944609770694553,0.9154558,-0.9154558,0.1062812,-1.0217370181762695,4
2026-09-01,TVSMOTOR,58,0.051895012244400976,0.7898404483358088,0.734818,0.734818,0.1062812,0.6285367817199707,4
2026-09-01,TVSMOTOR,64,0.08246776606368222,0.764382252402714,-0.18287301,-0.18287301,0.1062812,-0.289154210635376,4
2026-09-01,TVSMOTOR,65,0.11798348525441797,0.7579645107596532,0.15010834,0.15010834,0.1062812,0.043827137402343744,4
2026-09-01,TVSMOTOR,66,0.10677086576795733,0.745105140894188,0.06904602,0.06904602,0.1062812,-0.037235179492187506,4
2026-09-01,TVSMOTOR,67,0.08340574196596054,0.7208861410832046,0.06904602,0.06904602,0.1062812,-0.037235179492187506,4
2026-09-01,WIPRO,3,0.05275393865713747,0.7555731984023979,-0.11031628,-0.11031628,0.1062812,-0.216597476550293,4
2026-09-02,ADANIENSOL,4,0.05823710488647468,0.7498782401088468,0.6899595,0.6899595,0.1062812,0.5836783260620118,4
2026-09-02,ADANIGREEN,4,0.05996339391899584,0.7437672234612962,2.2349,2.2349,0.10628119999999998,2.1286187977111815,4
2026-09-02,AJANTPHARM,3,0.06263961111103329,0.757552828950866,-0.20290613,-0.20290613,0.10628119999999998,-0.30918733174438473,4
2026-09-02,AJANTPHARM,4,0.0948387729546494,0.7121249275281532,-0.3096342,-0.3096342,0.1062812,-0.41591540867919924,4
2026-09-02,AJANTPHARM,5,0.06527343844650463,0.7100754207043296,-0.50078034,-0.50078034,0.10628119999999998,-0.6070615440093994,4
2026-09-02,APARINDS,6,0.05529094713212558,0.7031550731824769,0.0996232,0.0996232,0.1062812,-0.006657996722412116,4
2026-09-02,APARINDS,8,0.05581504349520072,0.7020351790183058,0.51077604,0.51077604,0.1062812,0.4044948429382324,4
2026-09-02,BALKRISIND,3,0.051165659102535045,0.7181079662447336,1.3268232,1.3268232,0.1062812,1.2205420345581055,4
2026-09-02,BOSCHLTD,3,0.05127461721059275,0.7171656928186276,-0.92248917,-0.92248917,0.1062812,-1.0287703662597656,4
2026-09-02,BOSCHLTD,4,0.09809779440031809,0.7503398450677858,-0.13898015,-0.13898015,0.1062812,-0.24526135022277834,4
2026-09-02,BOSCHLTD,5,0.06277436499524178,0.7121357033319988,-0.6277263,-0.6277263,0.10628119999999998,-0.7340075164520263,4
2026-09-02,BOSCHLTD,8,0.05253233029964434,0.7160710159941853,0.010693073,0.010693073,0.1062812,-0.09558812672729493,4
2026-09-02,COALINDIA,4,0.05197366942510977,0.752197620916047,0.21576881,0.21576881,0.10628119999999998,0.10948761408691408,4
2026-09-02,CRISIL,3,0.06181226258329727,0.7221926678015888,1.8278241,1.8278241,0.10628120000000002,1.7215429157531739,4
2026-09-02,DLF,4,0.05807527533784563,0.7438885291387041,0.12161732,0.12161732,0.10628119999999998,0.015336117199707053,4
2026-09-02,EICHERMOT,3,0.05834938297469625,0.7564662326061367,-0.2991855,-0.2991855,0.1062812,-0.40546671445007326,4
2026-09-02,EICHERMOT,4,0.08545544630975267,0.7457679041502702,-0.08481145,-0.08481145,0.1062812,-0.19109264905090334,4
2026-09-02,EICHERMOT,5,0.05051049154163651,0.759088196038335,0.39994717,0.39994717,0.10628120000000002,0.2936659664428711,4
2026-09-02,ENDURANCE,3,0.06250342237870617,0.7306243077614564,-0.22344589,-0.22344589,0.1062812,-0.3297270923339844,4
2026-09-02,ENDURANCE,4,0.09449945304393864,0.7727099435965642,-0.17371178,-0.17371178,0.1062812,-0.27999297673339846,4
2026-09-02,ENDURANCE,5,0.06011963261724541,0.7733967921886201,0.3227353,0.3227353,0.10628119999999998,0.2164541096008301,4
2026-09-02,ENDURANCE,6,0.050954999919179116,0.7451110698267553,0.43239594,0.43239594,0.1062812,0.32611473505859373,4
2026-09-02,ENDURANCE,7,0.05524633110595991,0.7258032841254636,0.18135309,0.18135309,0.1062812,0.07507189219360351,4
2026-09-02,ENDURANCE,9,0.05066741988181751,0.7116797602127117,0.11948347,0.11948347,0.1062812,0.01320227091674804,4
2026-09-02,EXIDEIND,4,0.05191089056445872,0.7247168705116913,-0.32179952,-0.32179952,0.1062812,-0.42808071667785647,4
2026-09-02,GODREJPROP,4,0.06054647095601362,0.7264783951263231,0.0677228,0.0677228,0.1062812,-0.03855840260620118,4
2026-09-02,HCLTECH,4,0.05242430953754726,0.7543553598071338,-0.082445145,-0.082445145,0.1062812,-0.18872634465332033,4
2026-09-02,HEROMOTOCO,4,0.09366040804814028,0.739093668412319,-1.0468245,-1.0468245,0.1062812,-1.1531056552612304,4
2026-09-02,IDEA,4,0.05977787745577585,0.7362529649200182,3.6221623,3.6221623,0.10628119999999998,3.515881142071533,4
2026-09-02,KALYANKJIL,4,0.06487525983350477,0.7253199888332151,0.40888786,0.40888786,0.1062812,0.30260666315917967,4
2026-09-02,KALYANKJIL,65,0.061062593895659066,0.7959534827493909,-0.8666456,-0.8666456,0.10628119999999998,-0.9729267745697021,4
2026-09-02,KALYANKJIL,66,0.053635729800160334,0.7935205119546458,-0.74136853,-0.74136853,0.10628119999999998,-0.8476497321807861,4
2026-09-02,LTTS,3,0.051423221920912594,0.7323201444743627,0.3182888,0.3182888,0.10628119999999998,0.21200760310058597,4
2026-09-02,LTTS,4,0.08568328374929048,0.7101675149923751,0.46908855,0.46908855,0.1062812,0.3628073543823242,4
2026-09-02,MEDANTA,4,0.058537001992234175,0.7478557991959575,-1.0018885,-1.0018885,0.1062812,-1.1081697135650634,4
2026-09-02,MPHASIS,4,0.06185186841963583,0.753255342032634,0.85463524,0.85463524,0.10628120000000002,0.748354038647461,4
2026-09-02,NAUKRI,4,0.06001174111611987,0.7131729018901843,0.30263662,0.30263662,0.10628119999999998,0.1963554233825684,4
2026-09-02,NIACL,4,0.054449771636949376,0.7411283677746872,3.7250519,3.7250519,0.1062812,3.6187706798828123,4
2026-09-02,NIACL,9,0.06734798252026873,0.8058342000347021,0.6046653,0.6046653,0.10628120000000002,0.4983840793884277,4
2026-09-02,NIACL,11,0.05000147578144475,0.772050247306485,0.8283138,0.8283138,0.1062812,0.7220326275146485,4
2026-09-02,NIACL,60,0.055866102782647295,0.7014891938343618,-0.51644444,-0.51644444,0.1062812,-0.622725644656372,4
2026-09-02,NLCINDIA,4,0.050757795242734785,0.7124484942974668,0.3261447,0.3261447,0.1062812,0.2198634952819824,4
2026-09-02,OBEROIRLTY,4,0.07867557172162733,0.727256008050593,0.84445477,0.84445477,0.1062812,0.7381735653198243,4
2026-09-02,OIL,7,0.05366847485219402,0.7081169092966544,0.06171465,0.06171465,0.1062812,-0.04456655079956055,4
2026-09-02,POWERINDIA,3,0.05494053320545432,0.7257095245128031,0.15668869,0.15668869,0.1062812,0.05040749018554687,4
2026-09-02,PRESTIGE,4,0.06128829984298349,0.7231550796861053,1.0186076,1.0186076,0.1062812,0.9123264164245606,4
2026-09-02,SHRIRAMFIN,4,0.05823710488647468,0.7180043110193502,0.28988123,0.28988123,0.1062812,0.18360002940063475,4
2026-09-02,TATAELXSI,4,0.05589444698320692,0.7538791090726723,0.25434494,0.25434494,0.1062812,0.14806374018554685,4
2026-09-02,TCS,4,0.0518627194852719,0.7417842026502054,0.49575567,0.49575567,0.10628120000000002,0.38947447245483396,4
2026-09-02,TMCV,5,0.05472730986052242,0.7161058733559835,-0.0774622,-0.0774622,0.10628120000000002,-0.18374339635009768,4
2026-09-02,TMCV,7,0.05053272754095511,0.7061447336780148,-0.18774271,-0.18774271,0.1062812,-0.2940239101135254,4
2026-09-02,TORNTPOWER,4,0.06403277599422572,0.7859227069771204,0.16868114,0.16868114,0.1062812,0.06239994471435546,4
2026-09-02,TVSMOTOR,4,0.09520427939197013,0.7253023040515518,1.378262,1.378262,0.1062812,1.2719808429992676,4
2026-09-02,VOLTAS,4,0.09019328334576371,0.7023537010052953,-0.4425466,-0.4425466,0.1062812,-0.5488278060638427,4
2026-09-03,APLAPOLLO,3,0.056858652312188056,0.7269325184594886,-0.1656115,-0.1656115,0.1062812,-0.27189270550842287,4
2026-09-03,COFORGE,3,0.05707973006869248,0.7227644661691666,0.51653385,0.51653385,0.1062812,0.41025265162353514,4
2026-09-03,FEDERALBNK,3,0.05552761338933525,0.7333906484508149,-0.44412017,-0.44412017,0.10628120000000002,-0.550401368685913,4
2026-09-03,HCLTECH,3,0.0515715186866368,0.72016466134678,0.038039684,0.038039684,0.1062812,-0.06824151570434571,4
2026-09-03,IPCALAB,3,0.05721159744171783,0.7475213028452569,-0.21671653,-0.21671653,0.10628119999999998,-0.32299772793884274,4
2026-09-03,MCX,6,0.06411620886749089,0.7640037717648201,-1.7136216,-1.7136216,0.1062812,-1.8199028163635254,4
2026-09-03,MEDANTA,14,0.051757846763197696,0.7173281217857813,-0.7166922,-0.7166922,0.1062812,-0.8229734092437744,4
2026-09-03,MEDANTA,21,0.055532940599069124,0.7116295012489671,0.8275509,0.8275509,0.1062812,0.7212696880615235,4
2026-09-03,NIACL,65,0.07080446863318206,0.7328749295969497,0.42660236,0.42660236,0.1062812,0.32032116358642576,4
2026-09-03,NIACL,66,0.06190683987606327,0.7028187211844473,0.51466227,0.51466227,0.10628119999999998,0.4083810657775879,4
2026-09-03,NIACL,67,0.056376010257559214,0.7505926258144612,0.9889245,0.9889245,0.1062812,0.882643303326416,4
2026-09-03,SHRIRAMFIN,3,0.0625249966359196,0.7239793901330167,0.5545974,0.5545974,0.1062812,0.4483161777770996,4
2026-09-03,SHRIRAMFIN,6,0.06077413886994194,0.7136339484563402,0.123906136,0.123906136,0.10628119999999998,0.017624935559082053,4
