day,symbol,bar,side,pred,atr,actual,fee_pct,net_fwd_pct,fold
2026-09-04,360ONE,15,-1,-0.0750417739258217,0.2329878807067871,0.4535079,0.1062812,0.2972267002380371,5
2026-09-04,360ONE,27,-1,-0.06991092971710024,0.16771261394023895,0.1226604,0.10628119999999998,-0.033620801516723614,5
2026-09-04,3MINDIA,15,-1,-0.07671159132280438,0.2117447704076767,0.045609474,0.10628119999999998,-0.11067172581787107,5
2026-09-04,3MINDIA,27,-1,-0.06501822908944649,0.08819686621427536,0.21341443,0.1062812,0.057133230618286124,5
2026-09-04,ABBOTINDIA,67,1,0.10044146951528553,0.35158073902130127,0.32685995,0.10628119999999998,0.17057875101928716,5
2026-09-04,ABCAPITAL,27,-1,-0.07035289538948261,0.18892265856266022,-0.13593435,0.1062812,-0.29221555287475587,5
2026-09-04,ADANIPORTS,15,-1,-0.07555136516951225,0.20420069992542267,0.26837587,0.1062812,0.1120946735656738,5
2026-09-04,ADANIPORTS,27,-1,-0.06864088581747477,0.13868793845176697,0.222224,0.1062812,0.06594279711608886,5
2026-09-04,AJANTPHARM,15,-1,-0.07338934003346675,0.20263773202896118,-0.05195141,0.1062812,-0.20823260838623048,5
2026-09-04,APARINDS,67,1,0.07398089907060791,0.33184388279914856,0.21264553,0.1062812,0.056364330700683585,5
2026-09-04,APLAPOLLO,67,1,0.10326972309605052,0.40244507789611816,0.22718906,0.1062812,0.0709078640258789,5
2026-09-04,ASIANPAINT,15,-1,-0.06574400093066958,0.14879022538661957,-0.070631504,0.1062812,-0.2269127040588379,5
2026-09-04,BAJAJFINSV,15,-1,-0.07645595517598724,0.1575499176979065,0.24610758,0.10628119999999998,0.08982637827758792,5
2026-09-04,BAJAJFINSV,27,-1,-0.0665889734593312,0.125944584608078,0.39278865,0.1062812,0.23650744860534667,5
2026-09-04,BERGEPAINT,5,1,0.06839827037169245,0.5569332242012024,0.13406277,0.1062812,-0.022218432971191415,5
2026-09-04,BPCL,15,-1,-0.07733949197823804,0.16722916066646576,0.23412108,0.10628120000000002,0.07783988421325681,5
2026-09-04,BPCL,27,-1,-0.07104249145520762,0.10963181406259537,0.28190613,0.10628119999999998,0.12562492792968755,5
2026-09-04,CHOLAFIN,15,-1,-0.07301356306170916,0.2425421178340912,0.399518,0.10628119999999998,0.24323681300048833,5
2026-09-04,CHOLAFIN,27,-1,-0.06902740626831054,0.15141484141349792,0.3035903,0.1062812,0.1473090976989746,5
2026-09-04,COALINDIA,15,-1,-0.07565235616020599,0.18960392475128174,0.0361979,0.1062812,-0.12008329922790528,5
2026-09-04,COALINDIA,27,-1,-0.07015872889240862,0.11112385988235474,-0.24117231,0.1062812,-0.39745351369018556,5
2026-09-04,CONCOR,15,-1,-0.0740886513767529,0.16568708419799805,0.57210326,0.10628120000000002,0.4158220619476318,5
2026-09-04,CONCOR,27,-1,-0.07056841607436438,0.1658165007829666,-0.5753994,0.1062812,-0.731680598803711,5
2026-09-04,EICHERMOT,15,-1,-0.07278813283843383,0.16291218996047974,-0.0,0.1062812,-0.1562812,5
2026-09-04,EICHERMOT,27,-1,-0.07090952388680712,0.14750640094280243,0.45089126,0.1062812,0.29461005633239745,5
2026-09-04,FLUOROCHEM,67,1,0.07581654780284423,0.41541290283203125,0.29660463,0.1062812,0.14032343333129882,5
2026-09-04,FORTIS,15,-1,-0.07088323982256181,0.1648656725883484,0.0767529,0.10628119999999998,-0.07952829892272947,5
2026-09-04,GAIL,15,-1,-0.07346550380619647,0.16091208159923553,0.21945834,0.1062812,0.06317714159851073,5
2026-09-04,GAIL,27,-1,-0.0716290693168699,0.1210765540599823,0.29512048,0.1062812,0.1388392776763916,5
2026-09-04,GICRE,15,-1,-0.08628012285181882,0.1797650009393692,-1.1208177,0.1062812,-1.2770988612854004,5
2026-09-04,GICRE,27,-1,-0.09260974526731251,0.2439010590314865,-1.1764765,0.10628119999999998,-1.3327576785766602,5
2026-09-04,GICRE,35,-1,-0.07554386968126996,0.4557567536830902,0.18340945,0.10628119999999998,0.02712825243835451,5
2026-09-04,GICRE,54,1,0.07364243665572257,0.4655366539955139,-0.33351183,0.10628120000000002,-0.4897930293762207,5
2026-09-04,GICRE,67,1,0.09451705315328687,0.3425632119178772,0.41946173,0.10628119999999998,0.26318052714233403,5
2026-09-04,HINDPETRO,15,-1,-0.07714532548116407,0.16267777979373932,0.2094984,0.1062812,0.05321720545654296,5
2026-09-04,HINDPETRO,27,-1,-0.06888317887347803,0.1358632892370224,0.08391142,0.1062812,-0.07236978108520509,5
2026-09-04,INDIANB,15,-1,-0.07446413396779487,0.21581189334392548,-0.24943352,0.10628119999999998,-0.40571471745605464,5
2026-09-04,INDIANB,27,-1,-0.0740788343788648,0.18827763199806213,-0.016891956,0.10628119999999998,-0.17317315632934568,5
2026-09-04,IOC,15,-1,-0.07733949197823804,0.12056291103363037,-0.05093813,0.1062812,-0.20721932942504884,5
2026-09-04,IOC,27,-1,-0.07035289538948261,0.07988425344228745,0.05083084,0.1062812,-0.10545035893554688,5
2026-09-04,JSL,15,-1,-0.0727124392796572,0.18745620548725128,-0.06818771,0.1062812,-0.22446891362304688,5
2026-09-04,JSL,27,-1,-0.06780224406283193,0.17495310306549072,-0.3207326,0.1062812,-0.47701379353637696,5
2026-09-04,JSWINFRA,15,-1,-0.07506220053864852,0.25605398416519165,0.34334064,0.10628119999999998,0.18705943529968266,5
2026-09-04,JSWINFRA,27,-1,-0.06510737522315987,0.22451730072498322,-0.059878826,0.1062812,-0.21616002614135743,5
2026-09-04,KEI,35,-1,-0.07838795178878596,0.2762390673160553,0.04081726,0.1062812,-0.11546393925781251,5
2026-09-04,LAURUSLABS,15,-1,-0.07548508680179784,0.2493656426668167,0.48413277,0.1062812,0.3278515667236328,5
2026-09-04,LAURUSLABS,27,-1,-0.07115110315463025,0.16952726244926453,-0.20501614,0.10628119999999998,-0.36129733616943355,5
2026-09-04,LODHA,27,-1,-0.07134526965170422,0.19758713245391846,-0.032639503,0.10628119999999998,-0.18892070347900386,5
2026-09-04,MARICO,15,-1,-0.07571524390977094,0.15713883936405182,0.17623901,0.1062812,0.01995781367187499,5
2026-09-04,MARICO,27,-1,-0.066056724044894,0.12317490577697754,0.14017224,0.1062812,-0.016108956881713876,5
2026-09-04,NESTLEIND,15,-1,-0.06878115378999268,0.2022085338830948,0.09881258,0.1062812,-0.05746861989135743,5
2026-09-04,NIACL,37,1,0.07732934796884096,1.2500081062316895,1.5125394,0.10628119999999995,1.3562581867492676,5
2026-09-04,NIACL,38,1,0.06764849637590571,1.2899270057678223,2.0951629,0.1062812,1.9388816684997559,5
2026-09-04,NIACL,44,1,0.06999022367030391,1.4409830570220947,1.1534214,0.1062812,0.997140201977539,5
2026-09-04,NIACL,45,1,0.0748878268079616,1.4322667121887207,0.12930632,0.1062812,-0.026974883624267587,5
2026-09-04,NIACL,65,1,0.07708022503475323,0.6609170436859131,-0.92556477,0.10628119999999998,-1.0818459659301758,5
2026-09-04,NIACL,66,1,0.06875863769828208,0.6324753165245056,0.33955574,0.10628119999999998,0.18327454035644536,5
2026-09-04,NIACL,67,1,0.10735304529572184,0.6218467950820923,0.4129529,0.1062812,0.2566716999328613,5
2026-09-04,POLICYBZR,27,-1,-0.06906387591011355,0.18632318079471588,-0.4549384,0.1062812,-0.6112196117126465,5
2026-09-04,POLYCAB,27,-1,-0.07147785529185129,0.23399460315704346,-0.46973228,0.1062812,-0.6260134845458984,5
2026-09-04,POLYCAB,29,-1,-0.06829603965238165,0.23922419548034668,0.096040964,0.10628119999999998,-0.06024023587341307,5
2026-09-04,POLYCAB,30,-1,-0.07302092514287022,0.2322114109992981,0.37187934,0.1062812,0.21559813921813964,5
2026-09-04,POLYCAB,35,-1,-0.0711971294462581,0.21461986005306244,0.3658414,0.1062812,0.20956018870239257,5
2026-09-04,PRESTIGE,67,1,0.07178026242504187,0.37072545289993286,-0.4079044,0.1062812,-0.5641855865203858,5
2026-09-04,RADICO,15,-1,-0.07229237287943094,0.21092450618743896,-0.47203302,0.1062812,-0.6283142238342285,5
2026-09-04,SAIL,67,1,0.09750158083754613,0.3352559208869934,-0.5508065,0.1062812,-0.7070877223693848,5
2026-09-04,SHREECEM,15,-1,-0.07474213188111167,0.22572022676467896,-0.020802021,0.1062812,-0.17708322102661134,5
2026-09-04,SHREECEM,27,-1,-0.06935980733908086,0.14986053109169006,0.26993155,0.10628119999999998,0.11365035479431156,5
2026-09-04,SUNDARMFIN,15,-1,-0.07409038250977792,0.2377544492483139,-0.021612644,0.1062812,-0.17789384419555665,5
2026-09-04,SUNDARMFIN,27,-1,-0.06851904231917852,0.11446373164653778,-0.1339078,0.10628120000000002,-0.2901889949523926,5
2026-09-04,TATASTEEL,67,1,0.07681894228541718,0.3171067535877228,0.0,0.1062812,-0.1562812,5
2026-09-04,TIINDIA,15,-1,-0.07783492154688909,0.174434632062912,0.2742231,0.10628119999999998,0.11794188921813968,5
2026-09-04,TIINDIA,27,-1,-0.07015872889240862,0.15434910356998444,0.11841059,0.1062812,-0.03787061268920899,5
2026-09-04,TITAN,15,-1,-0.07616842773146336,0.18855257332324982,-0.039982796,0.1062812,-0.19626399571533204,5
2026-09-04,TITAN,27,-1,-0.06538992400546599,0.13865461945533752,0.18003583,0.10628119999999998,0.0237546295440674,5
2026-09-04,TVSMOTOR,15,-1,-0.07645595517598724,0.20586158335208893,0.4685998,0.1062812,0.312318596295166,5
2026-09-04,TVSMOTOR,27,-1,-0.07107244081954539,0.18176808953285217,0.28107166,0.10628120000000002,0.12479046290283201,5
2026-09-04,UNOMINDA,15,-1,-0.07167041803963907,0.2310083508491516,0.21726489,0.10628119999999998,0.060983690670776386,5
2026-09-04,UNOMINDA,27,-1,-0.07015872889240862,0.19407469034194946,0.2170384,0.1062812,0.060757193020629874,5
2026-09-04,UPL,15,-1,-0.07598195371234664,0.14661076664924622,0.051528215,0.1062812,-0.10475298459167481,5
2026-09-04,UPL,27,-1,-0.06544572369449053,0.13887658715248108,-0.87748766,0.1062812,-1.0337688594543457,5
2026-09-04,VOLTAS,15,-1,-0.07121470658987303,0.2470802515745163,-0.99675655,0.10628119999999998,-1.1530377536499024,5
2026-09-07,BRITANNIA,3,1,0.06719618731163678,0.6770833134651184,0.05953312,0.1062812,-0.09674808079833985,5
2026-09-07,FLUOROCHEM,22,1,0.0671812338622741,0.4205486476421356,-0.23205876,0.10628119999999998,-0.3883399635040283,5
2026-09-07,FLUOROCHEM,24,1,0.07339844215079194,0.39631518721580505,-0.15494227,0.10628119999999998,-0.3112234740936279,5
2026-09-07,GICRE,3,1,0.06540835813723042,1.0089231729507446,-0.08497238,0.10628119999999998,-0.24125358159179683,5
2026-09-07,MEDANTA,21,1,0.0754802623173971,0.3881296217441559,-0.41049123,0.1062812,-0.5667724281036377,5
2026-09-07,MEDANTA,22,1,0.08053249822592307,0.3911517560482025,-0.097578764,0.10628120000000002,-0.253859963961792,5
2026-09-07,NIACL,3,1,0.06543395415991375,2.613166332244873,1.7062187,0.10628119999999998,1.5499375194824219,5
2026-09-07,NIACL,19,1,0.07332358617937001,0.7687433362007141,0.0972867,0.1062812,-0.05899449879760743,5
2026-09-07,NIACL,21,1,0.067995201217133,0.7187033295631409,0.15904903,0.1062812,0.0027678341186523348,5
2026-09-07,NYKAA,22,1,0.06612823887847297,0.3374164402484894,-0.17769933,0.10628119999999998,-0.333980527468872,5
2026-09-07,POLICYBZR,47,1,0.06742521331242214,0.5081050395965576,0.87941885,0.10628119999999998,0.7231376499450684,5
2026-09-07,TATASTEEL,3,1,0.071281633897026,0.6918749809265137,-0.3753364,0.10628119999999998,-0.5316176086151123,5
2026-09-08,360ONE,49,-1,-0.06546476733554726,0.2027432918548584,0.38624406,0.10628119999999998,0.22996285860900884,5
2026-09-08,ABB,49,-1,-0.06499099163245486,0.12256202846765518,-0.02026558,0.10628119999999998,-0.17654677922363277,5
2026-09-08,AXISBANK,49,-1,-0.06580477465760037,0.15425516664981842,-0.24169683,0.1062812,-0.397978034564209,5
2026-09-08,BPCL,49,-1,-0.06637847926268403,0.12944577634334564,1.3067603,0.10628119999999998,1.150479111126709,5
2026-09-08,CRISIL,48,-1,-0.06606821708989455,0.15386906266212463,0.10448694,0.10628119999999998,-0.051794257708740216,5
2026-09-08,CRISIL,49,-1,-0.07074741712905358,0.16537141799926758,0.968802,0.1062812,0.8125207752502441,5
2026-09-08,GAIL,49,-1,-0.06565893383262125,0.09714430570602417,0.588572,0.1062812,0.43229082529907226,5
2026-09-08,HUDCO,49,-1,-0.06604187557613561,0.11958310753107071,0.30893683,0.1062812,0.15265563433532714,5
2026-09-08,NAUKRI,48,-1,-0.06653560658896354,0.175889790058136,-0.038719177,0.1062812,-0.19500037724609376,5
2026-09-08,NAUKRI,49,-1,-0.07814410763567156,0.18621157109737396,0.19339323,0.10628119999999995,0.03711203043823247,5
2026-09-08,NIACL,3,1,0.06719203418866394,2.579897165298462,-2.8481007,0.1062812,-3.0043818622314453,5
2026-09-08,NIACL,5,1,0.06540120312816694,1.982151985168457,-4.2598486,0.10628119999999998,-4.416129794665527,5
2026-09-08,SBICARD,49,-1,-0.06637847926268403,0.1726294457912445,0.02259612,0.10628119999999998,-0.1336850791656494,5
2026-09-08,SUZLON,49,-1,-0.06561278714498953,0.11632320284843445,0.13203621,0.10628120000000002,-0.02424499089355471,5
2026-09-08,TATACONSUM,49,-1,-0.06565893383262125,0.13774001598358154,0.11806488,0.10628119999999998,-0.03821631962890623,5
2026-09-08,TECHM,49,-1,-0.06565893383262125,0.18262217938899994,0.55733323,0.10628119999999998,0.4010520309722901,5
2026-09-08,UBL,4,1,0.06802119852263029,0.764716386795044,-0.039684772,0.10628119999999998,-0.19596597249145503,5
2026-09-08,UNIONBANK,49,-1,-0.06580477465760037,0.15639235079288483,0.41598082,0.10628119999999998,0.2596996158874512,5
2026-09-08,UNITDSPR,49,-1,-0.06565893383262125,0.11426186561584473,0.08349419,0.1062812,-0.07278701359863282,5
2026-09-09,360ONE,53,-1,-0.07222158377805468,0.19193005561828613,0.13616681,0.1062812,-0.020114389010620126,5
2026-09-09,3MINDIA,23,-1,-0.06563839656770055,0.12054996937513351,0.09137988,0.10628119999999998,-0.06490131909484861,5
2026-09-09,3MINDIA,53,-1,-0.07087648856376187,0.11809061467647552,-0.36485195,0.10628119999999998,-0.5211331515991211,5
2026-09-09,ABBOTINDIA,3,1,0.06746149970936176,0.4125736653804779,-0.117880106,0.10628119999999998,-0.27416130597229,5
2026-09-09,ABCAPITAL,3,1,0.06563933870943661,0.4230835735797882,-0.51780343,0.1062812,-0.674084630557251,5
2026-09-09,ACC,53,-1,-0.07163439967977545,0.1162138432264328,0.14286041,0.10628119999999998,-0.013420787402343731,5
2026-09-09,ADANIENSOL,53,-1,-0.06575155441447414,0.24609999358654022,0.09029508,0.10628119999999998,-0.06598612362976072,5
2026-09-09,ADANIENT,3,1,0.06980734155282534,0.843108057975769,2.402532,0.10628119999999998,2.2462509006774902,5
2026-09-09,ADANIENT,8,1,0.06572655416743663,0.9215611219406128,2.229941,0.1062812,2.073659691265869,5
2026-09-09,ADANIENT,9,1,0.07812916604186693,0.9067515134811401,2.0967126,0.1062812,1.940431389263916,5
2026-09-09,ADANIENT,10,1,0.07043244941369764,0.8501938581466675,1.7338991,0.10628119999999998,1.5776179165161133,5
2026-09-09,ADANIGREEN,9,1,0.06696706123821115,0.6273590326309204,0.5057335,0.10628119999999998,0.3494522899902344,5
2026-09-09,AIAENG,3,1,0.06514925982910866,0.527579128742218,0.11618137,0.1062812,-0.0400998264038086,5
2026-09-09,AIAENG,23,-1,-0.06589565559103731,0.1884404867887497,0.20179749,0.10628119999999998,0.04551628535156252,5
2026-09-09,AIAENG,53,-1,-0.07159798309164922,0.17351065576076508,-0.20757914,0.10628119999999998,-0.36386033589477534,5
2026-09-09,AJANTPHARM,3,1,0.07376862865988885,0.5298725962638855,-0.46294928,0.1062812,-0.619230475970459,5
2026-09-09,AJANTPHARM,8,1,0.081454654319038,0.3637809753417969,-0.09864569,0.1062812,-0.2549268871032715,5
2026-09-09,AJANTPHARM,9,1,0.07102942231087148,0.34252437949180603,-0.34632683,0.10628119999999998,-0.5026080280029297,5
2026-09-09,AMBUJACEM,53,-1,-0.0721289946238301,0.15785351395606995,0.21340251,0.10628120000000002,0.05712130968933103,5
2026-09-09,APARINDS,3,1,0.07360614480260783,1.755819320678711,0.028657913,0.10628119999999998,-0.12762328679199217,5
2026-09-09,APARINDS,8,1,0.07426556848060625,0.9982788562774658,0.09185076,0.1062812,-0.06443044240112306,5
2026-09-09,APARINDS,9,1,0.09063399888061968,0.9158685803413391,-0.08599162,0.1062812,-0.24227282101745606,5
2026-09-09,APARINDS,10,1,0.06729931970091749,0.8432071805000305,-0.35520196,0.1062812,-0.5114831596099854,5
2026-09-09,APARINDS,23,-1,-0.06497398903004524,0.1932050734758377,0.0515759,0.10628119999999998,-0.10470530087585447,5
2026-09-09,APOLLOHOSP,23,-1,-0.06498357370455655,0.17773081362247467,-0.43690205,0.10628119999999998,-0.5931832462036133,5
2026-09-09,APOLLOTYRE,53,-1,-0.06939446874660532,0.13615219295024872,-0.48879385,0.1062812,-0.6450750499450684,5
2026-09-09,ASHOKLEY,53,-1,-0.06898882862636936,0.14033836126327515,-0.02977848,0.1062812,-0.18605968052978517,5
2026-09-09,ASIANPAINT,23,-1,-0.06516676573599035,0.14798396825790405,-0.35681725,0.1062812,-0.5130984454833984,5
2026-09-09,ASIANPAINT,53,-1,-0.0721289946238301,0.10881904512643814,-0.32732487,0.10628119999999998,-0.4836060672485351,5
2026-09-09,ASTRAL,53,-1,-0.07198408110889012,0.14290645718574524,-0.22456646,0.1062812,-0.3808476596557617,5
2026-09-09,ATGL,8,1,0.07063386739996776,0.5458096265792847,1.0367274,0.1062812,0.8804462284362793,5
2026-09-09,ATGL,9,1,0.06656352994153875,0.5342027544975281,0.90317726,0.10628119999999998,0.746896061352539,5
2026-09-09,AUROPHARMA,23,-1,-0.06702410171148064,0.21792088449001312,0.029790401,0.1062812,-0.12649079854125977,5
2026-09-09,AUROPHARMA,53,-1,-0.07205885939129889,0.1331656277179718,-0.16075373,0.1062812,-0.3170349269592285,5
2026-09-09,AWL,3,1,0.06795076219473041,0.34235578775405884,-0.47795177,0.10628119999999998,-0.6342329650604248,5
2026-09-09,AXISBANK,53,-1,-0.07120886519535555,0.14765827357769012,0.3511846,0.10628119999999998,0.19490340655212407,5
2026-09-09,BAJAJ-AUTO,23,-1,-0.06641961939184612,0.144269660115242,0.3718078,0.1062812,0.21552661364440917,5
2026-09-09,BAJAJHLDNG,23,-1,-0.06761115803855226,0.15913265943527222,-0.2173543,0.10628119999999998,-0.3736354976379394,5
2026-09-09,BAJFINANCE,3,1,0.06716267337394415,0.4477528929710388,-0.04788637,0.1062812,-0.20416757161254884,5
2026-09-09,BAJFINANCE,53,-1,-0.07139840589979062,0.16109637916088104,0.09556413,0.10628119999999998,-0.06071707303161619,5
2026-09-09,BALKRISIND,53,-1,-0.07305835241985761,0.17350734770298004,0.2492547,0.10628119999999998,0.09297350352172855,5
2026-09-09,BDL,8,1,0.07630793753769846,0.5710389018058777,-0.5901098,0.1062812,-0.7463910251342774,5
2026-09-09,BDL,9,1,0.10123556893896989,0.5445027351379395,-0.80215335,0.1062812,-0.9584345489227295,5
2026-09-09,BEL,3,1,0.06520406213456562,0.35013821721076965,-0.499326,0.1062812,-0.6556071906768799,5
2026-09-09,BERGEPAINT,3,1,0.06774399196029064,0.6314584016799927,0.020873547,0.10628119999999998,-0.13540765339965818,5
2026-09-09,BHARATFORG,3,1,0.06708935137792303,0.473855584859848,-0.21116138,0.10628119999999998,-0.3674425750457763,5
2026-09-09,BHARTIARTL,3,1,0.06750945816379264,0.4908958077430725,-0.1316309,0.1062812,-0.28791209752197267,5
2026-09-09,BHARTIARTL,53,-1,-0.07036134192960276,0.09335195273160934,-0.049221516,0.1062812,-0.2055027156555176,5
2026-09-09,BHEL,8,1,0.06716569674334374,0.4930146336555481,-0.10564923,0.10628119999999998,-0.26193043286437984,5
2026-09-09,BHEL,9,1,0.07486599167669478,0.4731704294681549,-0.25830865,0.10628119999999998,-0.4145898490631103,5
2026-09-09,BIOCON,8,1,0.07935474542816001,0.7184711694717407,0.36478043,0.10628119999999998,0.20849922602539067,5
2026-09-09,BIOCON,9,1,0.091723522311899,0.68557208776474,0.7057309,0.10628120000000002,0.5494497150695801,5
2026-09-09,BLUESTARCO,3,1,0.07330420555894046,0.9971804022789001,0.0,0.10628119999999998,-0.15628119999999998,5
2026-09-09,BOSCHLTD,53,-1,-0.07013172628068834,0.1260461062192917,-0.112855434,0.10628119999999998,-0.26913663441772456,5
2026-09-09,BPCL,53,-1,-0.07077145635793872,0.1445024460554123,-0.18091202,0.10628119999999998,-0.3371932178222656,5
2026-09-09,BSE,48,-1,-0.0693848580370941,0.19861717522144318,0.09714961,0.1062812,-0.05913158948059083,5
2026-09-09,BSE,53,-1,-0.08744333915597355,0.1967136710882187,0.08199811,0.1062812,-0.07428309018249513,5
2026-09-09,BSE,64,-1,-0.07241075824117521,0.16822907328605652,0.44919252,0.1062812,0.2929113239562988,5
2026-09-09,CIPLA,3,1,0.06615454001536757,0.44196540117263794,-0.52151084,0.1062812,-0.6777920394622803,5
2026-09-09,CIPLA,23,-1,-0.0652923952144097,0.13483977317810059,-0.058317184,0.10628119999999998,-0.21459838444824214,5
2026-09-09,COALINDIA,3,1,0.07595727456817424,1.0329865217208862,0.31250715,0.1062812,0.15622595255737304,5
2026-09-09,COALINDIA,9,1,0.07634339144467876,0.620021641254425,0.15010834,0.1062812,-0.006172862597656259,5
2026-09-09,COCHINSHIP,3,1,0.06782017608297974,0.4524812400341034,-0.90160966,0.1062812,-1.0578908591949463,5
2026-09-09,COCHINSHIP,8,1,0.07963178587165327,0.3634892702102661,-0.033175945,0.10628119999999998,-0.18945714528198238,5
2026-09-09,COCHINSHIP,9,1,0.09295731653382011,0.3552229106426239,-0.14606714,0.1062812,-0.3023483424865723,5
2026-09-09,COCHINSHIP,10,1,0.06756937645949913,0.35197338461875916,-0.12621284,0.1062812,-0.28249403531188966,5
2026-09-09,CONCOR,8,1,0.06716569674334374,0.465840220451355,0.0,0.10628120000000002,-0.1562812,5
2026-09-09,CONCOR,9,1,0.08156928773896334,0.46629083156585693,0.16826391,0.1062812,0.011982712200927725,5
2026-09-09,CRISIL,3,1,0.06673233073236699,0.5350805521011353,-0.36312342,0.10628119999999998,-0.5194046169006348,5
2026-09-09,CRISIL,23,-1,-0.0670080667045284,0.20287489891052246,0.11900067,0.10628120000000002,-0.03728052670593264,5
2026-09-09,CRISIL,53,-1,-0.07031058005828905,0.14109301567077637,0.24374127,0.1062812,0.08746007388000486,5
2026-09-09,DALBHARAT,3,1,0.06728910659864026,0.5398226380348206,0.01770258,0.10628119999999998,-0.13857862050170897,5
2026-09-09,DIVISLAB,3,1,0.07581210254728436,0.455550879240036,0.22119284,0.1062812,0.0649116367614746,5
2026-09-09,DLF,53,-1,-0.06753714766181508,0.13779544830322266,0.12760758,0.1062812,-0.02867361600036622,5
2026-09-09,ETERNAL,3,1,0.07079366524359783,0.4900423288345337,0.09405613,0.10628119999999998,-0.062225070544433575,5
2026-09-09,EXIDEIND,3,1,0.09543902685559677,0.8324226140975952,0.72921515,0.1062812,0.572933945111084,5
2026-09-09,EXIDEIND,9,1,0.07949773352914337,0.5745334625244141,0.19311905,0.1062812,0.036837849072265616,5
2026-09-09,FEDERALBNK,23,-1,-0.06579089930701441,0.19720306992530823,0.043582916,0.10628119999999998,-0.11269828374023436,5
2026-09-09,FEDERALBNK,53,-1,-0.0721289946238301,0.13798099756240845,-0.0145196915,0.10628119999999998,-0.17080089146728514,5
2026-09-09,FORTIS,23,-1,-0.06539443876527219,0.19470864534378052,-0.022017956,0.10628119999999998,-0.17829915578002925,5
2026-09-09,GAIL,53,-1,-0.06831229993710977,0.12797531485557556,-0.3032565,0.10628119999999998,-0.4595377116882324,5
2026-09-09,GICRE,3,1,0.06543224908015713,0.5642352104187012,-0.6798804,0.10628119999999998,-0.8361615806304932,5
2026-09-09,GICRE,8,1,0.07256307109267235,0.35790306329727173,-0.33352375,0.1062812,-0.4898049503051758,5
2026-09-09,GICRE,9,1,0.07321963539804552,0.3440268635749817,-0.18873215,0.1062812,-0.3450133472167969,5
2026-09-09,GICRE,10,1,0.06683798990560327,0.34822511672973633,0.10188818,0.1062812,-0.054393020220947275,5
2026-09-09,GLENMARK,3,1,0.07741053471567123,0.5667500495910645,-0.90354085,0.1062812,-1.059822049685669,5
2026-09-09,GLENMARK,8,1,0.08693050398500021,0.4021778404712677,-0.67412853,0.1062812,-0.830409732409668,5
2026-09-09,GLENMARK,9,1,0.10236803249958099,0.3967597484588623,-0.98692775,0.1062812,-1.1432089477264404,5
2026-09-09,GLENMARK,10,1,0.07996294521486748,0.3957791328430176,-1.0884285,0.1062812,-1.2447096973144531,5
2026-09-09,GODREJCP,8,1,0.06882356160127331,0.2851994037628174,0.18041134,0.10628119999999998,0.024130138806152363,5
2026-09-09,GODREJIND,23,-1,-0.06549385677699496,0.20606260001659393,-0.13233423,0.10628119999999998,-0.2886154323303222,5
2026-09-09,GODREJPROP,8,1,0.07115340703841443,0.39417341351509094,0.17504692,0.1062812,0.01876572077636718,5
2026-09-09,GODREJPROP,9,1,0.08384740731416078,0.3765262961387634,0.18582344,0.1062812,0.029542240551757804,5
2026-09-09,HAL,8,1,0.06538292123111687,0.39767754077911377,-0.18293262,0.10628120000000002,-0.3392138152801514,5
2026-09-09,HAVELLS,3,1,0.06718753257459437,0.37218165397644043,-0.2113998,0.10628119999999998,-0.3676809936248779,5
2026-09-09,HAVELLS,23,-1,-0.06799311229631688,0.1748322695493698,0.10604262,0.1062812,-0.05023857648010255,5
2026-09-09,HCLTECH,3,1,0.06812497202635717,1.0691543817520142,0.37132502,0.1062812,0.2150438160217285,5
2026-09-09,HCLTECH,53,-1,-0.08436565425557688,0.17941631376743317,0.040638447,0.10628119999999998,-0.11564275319213865,5
2026-09-09,HCLTECH,64,-1,-0.0708864680967664,0.11345399171113968,0.13846755,0.1062812,-0.017813649722290048,5
2026-09-09,HDFCBANK,23,-1,-0.06530362983106218,0.17727336287498474,0.050354004,0.10628119999999998,-0.10592719609374998,5
2026-09-09,HDFCBANK,53,-1,-0.06925037370284289,0.13680988550186157,0.028800964,0.1062812,-0.12748023564453126,5
2026-09-09,HDFCLIFE,3,1,0.06705216245363614,0.685351550579071,-2.115339,0.10628119999999998,-2.2716202407562256,5
2026-09-09,HDFCLIFE,8,1,0.07627684963768681,0.5694965124130249,-0.04826188,0.1062812,-0.2045430808746338,5
2026-09-09,HDFCLIFE,9,1,0.09514404485418901,0.5676079988479614,0.029063225,0.1062812,-0.12721797520751954,5
2026-09-09,HEROMOTOCO,3,1,0.07299190001222121,0.44156959652900696,-0.4487276,0.10628119999999998,-0.6050088077270508,5
2026-09-09,HEROMOTOCO,53,-1,-0.06677100178514948,0.15455424785614014,-0.076282024,0.10628119999999998,-0.23256322438354488,5
2026-09-09,HINDZINC,9,1,0.07803817073788884,0.37834033370018005,0.77006817,0.10628120000000002,0.6137869686401367,5
2026-09-09,HONAUT,3,1,0.08587372247108734,0.6853268146514893,-0.3174126,0.1062812,-0.4736938148223877,5
2026-09-09,HONAUT,8,1,0.07873060655713876,0.45600512623786926,-0.621748,0.10628119999999998,-0.7780291705810547,5
2026-09-09,HONAUT,9,1,0.07705829394315905,0.42383915185928345,-0.4194975,0.1062812,-0.5757786899291992,5
2026-09-09,HONAUT,10,1,0.07342739307236738,0.4000052511692047,-0.6079018,0.1062812,-0.7641830115997315,5
2026-09-09,HUDCO,53,-1,-0.07150955582795716,0.10230132937431335,0.42456985,0.1062812,0.26828864519958495,5
2026-09-09,ICICIGI,3,1,0.06839445680940523,0.5129532814025879,0.2728343,0.1062812,0.11655310099487302,5
2026-09-09,ICICIPRULI,3,1,0.07085532664648723,0.5627110004425049,-1.0604918,0.1062812,-1.2167730003082275,5
2026-09-09,ICICIPRULI,8,1,0.06683641720047888,0.4196087419986725,0.0,0.10628119999999998,-0.15628119999999998,5
2026-09-09,ICICIPRULI,9,1,0.06758128193369276,0.4079189598560333,0.04373789,0.1062812,-0.11254331166381837,5
2026-09-09,INDIGO,53,-1,-0.0721289946238301,0.14310041069984436,-0.030052662,0.1062812,-0.18633386189575196,5
2026-09-09,INDUSTOWER,3,1,0.06560918622110838,0.34417641162872314,0.16202927,0.1062812,0.005748066357421866,5
2026-09-09,INFY,3,1,0.06914309567891684,0.7923616170883179,-0.30556917,0.1062812,-0.4618503719055176,5
2026-09-09,INFY,53,-1,-0.07091796801446659,0.11526269465684891,0.23190975,0.1062812,0.07562855189208982,5
2026-09-09,IOC,53,-1,-0.07073029925657692,0.08112139254808426,-0.1106143,0.1062812,-0.26689549977416993,5
2026-09-09,IRCTC,9,1,0.07070978098375469,0.3365175426006317,-0.3608942,0.1062812,-0.5171754031860352,5
2026-09-09,IRFC,8,1,0.06590617384434681,0.3840779662132263,0.20769835,0.1062812,0.05141714518432616,5
2026-09-09,IRFC,9,1,0.06524572959647838,0.35552793741226196,0.0977397,0.1062812,-0.05854150349731446,5
2026-09-09,JIOFIN,3,1,0.0653228895475391,0.3685215413570404,-0.15562177,0.1062812,-0.3119029670440674,5
2026-09-09,JSL,3,1,0.0687769049384635,0.4706359803676605,0.115954876,0.1062812,-0.04032632405395509,5
2026-09-09,JSWENERGY,3,1,0.07154954711319898,0.9052084684371948,-0.10211468,0.1062812,-0.2583958774291992,5
2026-09-09,JSWSTEEL,8,1,0.07702452152588925,0.3689943552017212,0.6812811,0.1062812,0.5249998897827148,5
2026-09-09,JSWSTEEL,9,1,0.08171404819390866,0.3484320640563965,0.6503582,0.1062812,0.49407700007324223,5
2026-09-09,JUBLFOOD,53,-1,-0.06898882862636936,0.15508368611335754,0.19919872,0.1062812,0.04291752283935546,5
2026-09-09,KALYANKJIL,3,1,0.06950882800821993,0.805191695690155,0.032877922,0.1062812,-0.12340327794189454,5
2026-09-09,KEI,3,1,0.07563824362641615,0.6291497349739075,-0.8569002,0.10628119999999998,-1.0131814151489258,5
2026-09-09,KEI,8,1,0.09596737435910305,0.4728132486343384,-0.032407045,0.10628120000000002,-0.1886882453643799,5
2026-09-09,KEI,9,1,0.10173703174651974,0.4506646394729614,-0.24856925,0.1062812,-0.40485045010681153,5
2026-09-09,KEI,10,1,0.0778573235394372,0.4390272796154022,-0.22687912,0.1062812,-0.3831603198730469,5
2026-09-09,KOTAKBANK,8,1,0.06741252123623605,0.2752719521522522,-0.3006637,0.1062812,-0.45694490964050294,5
2026-09-09,KPITTECH,23,-1,-0.06854560670452538,0.2137782722711563,-0.0,0.1062812,-0.1562812,5
2026-09-09,KPITTECH,53,-1,-0.07156180785208147,0.13241703808307648,-0.009000301,0.1062812,-0.165281501361084,5
2026-09-09,KPRMILL,3,1,0.08106982237433527,0.7619664072990417,-0.80815554,0.1062812,-0.9644367366516113,5
2026-09-09,KPRMILL,8,1,0.07335125450044004,0.5252285003662109,0.12341738,0.1062812,-0.03286382252807618,5
2026-09-09,KPRMILL,9,1,0.07190880313789408,0.5021675825119019,0.24755001,0.1062812,0.09126881068115232,5
2026-09-09,KPRMILL,10,1,0.07487304084249798,0.4774109721183777,0.38083792,0.10628119999999998,0.2245567173278809,5
2026-09-09,LICHSGFIN,3,1,0.06813267902569349,0.5153253078460693,-1.2009323,0.10628119999999998,-1.357213464328003,5
2026-09-09,LLOYDSME,8,1,0.06865403692789698,0.4156680703163147,0.23816824,0.1062812,0.08188703959350584,5
2026-09-09,LLOYDSME,9,1,0.0799558720520772,0.3853612542152405,0.14950037,0.1062812,-0.006780829974365243,5
2026-09-09,LODHA,53,-1,-0.07142518506907158,0.23519177734851837,0.059258938,0.1062812,-0.09702226216430665,5
2026-09-09,LTTS,53,-1,-0.07039843608326404,0.15481333434581757,0.014847517,0.10628119999999998,-0.14143368298645018,5
2026-09-09,LUPIN,3,1,0.06544704112382205,0.6332248449325562,-0.37058592,0.1062812,-0.5268671184265137,5
2026-09-09,LUPIN,23,-1,-0.06634710675575152,0.1723896861076355,-0.080919266,0.1062812,-0.23720046574707032,5
2026-09-09,LUPIN,53,-1,-0.07077145635793872,0.11024855822324753,0.20421147,0.1062812,0.04793027346496581,5
2026-09-09,MAHABANK,3,1,0.0677430843655837,0.45757099986076355,-0.09508133,0.1062812,-0.25136252934570313,5
2026-09-09,MAHABANK,9,1,0.06939631952660161,0.34609755873680115,0.04758835,0.1062812,-0.10869285161132813,5
2026-09-09,MARICO,3,1,0.07240464300952366,0.3901914358139038,0.17825365,0.10628119999999998,0.021972450665283222,5
2026-09-09,MAXHEALTH,3,1,0.07001687867944402,1.0816596746444702,0.73041916,0.1062812,0.5741379589355469,5
2026-09-09,MAXHEALTH,9,1,0.07776128111448044,0.7376243472099304,0.096678734,0.1062812,-0.059602466174316415,5
2026-09-09,MAXHEALTH,10,1,0.06526682125157536,0.6873325705528259,-0.29007792,0.10628119999999998,-0.4463591247283935,5
2026-09-09,MAZDOCK,3,1,0.06829899184685485,0.4059631824493408,-1.2843668,0.1062812,-1.4406480460845947,5
2026-09-09,MAZDOCK,53,-1,-0.06768571649474517,0.12387993931770325,0.004142523,0.1062812,-0.15213867718811036,5
2026-09-09,MCX,8,1,0.06965026060375848,0.4754228889942169,-0.5311847,0.1062812,-0.6874658733093262,5
2026-09-09,MCX,9,1,0.07655009863698733,0.4609266221523285,-0.5078435,0.1062812,-0.6641246944152832,5
2026-09-09,MEDANTA,8,1,0.0669219436911782,0.7392823100090027,-1.010859,0.1062812,-1.1671402126037598,5
2026-09-09,MEDANTA,9,1,0.08223356092710453,0.7529890537261963,-0.38272142,0.10628119999999998,-0.5390026241027832,5
2026-09-09,MFSL,3,1,0.0679959398341967,0.6291756629943848,-0.44543147,0.10628119999999998,-0.6017126708709717,5
2026-09-09,MFSL,8,1,0.07291754551304586,0.46327683329582214,0.17627478,0.1062812,0.019993576458740225,5
2026-09-09,MFSL,9,1,0.07911560774355889,0.45503848791122437,0.12205839,0.1062812,-0.03422280842895509,5
2026-09-09,MOTILALOFS,3,1,0.06745892804994016,0.6096396446228027,-0.3652513,0.10628119999999998,-0.5215325027191162,5
2026-09-09,MOTILALOFS,9,1,0.06509752301315515,0.38695451617240906,-0.1542747,0.10628120000000002,-0.31055590207214356,5
2026-09-09,MPHASIS,3,1,0.071206362036319,0.8239467740058899,-0.030452013,0.10628119999999998,-0.18673321301574702,5
2026-09-09,MPHASIS,23,-1,-0.06676362512805004,0.19745752215385437,0.22995472,0.10628119999999998,0.07367351954345705,5
2026-09-09,MPHASIS,53,-1,-0.07120886519535555,0.2134818434715271,0.008630753,0.1062812,-0.14765044743652345,5
2026-09-09,MUTHOOTFIN,3,1,0.06873957768004814,0.5433247089385986,-1.3175547,0.1062812,-1.4738359122955322,5
2026-09-09,MUTHOOTFIN,53,-1,-0.06796657091235693,0.15796364843845367,-0.10225773,0.10628119999999998,-0.2585389285766601,5
2026-09-09,M_AND_M,23,-1,-0.06549385677699496,0.148585706949234,-0.20419359,0.10628119999999998,-0.36047479207153316,5
2026-09-09,M_AND_M,53,-1,-0.06765987533976144,0.11972852051258087,0.07633567,0.1062812,-0.07994553143615724,5
2026-09-09,M_AND_MFIN,3,1,0.07073602196610654,0.5591703653335571,-1.0840118,0.1062812,-1.2402929931365967,5
2026-09-09,M_AND_MFIN,8,1,0.07839345567507063,0.3794260025024414,0.5322695,0.1062812,0.3759882778442383,5
2026-09-09,M_AND_MFIN,9,1,0.0863268385554309,0.3747780919075012,0.62901974,0.1062812,0.4727385372436524,5
2026-09-09,M_AND_MFIN,10,1,0.06529429937785548,0.3636365234851837,1.5336156,0.10628119999999998,1.3773343891418457,5
2026-09-09,NAM-INDIA,8,1,0.06896493822497744,0.3975674510002136,-0.09328723,0.10628119999999998,-0.24956842953796382,5
2026-09-09,NAM-INDIA,9,1,0.07893628010654444,0.37338972091674805,-0.24602413,0.1062812,-0.40230533177490235,5
2026-09-09,NATIONALUM,3,1,0.06691550629878172,0.768303632736206,-0.29380322,0.10628120000000002,-0.4500844150268555,5
2026-09-09,NAUKRI,3,1,0.06814783509889105,0.9076942801475525,-0.33078194,0.1062812,-0.4870631366455078,5
2026-09-09,NAUKRI,23,-1,-0.0670080667045284,0.17668816447257996,0.047558546,0.1062812,-0.10872265393371583,5
2026-09-09,NAUKRI,53,-1,-0.07193482812675614,0.163055881857872,-0.078988075,0.1062812,-0.23526927525634767,5
2026-09-09,NESTLEIND,3,1,0.06500097421494394,0.3418523669242859,-0.45819283,0.1062812,-0.6144740253173828,5
2026-09-09,NHPC,9,1,0.07943648609157289,0.5047268867492676,0.20706654,0.1062812,0.05078533594970702,5
2026-09-09,NIACL,3,1,0.07568854972487245,1.2218570709228516,-0.08859038,0.1062812,-0.2448715835296631,5
2026-09-09,NIACL,8,1,0.08819248948119268,0.7637672424316406,-0.25694966,0.1062812,-0.41323086316223145,5
2026-09-09,NIACL,9,1,0.09228393333041876,0.7218751311302185,-0.23242235,0.10628119999999998,-0.38870355183715816,5
2026-09-09,NIACL,10,1,0.07149713631814918,0.734027624130249,-0.6355047,0.10628119999999998,-0.7917859225952149,5
2026-09-09,NLCINDIA,3,1,0.06842701263108308,1.1402281522750854,-2.3268282,0.10628119999999998,-2.4831094413482666,5
2026-09-09,NLCINDIA,8,1,0.07733685316104708,0.9161087870597839,-0.6946981,0.1062812,-0.8509792953216553,5
2026-09-09,NLCINDIA,9,1,0.10034120158294127,0.8632705211639404,-0.3298521,0.1062812,-0.4861333041870117,5
2026-09-09,NLCINDIA,10,1,0.06655056984205614,0.8063052296638489,0.2565503,0.1062812,0.1002691120422363,5
2026-09-09,NTPC,9,1,0.07557396937248895,0.3671647310256958,0.50730705,0.10628119999999998,0.35102585261230473,5
2026-09-09,NYKAA,9,1,0.07694424163940863,0.36535224318504333,0.5450845,0.1062812,0.38880327647094726,5
2026-09-09,OFSS,53,-1,-0.07306448125116857,0.15586647391319275,0.05156994,0.10628119999999998,-0.10471126134033201,5
2026-09-09,PAGEIND,3,1,0.06565308131407636,0.3361344635486603,-0.22408962,0.10628119999999998,-0.38037082249755855,5
2026-09-09,PAGEIND,53,-1,-0.07231953347184025,0.20940299332141876,-0.0,0.1062812,-0.1562812,5
2026-09-09,PAYTM,3,1,0.07195950765794953,0.9423549771308899,0.7074952,0.1062812,0.5512140125549316,5
2026-09-09,PAYTM,8,1,0.07301094508310249,0.9407406449317932,0.034546852,0.10628119999999998,-0.12173434788818357,5
2026-09-09,PAYTM,9,1,0.06747245848155788,0.8913161754608154,0.023007393,0.1062812,-0.13327380711669923,5
2026-09-09,PERSISTENT,3,1,0.06734701620853661,0.8247851133346558,0.3326893,0.1062812,0.1764080852783203,5
2026-09-09,PERSISTENT,53,-1,-0.06945749333764879,0.15305183827877045,0.12874603,0.1062812,-0.02753516728515626,5
2026-09-09,PHOENIXLTD,3,1,0.06955074776001977,0.420549601316452,-0.5429864,0.1062812,-0.6992675929748535,5
2026-09-09,PIDILITIND,3,1,0.06955912569219999,0.41296061873435974,-0.05083084,0.10628119999999998,-0.20711204106445308,5
2026-09-09,PIDILITIND,53,-1,-0.07330089349520116,0.14278338849544525,-0.120937824,0.1062812,-0.2772190242492676,5
2026-09-09,PIIND,3,1,0.06891761337261285,0.3575907349586487,-0.62502027,0.1062812,-0.7813014655792236,5
2026-09-09,PIIND,8,1,0.06979223947660643,0.28480327129364014,0.32444,0.1062812,0.16815880244140624,5
2026-09-09,PNB,23,-1,-0.06579089930701441,0.13230891525745392,0.10290146,0.10628119999999998,-0.053379741259765606,5
2026-09-09,PNB,53,-1,-0.06746588434490873,0.13191117346286774,0.11166334,0.1062812,-0.04461785847778321,5
2026-09-09,POLICYBZR,53,-1,-0.07127677954805316,0.17216403782367706,0.016593933,0.10628120000000002,-0.13968726689453126,5
2026-09-09,POLYCAB,3,1,0.06507842523992634,0.46918097138404846,-0.15588403,0.1062812,-0.3121652274810791,5
2026-09-09,PRESTIGE,53,-1,-0.0721289946238301,0.16191981732845306,0.06439686,0.10628119999999998,-0.09188434178466795,5
2026-09-09,RADICO,3,1,0.07096272436298201,0.4003157317638397,-0.17594695,0.1062812,-0.3322281509124756,5
2026-09-09,RADICO,53,-1,-0.07090992601494557,0.21315956115722656,-0.21915436,0.1062812,-0.37543555791015626,5
2026-09-09,RELIANCE,23,-1,-0.06579089930701441,0.14958281815052032,0.20166636,0.10628119999999998,0.04538515513305666,5
2026-09-09,RELIANCE,53,-1,-0.07034636689226074,0.14468570053577423,-0.0155210495,0.10628119999999998,-0.1718022494995117,5
2026-09-09,SAIL,9,1,0.07428767042275239,0.4536674916744232,1.0835171,0.1062812,0.9272358745849609,5
2026-09-09,SBILIFE,3,1,0.06972415440267106,0.48935505747795105,-0.24837255,0.10628119999999998,-0.4046537547790527,5
2026-09-09,SBILIFE,8,1,0.07546749462250203,0.36180800199508667,0.35049915,0.10628119999999998,0.19421795313720708,5
2026-09-09,SBIN,23,-1,-0.06552008111748941,0.19364526867866516,0.0893414,0.1062812,-0.066939797946167,5
2026-09-09,SBIN,53,-1,-0.07071938716693542,0.12956109642982483,0.12886524,0.10628119999999998,-0.02741595799560545,5
2026-09-09,SCHAEFFLER,3,1,0.0657949997250385,0.5863970518112183,0.39268732,0.1062812,0.2364061207092285,5
2026-09-09,SHRIRAMFIN,53,-1,-0.0721289946238301,0.168930783867836,0.22291541,0.1062812,0.06663421099548339,5
2026-09-09,SJVN,3,1,0.06955333654505953,1.4412450790405273,-0.8130133,0.1062812,-0.9692945152008057,5
2026-09-09,SJVN,8,1,0.07224823391590574,1.0221710205078125,0.35836697,0.1062812,0.20208576624755858,5
2026-09-09,SJVN,9,1,0.07391240148488153,0.9565752744674683,0.13432503,0.1062812,-0.021956172534179696,5
2026-09-09,SOLARINDS,3,1,0.07553357685805537,0.6098925471305847,0.11187792,0.10628119999999998,-0.04440328175659178,5
2026-09-09,SUPREMEIND,8,1,0.07740835946574932,0.33074870705604553,-0.3245592,0.10628119999999998,-0.480840411730957,5
2026-09-09,SUPREMEIND,9,1,0.0899823411149634,0.3552691340446472,0.12820959,0.1062812,-0.028071609088134775,5
2026-09-09,SUZLON,3,1,0.06916582021910252,0.7207880020141602,-0.08672476,0.10628119999999998,-0.2430059581481933,5
2026-09-09,TATAELXSI,53,-1,-0.07122496281697455,0.1188797801733017,-0.029349327,0.10628119999999998,-0.1856305270874023,5
2026-09-09,TATAINVEST,3,1,0.06727395088696748,0.5110295414924622,-0.29085875,0.1062812,-0.4471399455749512,5
2026-09-09,TATAINVEST,9,1,0.08039745167638457,0.3579522967338562,-0.048595667,0.1062812,-0.20487686688537599,5
2026-09-09,TATASTEEL,8,1,0.06574039004739987,0.44333821535110474,1.2123823,0.1062812,1.0561011165893555,5
2026-09-09,TATASTEEL,9,1,0.08680962406649238,0.45133325457572937,1.854074,0.10628119999999998,1.6977928013122559,5
2026-09-09,TCS,3,1,0.07822801935257481,0.769317626953125,0.25920868,0.10628119999999998,0.10292747919921878,5
2026-09-09,TCS,53,-1,-0.06763661645574041,0.14403218030929565,-0.05877018,0.10628120000000002,-0.21505137974853517,5
2026-09-09,TECHM,3,1,0.07110098208423025,0.7484923005104065,0.09274483,0.1062812,-0.0635363727294922,5
2026-09-09,TECHM,53,-1,-0.06703666161011296,0.17015878856182098,-0.08649826,0.1062812,-0.24277946049804688,5
2026-09-09,THERMAX,3,1,0.06691454783411759,0.9780846238136292,-0.99638104,0.1062812,-1.1526622443878174,5
2026-09-09,THERMAX,9,1,0.0911868469350077,0.673161506652832,-0.18935204,0.10628120000000002,-0.34563323552246095,5
2026-09-09,THERMAX,10,1,0.06531293900079883,0.6401910185813904,0.021994114,0.1062812,-0.13428708607788087,5
2026-09-09,TIINDIA,3,1,0.0761808240794373,1.0815796852111816,-0.011330843,0.10628119999999998,-0.16761204297180174,5
2026-09-09,TORNTPHARM,3,1,0.07540028329235014,0.4755159914493561,0.030374527,0.10628119999999998,-0.12590667302246092,5
2026-09-09,TORNTPOWER,3,1,0.07087750661305338,1.224989414215088,-0.19783378,0.1062812,-0.35411497647399903,5
2026-09-09,TORNTPOWER,9,1,0.07248805419504445,0.7787867784500122,-0.23581386,0.10628119999999998,-0.3920950561248779,5
2026-09-09,TRENT,3,1,0.06517438085759523,0.42205458879470825,0.79022646,0.1062812,0.6339452595031738,5
2026-09-09,UBL,3,1,0.06573361781887288,0.456619530916214,-0.104147196,0.1062812,-0.26042839581604005,5
2026-09-09,UNIONBANK,23,-1,-0.06707483242103789,0.18990430235862732,0.016409159,0.10628119999999998,-0.13987204129333494,5
2026-09-09,UNIONBANK,53,-1,-0.07011497877567413,0.16626527905464172,0.054496527,0.1062812,-0.10178467328186036,5
2026-09-09,UNITDSPR,3,1,0.07079366524359783,0.35942211747169495,-0.58220625,0.1062812,-0.7384874492370606,5
2026-09-09,UNITDSPR,8,1,0.06652945769103318,0.26877424120903015,-0.44273138,0.1062812,-0.5990125804626465,5
2026-09-09,UPL,53,-1,-0.07120886519535555,0.10293536633253098,0.017356873,0.1062812,-0.13892432744140626,5
2026-09-09,VEDL,3,1,0.06611143802070064,0.7017577886581421,0.16614199,0.1062812,0.009860786846923819,5
2026-09-09,VOLTAS,23,-1,-0.0654297559573294,0.1801576465368271,-0.59758425,0.1062812,-0.7538654475891113,5
2026-09-09,VOLTAS,53,-1,-0.06696516828222344,0.14180809259414673,-0.05247593,0.10628120000000002,-0.20875712926025392,5
2026-09-09,WIPRO,3,1,0.06505600855785118,0.7530287504196167,-0.10100603,0.10628119999999998,-0.2572872310363769,5
2026-09-09,WIPRO,53,-1,-0.0715703349546351,0.11082618683576584,-0.0477314,0.10628120000000002,-0.20401259953613282,5
2026-09-09,YESBANK,23,-1,-0.06707483242103789,0.1684788316488266,-0.0,0.1062812,-0.1562812,5
2026-09-09,ZYDUSLIFE,3,1,0.06860245909086689,0.4589718282222748,-0.73990226,0.10628119999999998,-0.8961834579193115,5
2026-09-09,ZYDUSLIFE,8,1,0.07479644865193523,0.3685876429080963,-0.3325224,0.1062812,-0.4888035922729492,5
2026-09-09,ZYDUSLIFE,9,1,0.08178836905603828,0.3460976183414459,-0.42917728,0.10628119999999998,-0.5854584842407227,5
2026-09-10,360ONE,10,1,0.06634192377323096,0.4187202453613281,0.30276775,0.1062812,0.1464865536010742,5
2026-09-10,360ONE,11,1,0.07293108925380173,0.3947124779224396,0.0826478,0.1062812,-0.07363339955444337,5
2026-09-10,360ONE,38,-1,-0.12634629796804245,0.20250095427036285,-0.027346611,0.1062812,-0.18362781102294923,5
2026-09-10,3MINDIA,10,1,0.06861637185681899,0.4105215072631836,0.045657158,0.1062812,-0.11062404210205079,5
2026-09-10,3MINDIA,11,1,0.07721665559585954,0.3922315239906311,0.04569292,0.1062812,-0.11058827931518556,5
2026-09-10,ABCAPITAL,38,-1,-0.12322474441337765,0.17388831079006195,-0.11293888,0.1062812,-0.26922008092041017,5
2026-09-10,ADANIENSOL,3,1,0.09555301561864209,1.008123755455017,0.22081137,0.1062812,0.0645301670349121,5
2026-09-10,ADANIENSOL,4,1,0.08574738528454086,0.9169601202011108,0.6579399,0.1062812,0.5016587108886719,5
2026-09-10,ADANIENSOL,10,1,0.07101209884368766,0.6047689914703369,0.021314621,0.10628119999999998,-0.1349665790283203,5
2026-09-10,ADANIENSOL,11,1,0.07433177894678411,0.5660159587860107,-0.14209747,0.1062812,-0.29837867314453126,5
2026-09-10,ADANIENSOL,13,1,0.06699454046761978,0.5114742517471313,-0.305748,0.10628119999999998,-0.4620291858398437,5
2026-09-10,ADANIENSOL,14,1,0.06509121721942365,0.3728387951850891,-0.22755265,0.1062812,-0.3838338523590088,5
2026-09-10,ADANIENT,3,1,0.1052084792205478,0.7184416651725769,0.57878494,0.1062812,0.4225037426269531,5
2026-09-10,ADANIENT,4,1,0.08482881087580339,0.7025591135025024,1.0604143,0.1062812,0.9041331142700195,5
2026-09-10,ADANIGREEN,3,1,0.06883115172124396,1.0339937210083008,0.60629845,0.1062812,0.4500172466552735,5
2026-09-10,ADANIGREEN,4,1,0.06540527565008511,0.9423350691795349,0.94702244,0.1062812,0.7907412380493164,5
2026-09-10,ADANIPORTS,3,1,0.06991230074505685,0.5320665836334229,0.4438281,0.1062812,0.28754690592651366,5
2026-09-10,ADANIPOWER,10,1,0.06960454283081519,0.4128924608230591,0.3052354,0.1062812,0.14895418589477538,5
2026-09-10,ADANIPOWER,11,1,0.07291051561610495,0.3923541009426117,0.06570816,0.1062812,-0.09057303959960938,5
2026-09-10,AIAENG,11,1,0.06530279816179893,0.3637721836566925,-0.118499994,0.10628119999999998,-0.27478119427795406,5
2026-09-10,AJANTPHARM,10,1,0.07049779995974138,0.3980546295642853,0.14265776,0.1062812,-0.013623443194580087,5
2026-09-10,AJANTPHARM,11,1,0.07269648766963233,0.37626877427101135,0.005710125,0.1062812,-0.1505710750305176,5
2026-09-10,AMBUJACEM,11,1,0.06677591820872265,0.2998819947242737,0.1773119,0.1062812,0.021030697277832022,5
2026-09-10,APARINDS,3,1,0.09136065414900012,0.9638448357582092,1.1525154,0.1062812,0.9962342113769531,5
2026-09-10,APARINDS,4,1,0.07704334236533737,0.8213720917701721,1.6402125,0.1062812,1.4839313358581543,5
2026-09-10,ASHOKLEY,11,1,0.07622640238875797,0.3902095854282379,0.3804803,0.10628119999999998,0.22419908945922856,5
2026-09-10,ASHOKLEY,13,1,0.06757554490380445,0.3691616952419281,0.15727282,0.1062812,0.0009916157043456941,5
2026-09-10,ASHOKLEY,38,-1,-0.12252117766898497,0.18681849539279938,0.5396962,0.1062812,0.38341501658325194,5
2026-09-10,ASIANPAINT,38,-1,-0.09915405416463338,0.13169889152050018,0.032144785,0.10628119999999998,-0.12413641507263182,5
2026-09-10,ASTRAL,10,1,0.06583186523833723,0.35286328196525574,0.08230209,0.10628119999999998,-0.0739791064941406,5
2026-09-10,ATGL,3,1,0.06604193292645667,0.5753004550933838,-0.30320883,0.10628119999999998,-0.45949002797241206,5
2026-09-10,ATGL,10,1,0.07092478316455453,0.36614710092544556,0.19737482,0.1062812,0.04109362070922851,5
2026-09-10,ATGL,11,1,0.0770315246413189,0.34470975399017334,0.16447306,0.1062812,0.008191856793212882,5
2026-09-10,AUBANK,38,-1,-0.1246210492644477,0.12168493866920471,-0.10410547,0.10628119999999998,-0.2603866725646972,5
2026-09-10,AUROPHARMA,4,1,0.06640903510771276,0.62000572681427,0.30050278,0.10628120000000002,0.14422157709960937,5
2026-09-10,AUROPHARMA,38,-1,-0.12468040396240143,0.10999023169279099,0.107854605,0.10628119999999998,-0.048426595278930645,5
2026-09-10,BALKRISIND,3,1,0.0701853272372139,0.576699435710907,0.19147396,0.1062812,0.035192760876464835,5
2026-09-10,BALKRISIND,11,1,0.0844211751702555,0.34574609994888306,0.26017427,0.1062812,0.10389307444458006,5
2026-09-10,BDL,10,1,0.08966485110851594,0.507246196269989,0.34297705,0.10628119999999998,0.18669584696655278,5
2026-09-10,BDL,11,1,0.09383816776688482,0.48732858896255493,0.033402443,0.1062812,-0.1228787570678711,5
2026-09-10,BERGEPAINT,11,1,0.07233501468602563,0.3194196820259094,-0.12776852,0.10628119999999998,-0.2840497165405273,5
2026-09-10,BHARATFORG,3,1,0.06536814365859127,0.3817959725856781,0.15265942,0.10628119999999998,-0.0036217838012695125,5
2026-09-10,BIOCON,3,1,0.06638808732411365,0.5220962166786194,-0.19105673,0.1062812,-0.3473379283630371,5
2026-09-10,BIOCON,10,1,0.07996320926983919,0.3619658946990967,0.06382465,0.1062812,-0.09245654637451173,5
2026-09-10,BIOCON,11,1,0.08281530691120537,0.3488173186779022,-0.35732388,0.1062812,-0.5136050849639893,5
2026-09-10,BIOCON,13,1,0.06565993040924199,0.3312701880931854,-0.48518777,0.10628119999999998,-0.6414689689361572,5
2026-09-10,BLUESTARCO,38,-1,-0.12378421591168383,0.16669604182243347,-0.9440303,0.10628119999999998,-1.1003114848815918,5
2026-09-10,BPCL,38,-1,-0.12450678929587634,0.16600386798381805,0.28024316,0.1062812,0.12396195834045408,5
2026-09-10,BSE,11,1,0.07016194878171098,0.3613470792770386,-0.12789369,0.10628119999999995,-0.2841748862945556,5
2026-09-10,BSE,38,-1,-0.1252367374731023,0.11490000039339066,0.015288591,0.1062812,-0.1409926086151123,5
2026-09-10,CANBK,10,1,0.07038530321127709,0.556868314743042,0.3903389,0.1062812,0.23405769770507812,5
2026-09-10,CGPOWER,3,1,0.09855546634816859,0.6872735023498535,-0.02732277,0.1062812,-0.18360396916503907,5
2026-09-10,CGPOWER,4,1,0.08467690076855564,0.6181632876396179,-0.082057714,0.1062812,-0.23833891446228028,5
2026-09-10,CGPOWER,10,1,0.06916136442750208,0.42833518981933594,0.10929108,0.10628120000000002,-0.04699012333984377,5
2026-09-10,CGPOWER,11,1,0.09006497529706335,0.41107919812202454,0.3175497,0.10628119999999998,0.16126850550537114,5
2026-09-10,CHOLAFIN,38,-1,-0.08526795714933014,0.27074092626571655,-0.5283952,0.1062812,-0.6846763759338379,5
2026-09-10,COCHINSHIP,3,1,0.07095927396724983,0.8262072801589966,-0.76509714,0.10628119999999998,-0.9213783412658691,5
2026-09-10,COCHINSHIP,4,1,0.07990427360045406,0.7274160385131836,-0.73390603,0.10628119999999998,-0.8901872306549072,5
2026-09-10,COCHINSHIP,10,1,0.08017611024807843,0.5322085618972778,1.0911465,0.1062812,0.9348652691162109,5
2026-09-10,COCHINSHIP,11,1,0.09230906849161243,0.5076112747192383,1.0206699,0.1062812,0.864388737133789,5
2026-09-10,COFORGE,11,1,0.08396911287905705,0.6875782012939453,-0.700593,0.10628120000000002,-0.8568741946899414,5
2026-09-10,COFORGE,13,1,0.07425144258471154,0.6441484093666077,-0.6373286,0.1062812,-0.7936098247253418,5
2026-09-10,COROMANDEL,38,-1,-0.1219913028144371,0.1401790976524353,-0.010251999,0.1062812,-0.1665331989013672,5
2026-09-10,CRISIL,11,1,0.07045064487336151,0.4718795418739319,-0.2045989,0.1062812,-0.36088010365600587,5
2026-09-10,CUMMINSIND,38,-1,-0.0908288045594468,0.12943993508815765,0.81831217,0.10628119999999998,0.6620309681213379,5
2026-09-10,DABUR,38,-1,-0.12592121852558713,0.16309435665607452,0.18584132,0.1062812,0.02956012194519042,5
2026-09-10,DALBHARAT,38,-1,-0.12554584504224353,0.19196228682994843,-0.11382103,0.1062812,-0.27010222966308595,5
2026-09-10,DIVISLAB,3,1,0.0964531116684534,0.724157989025116,0.14297962,0.1062812,-0.013301578112792978,5
2026-09-10,DIVISLAB,4,1,0.07742975819969661,0.6094270944595337,-0.0052928925,0.1062812,-0.1615740924560547,5
2026-09-10,DIVISLAB,11,1,0.06974351306231262,0.3654816150665283,0.3068447,0.10628119999999998,0.15056351130371098,5
2026-09-10,DIXON,11,1,0.06803776888978534,0.40199360251426697,-2.3286283,0.10628119999999998,-2.4849095016204834,5
2026-09-10,DIXON,14,1,0.06701096636937447,0.32564789056777954,-1.6509593,0.10628120000000002,-1.8072404533111572,5
2026-09-10,DLF,10,1,0.06586893018715971,0.33007317781448364,0.038146973,0.1062812,-0.11813422734375001,5
2026-09-10,DMART,38,-1,-0.11990787567234562,0.08139285445213318,0.15218258,0.1062812,-0.004098620959472665,5
2026-09-10,DRREDDY,38,-1,-0.12443852970795466,0.20345714688301086,0.078850985,0.10628119999999998,-0.07743021542663572,5
2026-09-10,ENDURANCE,10,1,0.07221652432928337,0.43744397163391113,0.011098385,0.1062812,-0.14518281514282227,5
2026-09-10,ENDURANCE,11,1,0.09668425153680216,0.4490276277065277,0.5570173,0.1062812,0.40073612635498046,5
2026-09-10,ENDURANCE,13,1,0.06986190051371863,0.4288673400878906,0.18908978,0.10628119999999998,0.03280857508544924,5
2026-09-10,EXIDEIND,11,1,0.07069217653448975,0.5642319917678833,0.58430433,0.1062812,0.4280231327331543,5
2026-09-10,FEDERALBNK,38,-1,-0.12023310869470141,0.13283169269561768,-0.27604103,0.10628119999999998,-0.432322230883789,5
2026-09-10,FLUOROCHEM,10,1,0.07118522628888668,0.6348409056663513,0.07041693,0.10628119999999998,-0.0858642726623535,5
2026-09-10,FLUOROCHEM,11,1,0.07135816604126093,0.6045465469360352,-0.21970272,0.1062812,-0.37598392064208985,5
2026-09-10,FLUOROCHEM,19,1,0.0663631642473669,0.38302081823349,0.049960613,0.1062812,-0.10632058674926759,5
2026-09-10,FLUOROCHEM,38,-1,-0.07835233726506151,0.21857266128063202,0.35029054,0.10628119999999998,0.1940093368804932,5
2026-09-10,FORTIS,11,1,0.07033350750322062,0.32635003328323364,-0.46201944,0.1062812,-0.6183006435119629,5
2026-09-10,FORTIS,13,1,0.07449878894304911,0.33364370465278625,0.154984,0.1062812,-0.0012972026550293059,5
2026-09-10,GAIL,38,-1,-0.12343388594779363,0.1261194497346878,0.49553514,0.1062812,0.33925393526916503,5
2026-09-10,GLAXO,10,1,0.08503417600982925,0.4216034412384033,-0.55416226,0.10628119999999998,-0.7104434638702393,5
2026-09-10,GLAXO,11,1,0.09741463390253277,0.39865896105766296,-0.5518198,0.10628119999999998,-0.7081010013305664,5
2026-09-10,GLENMARK,11,1,0.08011233019148933,0.4017060399055481,0.11142492,0.1062812,-0.044856277056884775,5
2026-09-10,GODFRYPHLP,11,1,0.06760258015690965,0.32989636063575745,0.020122528,0.1062812,-0.13615867192382813,5
2026-09-10,GODREJCP,3,1,0.06633588497270122,0.4723837077617645,-0.04069209,0.1062812,-0.1969732909881592,5
2026-09-10,GODREJIND,3,1,0.06503166431425927,0.6716500520706177,-0.08894205,0.10628119999999998,-0.24522325093383784,5
2026-09-10,GODREJIND,10,1,0.07080903980121973,0.3828020393848419,0.41851997,0.1062812,0.2622387737548828,5
2026-09-10,GODREJIND,11,1,0.06847887414032164,0.3725487291812897,0.40973425,0.1062812,0.2534530491149902,5
2026-09-10,GODREJPROP,38,-1,-0.11826480264630199,0.24507738649845123,0.22516847,0.1062812,0.06888726656799316,5
2026-09-10,HAL,3,1,0.07378914867592119,0.6817242503166199,-0.346148,0.10628119999999998,-0.5024292140686035,5
2026-09-10,HAL,10,1,0.07718801649951663,0.4556630253791809,0.5636096,0.1062812,0.40732840006713866,5
2026-09-10,HAL,11,1,0.08243917669099264,0.42862990498542786,0.5293131,0.1062812,0.3730318874633789,5
2026-09-10,HCLTECH,10,1,0.07647630867937145,0.4956505298614502,0.032949448,0.1062812,-0.12333175236816407,5
2026-09-10,HCLTECH,11,1,0.07584550886535847,0.4699869453907013,0.024735928,0.1062812,-0.1315452724182129,5
2026-09-10,HCLTECH,38,-1,-0.12478505486334276,0.18529897928237915,0.35519004,0.10628120000000002,0.19890883868103026,5
2026-09-10,HDFCAMC,38,-1,-0.12702552948717746,0.20625992119312286,-0.024616718,0.10628119999999998,-0.18089791829223628,5
2026-09-10,HEROMOTOCO,10,1,0.07666528025093972,0.38270121812820435,0.5307913,0.10628120000000002,0.3745100826538086,5
2026-09-10,HEROMOTOCO,11,1,0.08165691551621265,0.36763522028923035,0.5985141,0.1062812,0.4422328800476074,5
2026-09-10,HINDPETRO,11,1,0.07235669611936853,0.3473230302333832,0.14225245,0.10628119999999998,-0.014028754779052716,5
2026-09-10,HINDPETRO,38,-1,-0.12443852970795466,0.18255269527435303,0.26973486,0.10628120000000002,0.11345365946655271,5
2026-09-10,HUDCO,11,1,0.0717378191188134,0.39684760570526123,0.19395351,0.1062812,0.037672314099121085,5
2026-09-10,HUDCO,38,-1,-0.12439238302032292,0.1170889288187027,0.7004142,0.1062812,0.5441329807556152,5
2026-09-10,ICICIBANK,38,-1,-0.079329585775126,0.12882019579410553,0.3101945,0.10628119999999998,0.15391329234008794,5
2026-09-10,ICICIPRULI,10,1,0.06910104098517543,0.3970654606819153,-0.13071895,0.10628119999999998,-0.28700014645690913,5
2026-09-10,ICICIPRULI,11,1,0.08428713244481364,0.3863495886325836,-0.19635558,0.1062812,-0.35263678128356934,5
2026-09-10,IDEA,3,1,0.06559085598169373,1.098191738128662,-0.6464124,0.1062812,-0.8026935725891113,5
2026-09-10,IDEA,4,1,0.08363215368560276,1.0649347305297852,-0.45454502,0.10628119999999998,-0.6108262210571289,5
2026-09-10,IDEA,10,1,0.09694992518370961,0.7215947508811951,-0.6506145,0.10628119999999998,-0.8068957000457764,5
2026-09-10,IDEA,11,1,0.09993962746542982,0.6958032846450806,-0.6523192,0.10628119999999998,-0.8086003928863525,5
2026-09-10,IDEA,13,1,0.07304736604671509,0.6379213333129883,-2.4119914,0.10628119999999998,-2.5682725578033447,5
2026-09-10,IDEA,19,1,0.07543963218075314,0.4004901945590973,-0.4617393,0.10628119999999998,-0.6180205016815186,5
2026-09-10,IDFCFIRSTB,11,1,0.06914132589622989,0.3613565266132355,0.14988184,0.1062812,-0.006399360247802743,5
2026-09-10,INDHOTEL,38,-1,-0.12300608571514647,0.17221906781196594,0.20844936,0.10628120000000002,0.05216816370849607,5
2026-09-10,INDIGO,38,-1,-0.10544806989556982,0.20288090407848358,-0.16230345,0.1062812,-0.3185846477233887,5
2026-09-10,IOC,38,-1,-0.12359776468805232,0.10753154009580612,0.19923449,0.10628119999999998,0.04295328562622072,5
2026-09-10,IPCALAB,11,1,0.07141647978859818,0.3125007152557373,0.36548376,0.1062812,0.20920256083374023,5
2026-09-10,IRCTC,10,1,0.07397926687835223,0.3716276288032532,-0.07433295,0.1062812,-0.23061415249938966,5
2026-09-10,IRCTC,11,1,0.08249634445801547,0.3524238169193268,-0.12750626,0.10628119999999998,-0.2837874561035156,5
2026-09-10,IRFC,10,1,0.06987995111710661,0.4726738929748535,0.12233257,0.1062812,-0.03394862706298829,5
2026-09-10,IRFC,11,1,0.07510576778167993,0.4478311538696289,0.06122589,0.10628119999999998,-0.09505530888671873,5
2026-09-10,ITC,11,1,0.065824456595738,0.2769303321838379,-0.2291739,0.1062812,-0.3854550986968994,5
2026-09-10,JINDALSTEL,10,1,0.06749954997764679,0.3337445557117462,0.18444061,0.10628119999999998,0.02815941279296877,5
2026-09-10,JKCEMENT,10,1,0.06971925648828546,0.3437312841415405,-0.26355982,0.1062812,-0.4198410182678223,5
2026-09-10,JKCEMENT,11,1,0.07169944987845907,0.3268139362335205,-0.25336742,0.10628119999999998,-0.4096486240112304,5
2026-09-10,JSWENERGY,38,-1,-0.12443852970795466,0.11699861288070679,0.16006827,0.1062812,0.0037870735443115144,5
2026-09-10,JSWINFRA,11,1,0.07880666849915442,0.3995110094547272,0.42660236,0.10628119999999998,0.27032116358642583,5
2026-09-10,JSWSTEEL,38,-1,-0.12212148507959991,0.10263577848672867,0.34575462,0.1062812,0.18947342341308593,5
2026-09-10,KALYANKJIL,10,1,0.06684583030821949,0.505626916885376,0.24497509,0.1062812,0.08869389002685545,5
2026-09-10,KEI,10,1,0.0766985877743039,0.4193223714828491,-0.21710992,0.10628119999999998,-0.3733911185943603,5
2026-09-10,KEI,11,1,0.06902360309631954,0.3959214687347412,-0.4991293,0.1062812,-0.6554104953491211,5
2026-09-10,KEI,13,1,0.06972263671640051,0.37716519832611084,-0.2282381,0.10628119999999998,-0.38451930577392573,5
2026-09-10,KPITTECH,11,1,0.07998018317822642,0.5064697861671448,0.06349087,0.10628119999999998,-0.09279033238525389,5
2026-09-10,KPRMILL,10,1,0.06540655173295207,0.4272451102733612,0.27555227,0.10628119999999998,0.11927107279663089,5
2026-09-10,KPRMILL,11,1,0.0686919402836222,0.4107338488101959,-0.053328276,0.10628119999999998,-0.20960947568054195,5
2026-09-10,KPRMILL,38,-1,-0.10457030100695594,0.27647852897644043,0.1239717,0.1062812,-0.03230949933166505,5
2026-09-10,LICHSGFIN,11,1,0.07866936741255734,0.486080527305603,0.85805655,0.1062812,0.7017753452575684,5
2026-09-10,LICHSGFIN,13,1,0.07953620152641554,0.4839962422847748,0.9796858,0.10628119999999998,0.8234045833862305,5
2026-09-10,LICI,11,1,0.07591000181019757,0.2658487856388092,0.07447004,0.1062812,-0.08181115681762696,5
2026-09-10,LINDEINDIA,11,1,0.06741541783910708,0.2821953296661377,-0.08701682,0.1062812,-0.24329802090759278,5
2026-09-10,LODHA,10,1,0.0793607792396518,0.4593052864074707,0.7417083,0.1062812,0.5854270786560059,5
2026-09-10,LODHA,11,1,0.08594994472022259,0.44506552815437317,0.24443865,0.1062812,0.08815744822387693,5
2026-09-10,LODHA,13,1,0.06649592872229745,0.437216579914093,0.27981997,0.1062812,0.1235387653625488,5
2026-09-10,LODHA,19,1,0.08001020373773007,0.36927804350852966,1.16148,0.1062812,1.0051987499511719,5
2026-09-10,LODHA,38,-1,-0.09958003313535589,0.29575759172439575,0.30861497,0.1062812,0.15233376925354003,5
2026-09-10,LT,3,1,0.06569649624684362,0.3399687111377716,-0.025510788,0.10628120000000002,-0.1817919879638672,5
2026-09-10,LTF,10,1,0.06752500261399187,0.35723429918289185,0.6849289,0.1062812,0.5286476940429687,5
2026-09-10,LTF,38,-1,-0.12281428163948757,0.18160800635814667,-0.38871765,0.1062812,-0.5449988513671875,5
2026-09-10,LTTS,11,1,0.07520701235558637,0.4608856737613678,-0.1604557,0.1062812,-0.31673690373535157,5
2026-09-10,LUPIN,38,-1,-0.12380053687212605,0.14387047290802002,-0.7004142,0.10628120000000002,-0.8566953807556152,5
2026-09-10,MARICO,38,-1,-0.12176106792344224,0.08370905369520187,-0.10595322,0.10628119999999998,-0.26223441655273433,5
2026-09-10,MAZDOCK,10,1,0.07824115883946135,0.3590221703052521,0.45651197,0.1062812,0.3002307743347168,5
2026-09-10,MAZDOCK,11,1,0.07876432799310698,0.35360926389694214,0.06273985,0.10628119999999998,-0.09354135090942381,5
2026-09-10,MCX,38,-1,-0.12543090397017628,0.15424557030200958,0.41736364,0.1062812,0.2610824436462402,5
2026-09-10,MEDANTA,3,1,0.08990737469959684,0.7633571028709412,-0.59090257,0.10628119999999998,-0.74718376690979,5
2026-09-10,MEDANTA,4,1,0.07191073242392548,0.6579205393791199,-0.12361407,0.10628119999999998,-0.27989527279968257,5
2026-09-10,MEDANTA,10,1,0.07822611881456942,0.6082391738891602,0.9609461,0.10628119999999998,0.8046648830688476,5
2026-09-10,MEDANTA,11,1,0.06704116772985591,0.6165629029273987,0.5434394,0.10628119999999998,0.38715818827514653,5
2026-09-10,MEDANTA,38,-1,-0.10365845912353865,0.3073727786540985,-0.10950565,0.1062812,-0.26578685338134767,5
2026-09-10,MFSL,11,1,0.06926543165422296,0.383561372756958,0.23287535,0.1062812,0.07659414713745115,5
2026-09-10,MFSL,38,-1,-0.12163460867421429,0.20837312936782837,-0.5085468,0.1062812,-0.6648280292236328,5
2026-09-10,MOTILALOFS,11,1,0.06908629889262446,0.5200629830360413,0.08871555,0.10628119999999998,-0.06756564671630857,5
2026-09-10,MOTILALOFS,38,-1,-0.12403433778299025,0.19278456270694733,0.30536056,0.10628119999999998,0.14907935564880376,5
2026-09-10,MPHASIS,11,1,0.06832069810353063,0.38397476077079773,-0.11660457,0.1062812,-0.2728857665740967,5
2026-09-10,MUTHOOTFIN,11,1,0.06697797852371623,0.3222566545009613,0.25595427,0.10628119999999998,0.09967306559448245,5
2026-09-10,M_AND_M,38,-1,-0.10527082185981805,0.1394832879304886,-0.13422966,0.1062812,-0.2905108600341797,5
2026-09-10,M_AND_MFIN,10,1,0.06498866793899775,0.47462594509124756,0.5539417,0.1062812,0.3976605266845703,5
2026-09-10,M_AND_MFIN,14,1,0.06883887480850406,0.4445146918296814,-0.013828278,0.1062812,-0.17010947758789063,5
2026-09-10,M_AND_MFIN,38,-1,-0.12515807513801744,0.11250872910022736,0.4739344,0.1062812,0.31765321200256347,5
2026-09-10,NAM-INDIA,38,-1,-0.10359032851296686,0.29417139291763306,0.18606782,0.10628119999999998,0.029786619595336933,5
2026-09-10,NATIONALUM,11,1,0.0772045190634787,0.2684271037578583,-0.013202429,0.1062812,-0.16948362881774903,5
2026-09-10,NAUKRI,11,1,0.0665986445701334,0.5382282137870789,-0.20525455,0.1062812,-0.36153575474853517,5
2026-09-10,NAUKRI,38,-1,-0.12446391756988573,0.14455096423625946,0.03954172,0.10628120000000002,-0.11673947865600588,5
2026-09-10,NIACL,10,1,0.07339658108608833,0.5362042784690857,-2.0789266,0.1062812,-2.2352077632629395,5
2026-09-10,NIACL,11,1,0.08653935928909712,0.5289509296417236,-1.7310321,0.1062812,-1.887313333102417,5
2026-09-10,NIACL,13,1,0.07034815571800512,0.5519322156906128,-1.1910617,0.10628119999999998,-1.3473429351531983,5
2026-09-10,NIACL,14,1,0.07285972917985285,0.4883580207824707,-1.2351215,0.1062812,-1.391402688571167,5
2026-09-10,NYKAA,38,-1,-0.12634629796804245,0.15965256094932556,0.17416477,0.10628119999999998,0.017883572033691425,5
2026-09-10,OBEROIRLTY,10,1,0.06699833634621674,0.321820467710495,0.20742416,0.1062812,0.051142963818359366,5
2026-09-10,OBEROIRLTY,11,1,0.06892408274377172,0.31050971150398254,0.0,0.1062812,-0.1562812,5
2026-09-10,OFSS,13,1,0.06875493312208718,0.36365193128585815,-0.059902668,0.1062812,-0.2161838679992676,5
2026-09-10,ONGC,10,1,0.06793517840492977,0.3839006721973419,0.29951334,0.1062812,0.14323213999633788,5
2026-09-10,ONGC,11,1,0.06989233445369245,0.3620733320713043,0.30794144,0.10628119999999998,0.15166023676757817,5
2026-09-10,PAGEIND,38,-1,-0.10215485288715871,0.13987843692302704,0.16918182,0.10628119999999998,0.012900623730468769,5
2026-09-10,PERSISTENT,11,1,0.0670392392766029,0.5341002345085144,-0.27397275,0.10628119999999998,-0.43025394971008296,5
2026-09-10,PERSISTENT,38,-1,-0.10839668863472826,0.27638936042785645,0.38850904,0.1062812,0.23222783511047362,5
2026-09-10,PETRONET,11,1,0.06728720984080958,0.40541374683380127,0.27695894,0.1062812,0.12067774241333006,5
2026-09-10,PETRONET,38,-1,-0.12368676440939984,0.1866360306739807,0.051903725,0.1062812,-0.10437747532958985,5
2026-09-10,PFC,38,-1,-0.08621908528898169,0.23650549352169037,0.14212728,0.10628119999999998,-0.014153924533081036,5
2026-09-10,PHOENIXLTD,10,1,0.07180073460372695,0.4186972677707672,0.2809286,0.10628119999999998,0.12464741175537113,5
2026-09-10,PHOENIXLTD,11,1,0.08718587589959667,0.3996029794216156,0.26524067,0.1062812,0.10895946925048826,5
2026-09-10,PIDILITIND,11,1,0.06919166590578467,0.29215410351753235,-0.45417547,0.10628119999999998,-0.6104566722595215,5
2026-09-10,PIIND,13,1,0.06801836448354959,0.3344496190547943,-0.11823177,0.1062812,-0.27451297337646485,5
2026-09-10,PIIND,38,-1,-0.11971629066141594,0.1878097504377365,-0.12723207,0.10628119999999998,-0.2835132747375488,5
2026-09-10,POLICYBZR,38,-1,-0.11973595332796824,0.1654764860868454,-0.055539608,0.10628119999999998,-0.21182080800170894,5
2026-09-10,POLYCAB,38,-1,-0.08072365942555335,0.1404590606689453,-0.1558423,0.1062812,-0.31212350422973634,5
2026-09-10,POWERINDIA,38,-1,-0.11942249546734765,0.17293952405452728,0.031858683,0.1062812,-0.12442251736755372,5
2026-09-10,PRESTIGE,11,1,0.07086856740784721,0.42627018690109253,0.26937723,0.10628120000000002,0.11309603159790037,5
2026-09-10,PRESTIGE,38,-1,-0.12174529493661944,0.17624200880527496,-0.012981892,0.1062812,-0.1692630916320801,5
2026-09-10,RADICO,10,1,0.06508528757381289,0.4198095202445984,-0.099003315,0.10628120000000002,-0.25528451497192384,5
2026-09-10,RADICO,11,1,0.08128498717173113,0.4167129397392273,0.11281967,0.1062812,-0.043461528369140634,5
2026-09-10,RVNL,10,1,0.07443658615152027,0.5670329332351685,0.0770092,0.1062812,-0.07927199895019532,5
2026-09-10,RVNL,11,1,0.08748949803376112,0.5403428077697754,-0.009632111,0.10628120000000002,-0.16591331059570313,5
2026-09-10,SBICARD,10,1,0.07331353845433454,0.3823348581790924,0.40017366,0.10628119999999998,0.24389246409301762,5
2026-09-10,SBICARD,38,-1,-0.1246210492644477,0.19959944486618042,0.12705326,0.1062812,-0.029227939196777353,5
2026-09-10,SHREECEM,38,-1,-0.10520537399018136,0.15024414658546448,0.24101734,0.1062812,0.08473614161376951,5
2026-09-10,SOLARINDS,3,1,0.06952017263469,0.45014628767967224,0.69710016,0.10628119999999998,0.5408189625061035,5
2026-09-10,SRF,11,1,0.075621636644402,0.3838803172111511,-0.1462996,0.1062812,-0.3025808006011963,5
2026-09-10,SUPREMEIND,38,-1,-0.12207634768190224,0.14150068163871765,0.1938641,0.1062812,0.037582907131958,5
2026-09-10,SUZLON,10,1,0.08196418133104914,0.4060610234737396,0.066661835,0.1062812,-0.08961936528320313,5
2026-09-10,SUZLON,11,1,0.09027236825985903,0.4023887515068054,0.04451275,0.1062812,-0.11176845128173829,5
2026-09-10,TATACOMM,10,1,0.07094635706865376,0.42890942096710205,0.21500587,0.10628119999999998,0.05872467463378908,5
2026-09-10,TATACOMM,11,1,0.07060781382782105,0.4260942041873932,0.3564,0.10628120000000002,0.2001188129699707,5
2026-09-10,TATAELXSI,10,1,0.07384481095754689,0.5430784821510315,0.13184547,0.1062812,-0.024435725756835946,5
2026-09-10,TATAELXSI,11,1,0.08150867793274595,0.5175948143005371,0.09089708,0.10628120000000002,-0.06538411671752932,5
2026-09-10,TATAINVEST,3,1,0.06931858471276142,2.5186479091644287,-3.3338308,0.1062812,-3.4901120334350586,5
2026-09-10,TATAINVEST,10,1,0.07860960786839716,1.9249621629714966,-1.2232423,0.1062812,-1.3795234828674316,5
2026-09-10,TATAINVEST,11,1,0.08409569255910686,1.8625575304031372,-1.3786793,0.10628119999999998,-1.5349604755126953,5
2026-09-10,TATAINVEST,13,1,0.07087073924816241,1.719751238822937,-0.6015241,0.1062812,-0.7578053146087647,5
2026-09-10,TATAINVEST,14,1,0.08156297339033877,1.60747492313385,-0.5172193,0.1062812,-0.6735005050384522,5
2026-09-10,TATAINVEST,19,1,0.07237512108557492,0.9347938895225525,0.62208176,0.10628119999999998,0.4658005565917969,5
2026-09-10,TATAPOWER,38,-1,-0.1003506880201562,0.12948118150234222,0.12272,0.1062812,-0.03356119687194825,5
2026-09-10,TCS,11,1,0.06501986162901013,0.42662447690963745,-0.03168583,0.10628119999999998,-0.1879670291625976,5
2026-09-10,TCS,38,-1,-0.12270171121594788,0.1788146048784256,-0.06839037,0.10628119999999998,-0.22467156941528316,5
2026-09-10,TECHM,11,1,0.06768810144128228,0.5344265103340149,-0.12472272,0.10628119999999998,-0.28100391919250484,5
2026-09-10,TECHM,13,1,0.06502680662925782,0.5020376443862915,0.47414303,0.1062812,0.31786182825927733,5
2026-09-10,TECHM,14,1,0.07051850325353466,0.46016019582748413,0.42904615,0.1062812,0.2727649540222168,5
2026-09-10,TIINDIA,10,1,0.07046241494525186,0.44460925459861755,0.50764084,0.1062812,0.35135963862304687,5
2026-09-10,TIINDIA,11,1,0.0732523647652845,0.41682377457618713,0.4962325,0.1062812,0.3399513096130371,5
2026-09-10,TIINDIA,38,-1,-0.12392016802836019,0.12458237260580063,0.1619935,0.10628119999999998,0.005712303570556659,5
2026-09-10,TMCV,10,1,0.07624022400621801,0.3879060745239258,0.2624035,0.1062812,0.10612228815917966,5
2026-09-10,TMCV,11,1,0.08437161368329724,0.37265145778656006,0.09123087,0.1062812,-0.06505033070678712,5
2026-09-10,TORNTPOWER,3,1,0.06831795616493802,0.7857156991958618,-0.038582087,0.10628119999999998,-0.1948632865631103,5
2026-09-10,UNIONBANK,11,1,0.07077590644210893,0.3688356578350067,-0.04387498,0.1062812,-0.20015617901916505,5
2026-09-10,UNIONBANK,38,-1,-0.12245383171626452,0.16485394537448883,0.5921364,0.1062812,0.4358551830566406,5
2026-09-10,UNOMINDA,10,1,0.06640246922444076,0.3794684410095215,-0.032669306,0.10628119999999998,-0.18895050580139156,5
2026-09-10,UNOMINDA,11,1,0.0674469148902026,0.362140953540802,0.17164946,0.1062812,0.015368256024169913,5
2026-09-10,VBL,10,1,0.06702831231895173,0.6127200722694397,0.19533634,0.10628119999999998,0.039055141857910175,5
2026-09-10,VBL,11,1,0.07132287990537522,0.5879718661308289,-0.30506253,0.10628119999999998,-0.4613437324249267,5
2026-09-10,VOLTAS,11,1,0.06710222154364559,0.36143171787261963,0.28914213,0.10628119999999998,0.13286093180541997,5
2026-09-10,VOLTAS,38,-1,-0.12812075732247916,0.1223607063293457,-0.7304311,0.1062812,-0.886712279864502,5
2026-09-10,WIPRO,11,1,0.06956014422059383,0.3912181556224823,-0.0718534,0.1062812,-0.2281345992767334,5
